LocationDescription2,PromptName1,TransactionID,TransactionLineIPCode,ProductDate,ProductHeaderCode,Textbox2,CustomerAge,ProductHeaderCode2,ProductHeaderCode3,ProductHeaderDescription,Medication,FoodAllergy,DrugAllergy,SpecialCondition,PrimaryEmergencyContact,PrimaryEmergencyPhone,Textbox10,PromptData1,TotalPrice,LocationDescription3,Textbox152,Textbox153
PM: Aspenware,Ability Level,244609202,87160246,1/7/2027,Brennan,Luke,4,bbrennan207@gmail.com,12075225850,PM | Ski | Children's Seasonal Program | 26/27 | 2-5yrs | Thursday | Session 1,NONE,NONE,NONE,NONE,Ben Brennan,12075225850,1.00,Level 1,$389.00,PM: Aspenware,"$296,659.00","$326,203.00"
PM: Aspenware,Lesson Comment,244609202,87160246,1/7/2027,Brennan,Luke,4,bbrennan207@gmail.com,12075225850,PM | Ski | Children's Seasonal Program | 26/27 | 2-5yrs | Thursday | Session 1,NONE,NONE,NONE,NONE,Ben Brennan,12075225850,1.00,,$389.00,PM: Aspenware,"$296,659.00","$326,203.00"
PM: Aspenware,Ability Level,243913787,86916287,1/7/2027,Doyle,Max,3,elyseschwarzberg@gmail.com,8636982743,PM | Ski | Children's Seasonal Program | 26/27 | 2-5yrs | Thursday | Session 1,NONE,NONE,NONE,NONE,Elyse Schwarzberg,8636982743,1.00,Level 2,$339.00,PM: Aspenware,"$296,659.00","$326,203.00"
PM: Aspenware,Lesson Comment,243913787,86916287,1/7/2027,Doyle,Max,3,elyseschwarzberg@gmail.com,8636982743,PM | Ski | Children's Seasonal Program | 26/27 | 2-5yrs | Thursday | Session 1,NONE,NONE,NONE,NONE,Elyse Schwarzberg,8636982743,1.00,,$339.00,PM: Aspenware,"$296,659.00","$326,203.00"
PM: Aspenware,Ability Level,243895931,85760979,1/7/2027,Pump,James,4,Alexandrea.burns@gmail.com,9782108946,PM | Ski | Children's Seasonal Program | 26/27 | 2-5yrs | Thursday | Session 1,NONE,NONE,NONE,NONE,Alexandrea Burns,9782108946,1.00,Level 1,$339.00,PM: Aspenware,"$296,659.00","$326,203.00"
PM: Aspenware,Lesson Comment,243895931,85760979,1/7/2027,Pump,James,4,Alexandrea.burns@gmail.com,9782108946,PM | Ski | Children's Seasonal Program | 26/27 | 2-5yrs | Thursday | Session 1,NONE,NONE,NONE,NONE,Alexandrea Burns,9782108946,1.00,,$339.00,PM: Aspenware,"$296,659.00","$326,203.00"
PM: Aspenware,Ability Level,243895931,85760980,1/7/2027,Pump,Thomas,4,Alexandrea.burns@gmail.com,9782108946,PM | Ski | Children's Seasonal Program | 26/27 | 2-5yrs | Thursday | Session 1,NONE,NONE,NONE,NONE,Alexandrea Burns,9782108946,1.00,Level 1,$339.00,PM: Aspenware,"$296,659.00","$326,203.00"
PM: Aspenware,Lesson Comment,243895931,85760980,1/7/2027,Pump,Thomas,4,Alexandrea.burns@gmail.com,9782108946,PM | Ski | Children's Seasonal Program | 26/27 | 2-5yrs | Thursday | Session 1,NONE,NONE,NONE,NONE,Alexandrea Burns,9782108946,1.00,,$339.00,PM: Aspenware,"$296,659.00","$326,203.00"
PM: Aspenware,Ability Level,243668956,86190370,1/8/2027,Mccarthy,Lettie,3,obrionje@gmail.com,,PM | Ski | Children's Seasonal Program | 26/27 | 2-5yrs | Friday | Session 1,NONE,NONE,NONE,NONE,JENNIFER MCCARTHY,(207) 310-8314,1.00,Level 1,$339.00,PM: Aspenware,"$296,659.00","$326,203.00"
PM: Aspenware,Lesson Comment,243668956,86190370,1/8/2027,Mccarthy,Lettie,3,obrionje@gmail.com,,PM | Ski | Children's Seasonal Program | 26/27 | 2-5yrs | Friday | Session 1,NONE,NONE,NONE,NONE,JENNIFER MCCARTHY,(207) 310-8314,1.00,,$339.00,PM: Aspenware,"$296,659.00","$326,203.00"
PM: Aspenware,Ability Level,243668956,86190367,1/8/2027,Mccarthy,Sloane,5,obrionje@gmail.com,,PM | Ski | Children's Seasonal Program | 26/27 | 4-6yrs | Friday | Session 1,NONE,NONE,NONE,NONE,JENNIFER MCCARTHY,(207) 310-8314,1.00,Level 3,$339.00,PM: Aspenware,"$296,659.00","$326,203.00"
PM: Aspenware,Lesson Comment,243668956,86190367,1/8/2027,Mccarthy,Sloane,5,obrionje@gmail.com,,PM | Ski | Children's Seasonal Program | 26/27 | 4-6yrs | Friday | Session 1,NONE,NONE,NONE,NONE,JENNIFER MCCARTHY,(207) 310-8314,1.00,,$339.00,PM: Aspenware,"$296,659.00","$326,203.00"
PM: Aspenware,Ability Level,244416746,87062066,1/8/2027,Naylor,Henry,4,Eshaughnessy@gmail.com,9782101557,PM | Ski | Children's Seasonal Program | 26/27 | 4-6yrs | Friday | Session 1,NONE,NONE,NONE,NONE,Elizabeth Naylor,207906970,1.00,Level 2,$389.00,PM: Aspenware,"$296,659.00","$326,203.00"
PM: Aspenware,Lesson Comment,244416746,87062066,1/8/2027,Naylor,Henry,4,Eshaughnessy@gmail.com,9782101557,PM | Ski | Children's Seasonal Program | 26/27 | 4-6yrs | Friday | Session 1,NONE,NONE,NONE,NONE,Elizabeth Naylor,207906970,1.00,,$389.00,PM: Aspenware,"$296,659.00","$326,203.00"
PM: Aspenware,Ability Level,243665255,85742922,1/8/2027,Finley,Sloane,3,finleyrp@gmail.com,2076492132,PM | Ski | Children's Seasonal Program | 26/27 | 2-5yrs | Friday | Session 1,NONE,NONE,NONE,NONE,Raymond Finley,2076492132,1.00,Level 1,$339.00,PM: Aspenware,"$296,659.00","$326,203.00"
PM: Aspenware,Lesson Comment,243665255,85742922,1/8/2027,Finley,Sloane,3,finleyrp@gmail.com,2076492132,PM | Ski | Children's Seasonal Program | 26/27 | 2-5yrs | Friday | Session 1,NONE,NONE,NONE,NONE,Raymond Finley,2076492132,1.00,,$339.00,PM: Aspenware,"$296,659.00","$326,203.00"
PM: Aspenware,Ability Level,244445050,85650918,1/8/2027,Chapin,Ryker,3,tchapin83@gmail.com,9786186373,PM | SB | Children's Seasonal Program | 26/27 | 2-5yrs | Friday | Session 1,NONE,NONE,NONE,NONE,Thomasine Chapin,9786186373,1.00,Level 1,$389.00,PM: Aspenware,"$296,659.00","$326,203.00"
PM: Aspenware,Lesson Comment,244445050,85650918,1/8/2027,Chapin,Ryker,3,tchapin83@gmail.com,9786186373,PM | SB | Children's Seasonal Program | 26/27 | 2-5yrs | Friday | Session 1,NONE,NONE,NONE,NONE,Thomasine Chapin,9786186373,1.00,,$389.00,PM: Aspenware,"$296,659.00","$326,203.00"
PM: Aspenware,Ability Level,244207312,87024590,1/8/2027,Leach,Blair,3,krystileach4@gmail.com,2073187594,PM | Ski | Children's Seasonal Program | 26/27 | 2-5yrs | Friday | Session 1,NONE,NONE,NONE,NONE,Meagan Leach,+1 (508) 517-7622,1.00,Level 1,$339.00,PM: Aspenware,"$296,659.00","$326,203.00"
PM: Aspenware,Lesson Comment,244207312,87024590,1/8/2027,Leach,Blair,3,krystileach4@gmail.com,2073187594,PM | Ski | Children's Seasonal Program | 26/27 | 2-5yrs | Friday | Session 1,NONE,NONE,NONE,NONE,Meagan Leach,+1 (508) 517-7622,1.00,,$339.00,PM: Aspenware,"$296,659.00","$326,203.00"
PM: Aspenware,Ability Level,244641048,85867704,1/8/2027,Dyer,Declan,3,caitlyn.butterfield@gmail.com,2073186166,PM | Ski | Children's Seasonal Program | 26/27 | 2-5yrs | Friday | Session 1,NONE,NONE,NONE,NONE,Caitlyn Dyer,2073186166,1.00,Level 3,$389.00,PM: Aspenware,"$296,659.00","$326,203.00"
PM: Aspenware,Lesson Comment,244641048,85867704,1/8/2027,Dyer,Declan,3,caitlyn.butterfield@gmail.com,2073186166,PM | Ski | Children's Seasonal Program | 26/27 | 2-5yrs | Friday | Session 1,NONE,NONE,NONE,NONE,Caitlyn Dyer,2073186166,1.00,,$389.00,PM: Aspenware,"$296,659.00","$326,203.00"
PM: Aspenware,Ability Level,244249209,85815790,1/8/2027,Richio,Nyla,3,andreashane428@gmail.com,2074201022,PM | Ski | Children's Seasonal Program | 26/27 | 2-5yrs | Friday | Session 1,NONE,"Egg, peanut",NONE,NONE,Andrea Shane,2074201022,1.00,Level 1,$339.00,PM: Aspenware,"$296,659.00","$326,203.00"
PM: Aspenware,Lesson Comment,244249209,85815790,1/8/2027,Richio,Nyla,3,andreashane428@gmail.com,2074201022,PM | Ski | Children's Seasonal Program | 26/27 | 2-5yrs | Friday | Session 1,NONE,"Egg, peanut",NONE,NONE,Andrea Shane,2074201022,1.00,,$339.00,PM: Aspenware,"$296,659.00","$326,203.00"
PM: Aspenware,Ability Level,244259292,81753130,1/9/2027,Schulte,Grace,7,jillhschulte@gmail.com,2074088376,PM | Ski | Children's Seasonal Program | 26/27 | Saturday | 7-12yrs | 1pm,NONE,NONE,NONE,NONE,JILL SCHULTE,2074088376,1.00,Level 2,$719.00,PM: Aspenware,"$296,659.00","$326,203.00"
PM: Aspenware,Lesson Comment,244259292,81753130,1/9/2027,Schulte,Grace,7,jillhschulte@gmail.com,2074088376,PM | Ski | Children's Seasonal Program | 26/27 | Saturday | 7-12yrs | 1pm,NONE,NONE,NONE,NONE,JILL SCHULTE,2074088376,1.00,,$719.00,PM: Aspenware,"$296,659.00","$326,203.00"
PM: Aspenware,Ability Level,244741643,82365350,1/9/2027,McGrath,Miller,6,boyd.heather@gmail.com,3074135954,PM | Ski | Children's Seasonal Program | 26/27 | Saturday | 4-6yrs | 1pm,"Auvi Q, Benadryl for food allergies","Cashews, pecans, pistachios, walnut, sesame seeds/oil, sunflower seeds, egg",NONE,NONE,HEATHER BOYD,3074135954,1.00,Level 3,$779.00,PM: Aspenware,"$296,659.00","$326,203.00"
PM: Aspenware,Lesson Comment,244741643,82365350,1/9/2027,McGrath,Miller,6,boyd.heather@gmail.com,3074135954,PM | Ski | Children's Seasonal Program | 26/27 | Saturday | 4-6yrs | 1pm,"Auvi Q, Benadryl for food allergies","Cashews, pecans, pistachios, walnut, sesame seeds/oil, sunflower seeds, egg",NONE,NONE,HEATHER BOYD,3074135954,1.00,,$779.00,PM: Aspenware,"$296,659.00","$326,203.00"
PM: Aspenware,Ability Level,244720903,84288276,1/9/2027,Weathers,Remus,6,riley.weathers@hotmail.com,4254876730,PM | Ski | Children's Seasonal Program | 26/27 | Saturday | 4-6yrs | 10am,NONE,NONE,NONE,NONE,Riley Weathers,4254876730,1.00,Level 3,$779.00,PM: Aspenware,"$296,659.00","$326,203.00"
PM: Aspenware,Lesson Comment,244720903,84288276,1/9/2027,Weathers,Remus,6,riley.weathers@hotmail.com,4254876730,PM | Ski | Children's Seasonal Program | 26/27 | Saturday | 4-6yrs | 10am,NONE,NONE,NONE,NONE,Riley Weathers,4254876730,1.00,,$779.00,PM: Aspenware,"$296,659.00","$326,203.00"
PM: Aspenware,Ability Level,243519979,86911451,1/9/2027,Levasseur,Ledgy,4,brittanymaricia@gmail.com,2078386992,PM | Ski | Children's Seasonal Program | 26/27 | Saturday | 4-6yrs | 10am,NONE,NONE,NONE,NONE,Brittany White,2078386992,1.00,Level 1,$719.00,PM: Aspenware,"$296,659.00","$326,203.00"
PM: Aspenware,Lesson Comment,243519979,86911451,1/9/2027,Levasseur,Ledgy,4,brittanymaricia@gmail.com,2078386992,PM | Ski | Children's Seasonal Program | 26/27 | Saturday | 4-6yrs | 10am,NONE,NONE,NONE,NONE,Brittany White,2078386992,1.00,,$719.00,PM: Aspenware,"$296,659.00","$326,203.00"
PM: Aspenware,Ability Level,243519979,83880200,1/9/2027,Levasseur,Isla,7,brittanymaricia@gmail.com,2078386992,PM | Ski | Children's Seasonal Program | 26/27 | Saturday | 7-12yrs | 10am,NONE,NONE,NONE,NONE,Brittany Levasseur,2078386992,1.00,Level 5,$719.00,PM: Aspenware,"$296,659.00","$326,203.00"
PM: Aspenware,Lesson Comment,243519979,83880200,1/9/2027,Levasseur,Isla,7,brittanymaricia@gmail.com,2078386992,PM | Ski | Children's Seasonal Program | 26/27 | Saturday | 7-12yrs | 10am,NONE,NONE,NONE,NONE,Brittany Levasseur,2078386992,1.00,,$719.00,PM: Aspenware,"$296,659.00","$326,203.00"
PM: Aspenware,Ability Level,244267082,80497214,1/9/2027,Ranta,Jackson,6,ranta.brian@gmail.com,9788570585,PM | Ski | Children's Seasonal Program | 26/27 | Saturday | 4-6yrs | Full Day,NONE,NONE,NONE,NONE,Brian Ranta,9788570585,1.00,Level 5,$999.00,PM: Aspenware,"$296,659.00","$326,203.00"
PM: Aspenware,Lesson Comment,244267082,80497214,1/9/2027,Ranta,Jackson,6,ranta.brian@gmail.com,9788570585,PM | Ski | Children's Seasonal Program | 26/27 | Saturday | 4-6yrs | Full Day,NONE,NONE,NONE,NONE,Brian Ranta,9788570585,1.00,,$999.00,PM: Aspenware,"$296,659.00","$326,203.00"
PM: Aspenware,Ability Level,243904109,81181407,1/9/2027,Ho,Oliver,8,christinebercume@yahoo.com,5089637733,PM | Ski | Children's Seasonal Program | 26/27 | Saturday | 7-12yrs | Full Day,Albuterol Inhaler as needed,NONE,NONE,"Oliver has viral induced asthma.  Sometimes when getting over a cold, we may choose to give him albuterol.  If he starts coughing when skiing, please call us so we can give him more medication.",Christine Ho,5089637733,1.00,Level 5,$959.00,PM: Aspenware,"$296,659.00","$326,203.00"
PM: Aspenware,Lesson Comment,243904109,81181407,1/9/2027,Ho,Oliver,8,christinebercume@yahoo.com,5089637733,PM | Ski | Children's Seasonal Program | 26/27 | Saturday | 7-12yrs | Full Day,Albuterol Inhaler as needed,NONE,NONE,"Oliver has viral induced asthma.  Sometimes when getting over a cold, we may choose to give him albuterol.  If he starts coughing when skiing, please call us so we can give him more medication.",Christine Ho,5089637733,1.00,,$959.00,PM: Aspenware,"$296,659.00","$326,203.00"
PM: Aspenware,Ability Level,244100420,83311848,1/9/2027,Collier,Brooks,4,brianrcollier@gmail.com,8603773860,PM | Ski | Children's Seasonal Program | 26/27 | Saturday | 4-6yrs | Full Day,NONE,NONE,NONE,NONE,Brian Collier,8603773860,1.00,Level 4,$959.00,PM: Aspenware,"$296,659.00","$326,203.00"
PM: Aspenware,Lesson Comment,244100420,83311848,1/9/2027,Collier,Brooks,4,brianrcollier@gmail.com,8603773860,PM | Ski | Children's Seasonal Program | 26/27 | Saturday | 4-6yrs | Full Day,NONE,NONE,NONE,NONE,Brian Collier,8603773860,1.00,,$959.00,PM: Aspenware,"$296,659.00","$326,203.00"
PM: Aspenware,Ability Level,243644685,84477239,1/9/2027,Shapiro,Ruth,6,pauldshapiro@gmail.com,2077761370,PM | Ski | Children's Seasonal Program | 26/27 | Saturday | 4-6yrs | Full Day,Has an Epi-Pen which will be with her on the mountain.,"Garlic, Egg, Milk, Cashews, Pistachio, Walnut",NONE,NONE,Paul Shapiro,207-776-1370,1.00,Level 1,$959.00,PM: Aspenware,"$296,659.00","$326,203.00"
PM: Aspenware,Lesson Comment,243644685,84477239,1/9/2027,Shapiro,Ruth,6,pauldshapiro@gmail.com,2077761370,PM | Ski | Children's Seasonal Program | 26/27 | Saturday | 4-6yrs | Full Day,Has an Epi-Pen which will be with her on the mountain.,"Garlic, Egg, Milk, Cashews, Pistachio, Walnut",NONE,NONE,Paul Shapiro,207-776-1370,1.00,,$959.00,PM: Aspenware,"$296,659.00","$326,203.00"
PM: Aspenware,Ability Level,243520541,79109357,1/9/2027,McCluskey,Nash,9,mccluskey.jason@gmail.com,2072130777,PM | Ski | Children's Seasonal Program | 26/27 | Saturday | 7-12yrs | 10am,NONE,NONE,NONE,NONE,Jason McCluskey,12072130777,1.00,Level 7,$719.00,PM: Aspenware,"$296,659.00","$326,203.00"
PM: Aspenware,Lesson Comment,243520541,79109357,1/9/2027,McCluskey,Nash,9,mccluskey.jason@gmail.com,2072130777,PM | Ski | Children's Seasonal Program | 26/27 | Saturday | 7-12yrs | 10am,NONE,NONE,NONE,NONE,Jason McCluskey,12072130777,1.00,,$719.00,PM: Aspenware,"$296,659.00","$326,203.00"
PM: Aspenware,Ability Level,243864261,83807378,1/9/2027,Szeniawski,Simon,5,charles.szeniawski@gmail.com,12072511502,PM | Ski | Children's Seasonal Program | 26/27 | Saturday | 4-6yrs | Full Day,NONE,NONE,NONE,NONE,Charles Szeniawski,12072511502,1.00,Level 6,$959.00,PM: Aspenware,"$296,659.00","$326,203.00"
PM: Aspenware,Lesson Comment,243864261,83807378,1/9/2027,Szeniawski,Simon,5,charles.szeniawski@gmail.com,12072511502,PM | Ski | Children's Seasonal Program | 26/27 | Saturday | 4-6yrs | Full Day,NONE,NONE,NONE,NONE,Charles Szeniawski,12072511502,1.00,,$959.00,PM: Aspenware,"$296,659.00","$326,203.00"
PM: Aspenware,Ability Level,243864261,83432932,1/9/2027,Szeniawski,Alice,7,charles.szeniawski@gmail.com,12072511502,PM | Ski | Children's Seasonal Program | 26/27 | Saturday | 7-12yrs | Full Day,NONE,NONE,NONE,NONE,Charles Szeniawski,12072511502,1.00,Level 6,$959.00,PM: Aspenware,"$296,659.00","$326,203.00"
PM: Aspenware,Lesson Comment,243864261,83432932,1/9/2027,Szeniawski,Alice,7,charles.szeniawski@gmail.com,12072511502,PM | Ski | Children's Seasonal Program | 26/27 | Saturday | 7-12yrs | Full Day,NONE,NONE,NONE,NONE,Charles Szeniawski,12072511502,1.00,,$959.00,PM: Aspenware,"$296,659.00","$326,203.00"
PM: Aspenware,Ability Level,244233433,85507961,1/9/2027,Skillings,Andrew,13,jrskilli@gmail.com,2079395402,PM | Ski | Children's Seasonal Program | 26/27 | Saturday | 11-13yrs | 9am,NONE,Tree Nuts,NONE,NONE,Jennifer A Steele,2072284735,1.00,Level 6,$799.00,PM: Aspenware,"$296,659.00","$326,203.00"
PM: Aspenware,Lesson Comment,244233433,85507961,1/9/2027,Skillings,Andrew,13,jrskilli@gmail.com,2079395402,PM | Ski | Children's Seasonal Program | 26/27 | Saturday | 11-13yrs | 9am,NONE,Tree Nuts,NONE,NONE,Jennifer A Steele,2072284735,1.00,,$799.00,PM: Aspenware,"$296,659.00","$326,203.00"
PM: Aspenware,Ability Level,243889106,79943053,1/9/2027,Knouse,Greta,8,thad.knouse@gmail.com,6462424560,PM | Ski | Children's Seasonal Program | 26/27 | Saturday | 7-12yrs | 1pm,NONE,Vegetarian,NONE,NONE,Thaddeus Knouse,646 242 4560,1.00,Level 5,$719.00,PM: Aspenware,"$296,659.00","$326,203.00"
PM: Aspenware,Lesson Comment,243889106,79943053,1/9/2027,Knouse,Greta,8,thad.knouse@gmail.com,6462424560,PM | Ski | Children's Seasonal Program | 26/27 | Saturday | 7-12yrs | 1pm,NONE,Vegetarian,NONE,NONE,Thaddeus Knouse,646 242 4560,1.00,,$719.00,PM: Aspenware,"$296,659.00","$326,203.00"
PM: Aspenware,Ability Level,243875445,85269689,1/9/2027,Plante,Luca,5,kris.g.plante@gmail.com,4016786053,PM | Ski | Children's Seasonal Program | 26/27 | Saturday | 4-6yrs | 10am,NONE,NONE,NONE,NONE,Kristopher Plante,4016786053,1.00,Level 1,$719.00,PM: Aspenware,"$296,659.00","$326,203.00"
PM: Aspenware,Lesson Comment,243875445,85269689,1/9/2027,Plante,Luca,5,kris.g.plante@gmail.com,4016786053,PM | Ski | Children's Seasonal Program | 26/27 | Saturday | 4-6yrs | 10am,NONE,NONE,NONE,NONE,Kristopher Plante,4016786053,1.00,,$719.00,PM: Aspenware,"$296,659.00","$326,203.00"
PM: Aspenware,Ability Level,244303909,83450545,1/9/2027,Waite,Sylvie,7,alexwaite13@gmail.com,2073930330,PM | Ski | Children's Seasonal Program | 26/27 | Saturday | 7-12yrs | 10am,NONE,NONE,NONE,NONE,Alexander Waite,12073930330,1.00,Level 3,$779.00,PM: Aspenware,"$296,659.00","$326,203.00"
PM: Aspenware,Lesson Comment,244303909,83450545,1/9/2027,Waite,Sylvie,7,alexwaite13@gmail.com,2073930330,PM | Ski | Children's Seasonal Program | 26/27 | Saturday | 7-12yrs | 10am,NONE,NONE,NONE,NONE,Alexander Waite,12073930330,1.00,,$779.00,PM: Aspenware,"$296,659.00","$326,203.00"
PM: Aspenware,Ability Level,244303909,87030032,1/9/2027,Waite,Isla,5,alexwaite13@gmail.com,2073930330,PM | Ski | Children's Seasonal Program | 26/27 | Saturday | 4-6yrs | 10am,EpiPen,Cashews and Pistachios,NONE,NONE,Alexander Waite,2073930330,1.00,Level 3,$779.00,PM: Aspenware,"$296,659.00","$326,203.00"
PM: Aspenware,Lesson Comment,244303909,87030032,1/9/2027,Waite,Isla,5,alexwaite13@gmail.com,2073930330,PM | Ski | Children's Seasonal Program | 26/27 | Saturday | 4-6yrs | 10am,EpiPen,Cashews and Pistachios,NONE,NONE,Alexander Waite,2073930330,1.00,,$779.00,PM: Aspenware,"$296,659.00","$326,203.00"
PM: Aspenware,Ability Level,243518847,85093668,1/9/2027,Ferreira,Connor,4,christinacange@gmail.com,2072516400,PM | Ski | Children's Seasonal Program | 26/27 | Saturday | 4-6yrs | 10am,NONE,NONE,NONE,NONE,Christina Cange,2077302793,1.00,Level 1,$719.00,PM: Aspenware,"$296,659.00","$326,203.00"
PM: Aspenware,Lesson Comment,243518847,85093668,1/9/2027,Ferreira,Connor,4,christinacange@gmail.com,2072516400,PM | Ski | Children's Seasonal Program | 26/27 | Saturday | 4-6yrs | 10am,NONE,NONE,NONE,NONE,Christina Cange,2077302793,1.00,,$719.00,PM: Aspenware,"$296,659.00","$326,203.00"
PM: Aspenware,Ability Level,243518847,83880792,1/9/2027,Ferreira,Ellie,7,christinacange@gmail.com,2072516400,PM | Ski | Children's Seasonal Program | 26/27 | Saturday | 7-12yrs | 10am,NONE,NONE,NONE,NONE,Christina Cange,2077302793,1.00,Level 4,$719.00,PM: Aspenware,"$296,659.00","$326,203.00"
PM: Aspenware,Lesson Comment,243518847,83880792,1/9/2027,Ferreira,Ellie,7,christinacange@gmail.com,2072516400,PM | Ski | Children's Seasonal Program | 26/27 | Saturday | 7-12yrs | 10am,NONE,NONE,NONE,NONE,Christina Cange,2077302793,1.00,,$719.00,PM: Aspenware,"$296,659.00","$326,203.00"
PM: Aspenware,Ability Level,244637184,84073001,1/9/2027,Walter,Rosemary,4,scallicutt@gmail.com,16787736353,PM | Ski | Children's Seasonal Program | 26/27 | Saturday | 4-6yrs | 1pm,NONE,NONE,NONE,NONE,Sarah Walter,6787736353,1.00,Level 3,$779.00,PM: Aspenware,"$296,659.00","$326,203.00"
PM: Aspenware,Lesson Comment,244637184,84073001,1/9/2027,Walter,Rosemary,4,scallicutt@gmail.com,16787736353,PM | Ski | Children's Seasonal Program | 26/27 | Saturday | 4-6yrs | 1pm,NONE,NONE,NONE,NONE,Sarah Walter,6787736353,1.00,,$779.00,PM: Aspenware,"$296,659.00","$326,203.00"
PM: Aspenware,Ability Level,243625548,86935981,1/9/2027,Greenwald,Nell,8,sarahhstorms@gmail.com,6462832086,PM | Ski | Children's Seasonal Program | 26/27 | Saturday | 7-12yrs | 10am,NONE,NONE,NONE,NONE,Sarah Greenwald,6462832086,1.00,Level 4,$719.00,PM: Aspenware,"$296,659.00","$326,203.00"
PM: Aspenware,Lesson Comment,243625548,86935981,1/9/2027,Greenwald,Nell,8,sarahhstorms@gmail.com,6462832086,PM | Ski | Children's Seasonal Program | 26/27 | Saturday | 7-12yrs | 10am,NONE,NONE,NONE,NONE,Sarah Greenwald,6462832086,1.00,,$719.00,PM: Aspenware,"$296,659.00","$326,203.00"
PM: Aspenware,Ability Level,244266748,82598602,1/9/2027,Randi,Jane,5,ashley.lauren.hines@gmail.com,3153232473,PM | Ski | Children's Seasonal Program | 26/27 | Saturday | 4-6yrs | 10am,NONE,NONE,NONE,NONE,Ashley Randi,9787907058,1.00,Level 5,$779.00,PM: Aspenware,"$296,659.00","$326,203.00"
PM: Aspenware,Lesson Comment,244266748,82598602,1/9/2027,Randi,Jane,5,ashley.lauren.hines@gmail.com,3153232473,PM | Ski | Children's Seasonal Program | 26/27 | Saturday | 4-6yrs | 10am,NONE,NONE,NONE,NONE,Ashley Randi,9787907058,1.00,,$779.00,PM: Aspenware,"$296,659.00","$326,203.00"
PM: Aspenware,Ability Level,244397236,84704195,1/9/2027,Profenno,Luca,5,jkd429@gmail.com,2077519710,PM | SB | Children's Seasonal Program | 26/27 | Saturday | 4-6yrs | 10am,NONE,NONE,NONE,NONE,Jessica Profenno,207-751-9710,1.00,Level 2,$779.00,PM: Aspenware,"$296,659.00","$326,203.00"
PM: Aspenware,Lesson Comment,244397236,84704195,1/9/2027,Profenno,Luca,5,jkd429@gmail.com,2077519710,PM | SB | Children's Seasonal Program | 26/27 | Saturday | 4-6yrs | 10am,NONE,NONE,NONE,NONE,Jessica Profenno,207-751-9710,1.00,,$779.00,PM: Aspenware,"$296,659.00","$326,203.00"
PM: Aspenware,Ability Level,243704012,80684904,1/9/2027,Petrozzini,Adeline,9,mzini5@gmail.com,17735043631,PM | Ski | Children's Seasonal Program | 26/27 | Saturday | 7-12yrs | Full Day,NONE,NONE,NONE,NONE,Michael Petrozzini,17735043631,1.00,Level 6,$959.00,PM: Aspenware,"$296,659.00","$326,203.00"
PM: Aspenware,Lesson Comment,243704012,80684904,1/9/2027,Petrozzini,Adeline,9,mzini5@gmail.com,17735043631,PM | Ski | Children's Seasonal Program | 26/27 | Saturday | 7-12yrs | Full Day,NONE,NONE,NONE,NONE,Michael Petrozzini,17735043631,1.00,,$959.00,PM: Aspenware,"$296,659.00","$326,203.00"
PM: Aspenware,Ability Level,243518416,84970731,1/9/2027,Kern,Cameron,4,benjamin.d.kern@pwc.com,5189281553,PM | Ski | Children's Seasonal Program | 26/27 | Saturday | 4-6yrs | Full Day,NONE,NONE,NONE,NONE,Benjamin Kern,5189281553,1.00,Level 1,$959.00,PM: Aspenware,"$296,659.00","$326,203.00"
PM: Aspenware,Lesson Comment,243518416,84970731,1/9/2027,Kern,Cameron,4,benjamin.d.kern@pwc.com,5189281553,PM | Ski | Children's Seasonal Program | 26/27 | Saturday | 4-6yrs | Full Day,NONE,NONE,NONE,NONE,Benjamin Kern,5189281553,1.00,,$959.00,PM: Aspenware,"$296,659.00","$326,203.00"
PM: Aspenware,Ability Level,243518416,84970727,1/9/2027,Kern,Madison,7,benjamin.d.kern@pwc.com,5189281553,PM | Ski | Children's Seasonal Program | 26/27 | Saturday | 7-12yrs | Full Day,NONE,NONE,NONE,NONE,Benjamin Kern,5189281553,1.00,Level 2,$959.00,PM: Aspenware,"$296,659.00","$326,203.00"
PM: Aspenware,Lesson Comment,243518416,84970727,1/9/2027,Kern,Madison,7,benjamin.d.kern@pwc.com,5189281553,PM | Ski | Children's Seasonal Program | 26/27 | Saturday | 7-12yrs | Full Day,NONE,NONE,NONE,NONE,Benjamin Kern,5189281553,1.00,,$959.00,PM: Aspenware,"$296,659.00","$326,203.00"
PM: Aspenware,Ability Level,243958484,85866813,1/9/2027,Borowski,Adelaide,5,megmarie07@yahoo.com,2077302400,PM | Ski | Children's Seasonal Program | 26/27 | Saturday | 4-6yrs | 10am,NONE,NONE,NONE,NONE,Megan Angis Borowski,2077302400,1.00,Level 1,$719.00,PM: Aspenware,"$296,659.00","$326,203.00"
PM: Aspenware,Lesson Comment,243958484,85866813,1/9/2027,Borowski,Adelaide,5,megmarie07@yahoo.com,2077302400,PM | Ski | Children's Seasonal Program | 26/27 | Saturday | 4-6yrs | 10am,NONE,NONE,NONE,NONE,Megan Angis Borowski,2077302400,1.00,,$719.00,PM: Aspenware,"$296,659.00","$326,203.00"
PM: Aspenware,Ability Level,243745244,86964789,1/9/2027,Marchesi,Bodhi,5,bchesler2916@gmail.com,6172590377,PM | Ski | Children's Seasonal Program | 26/27 | Saturday | 4-6yrs | 10am,NONE,NONE,NONE,NONE,Benjamin Chesler,6172590377,1.00,Level 1,$719.00,PM: Aspenware,"$296,659.00","$326,203.00"
PM: Aspenware,Lesson Comment,243745244,86964789,1/9/2027,Marchesi,Bodhi,5,bchesler2916@gmail.com,6172590377,PM | Ski | Children's Seasonal Program | 26/27 | Saturday | 4-6yrs | 10am,NONE,NONE,NONE,NONE,Benjamin Chesler,6172590377,1.00,,$719.00,PM: Aspenware,"$296,659.00","$326,203.00"
PM: Aspenware,Ability Level,243795849,84965074,1/9/2027,Gonzalez,Hugo,6,caitlin.a.bevan@gmail.com,4159403661,PM | Ski | Children's Seasonal Program | 26/27 | Saturday | 4-6yrs | 10am,NONE,NONE,NONE,NONE,Caitlin Bevan,14159403661,1.00,Level 1,$719.00,PM: Aspenware,"$296,659.00","$326,203.00"
PM: Aspenware,Lesson Comment,243795849,84965074,1/9/2027,Gonzalez,Hugo,6,caitlin.a.bevan@gmail.com,4159403661,PM | Ski | Children's Seasonal Program | 26/27 | Saturday | 4-6yrs | 10am,NONE,NONE,NONE,NONE,Caitlin Bevan,14159403661,1.00,,$719.00,PM: Aspenware,"$296,659.00","$326,203.00"
PM: Aspenware,Ability Level,244736064,83310992,1/9/2027,Eldredge,George,4,macgill.eldredge@gmail.com,2072323912,PM | Ski | Children's Seasonal Program | 26/27 | Saturday | 4-6yrs | 10am,NONE,NONE,NONE,NONE,Macgill Eldredge,2072323912,1.00,Level 1,$779.00,PM: Aspenware,"$296,659.00","$326,203.00"
PM: Aspenware,Lesson Comment,244736064,83310992,1/9/2027,Eldredge,George,4,macgill.eldredge@gmail.com,2072323912,PM | Ski | Children's Seasonal Program | 26/27 | Saturday | 4-6yrs | 10am,NONE,NONE,NONE,NONE,Macgill Eldredge,2072323912,1.00,,$779.00,PM: Aspenware,"$296,659.00","$326,203.00"
PM: Aspenware,Ability Level,243683928,82629230,1/9/2027,San Antonio,Clara,6,tsanantonio91@gmail.com,4253618288,PM | Ski | Children's Seasonal Program | 26/27 | Saturday | 4-6yrs | Full Day,NONE,NONE,NONE,NONE,Anthony San Antonio,14253618288,1.00,Level 4,$959.00,PM: Aspenware,"$296,659.00","$326,203.00"
PM: Aspenware,Lesson Comment,243683928,82629230,1/9/2027,San Antonio,Clara,6,tsanantonio91@gmail.com,4253618288,PM | Ski | Children's Seasonal Program | 26/27 | Saturday | 4-6yrs | Full Day,NONE,NONE,NONE,NONE,Anthony San Antonio,14253618288,1.00,,$959.00,PM: Aspenware,"$296,659.00","$326,203.00"
PM: Aspenware,Ability Level,243532522,86332937,1/9/2027,Lippincott,Amelia,4,johnny.lippincott@gmail.com,6623222414,PM | Ski | Children's Seasonal Program | 26/27 | Saturday | 4-6yrs | Full Day,NONE,NONE,NONE,NONE,John Lippincott,6623222414,1.00,Level 2,$959.00,PM: Aspenware,"$296,659.00","$326,203.00"
PM: Aspenware,Lesson Comment,243532522,86332937,1/9/2027,Lippincott,Amelia,4,johnny.lippincott@gmail.com,6623222414,PM | Ski | Children's Seasonal Program | 26/27 | Saturday | 4-6yrs | Full Day,NONE,NONE,NONE,NONE,John Lippincott,6623222414,1.00,,$959.00,PM: Aspenware,"$296,659.00","$326,203.00"
PM: Aspenware,Ability Level,243516677,80042474,1/9/2027,Wiernek,Julia,7,swiernek@yahoo.com,2035399988,PM | Ski | Children's Seasonal Program | 26/27 | Saturday | 7-12yrs | Full Day,NONE,NONE,None,NONE,Szymon Wiernek,2035399988,1.00,Level 5,$959.00,PM: Aspenware,"$296,659.00","$326,203.00"
PM: Aspenware,Lesson Comment,243516677,80042474,1/9/2027,Wiernek,Julia,7,swiernek@yahoo.com,2035399988,PM | Ski | Children's Seasonal Program | 26/27 | Saturday | 7-12yrs | Full Day,NONE,NONE,None,NONE,Szymon Wiernek,2035399988,1.00,,$959.00,PM: Aspenware,"$296,659.00","$326,203.00"
PM: Aspenware,Ability Level,243532590,84971044,1/9/2027,Sadlak,James,5,mtnrider1030@gmail.com,6039696913,PM | Ski | Children's Seasonal Program | 26/27 | Saturday | 4-6yrs | Full Day,NONE,NONE,NONE,NONE,Robert Sadlak,6039696913,1.00,Level 4,$959.00,PM: Aspenware,"$296,659.00","$326,203.00"
PM: Aspenware,Lesson Comment,243532590,84971044,1/9/2027,Sadlak,James,5,mtnrider1030@gmail.com,6039696913,PM | Ski | Children's Seasonal Program | 26/27 | Saturday | 4-6yrs | Full Day,NONE,NONE,NONE,NONE,Robert Sadlak,6039696913,1.00,,$959.00,PM: Aspenware,"$296,659.00","$326,203.00"
PM: Aspenware,Ability Level,244615599,82082862,1/9/2027,Colacchio,Hazel,8,ncolacchio@gmail.com,8022335905,PM | Ski | Children's Seasonal Program | 26/27 | Saturday | 7-12yrs | Full Day,NONE,NONE,NONE,NONE,Nicholas Colacchio,8022335905,1.00,Level 3,$999.00,PM: Aspenware,"$296,659.00","$326,203.00"
PM: Aspenware,Lesson Comment,244615599,82082862,1/9/2027,Colacchio,Hazel,8,ncolacchio@gmail.com,8022335905,PM | Ski | Children's Seasonal Program | 26/27 | Saturday | 7-12yrs | Full Day,NONE,NONE,NONE,NONE,Nicholas Colacchio,8022335905,1.00,,$999.00,PM: Aspenware,"$296,659.00","$326,203.00"
PM: Aspenware,Ability Level,244706399,81171426,1/9/2027,Mizer,Caila,10,kmizer1@yahoo.com,6174166752,PM | Ski | Children's Seasonal Program | 26/27 | Saturday | 7-12yrs | Full Day,NONE,NONE,NONE,NONE,Kelly Mizer,6174166752,1.00,Level 7,$999.00,PM: Aspenware,"$296,659.00","$326,203.00"
PM: Aspenware,Lesson Comment,244706399,81171426,1/9/2027,Mizer,Caila,10,kmizer1@yahoo.com,6174166752,PM | Ski | Children's Seasonal Program | 26/27 | Saturday | 7-12yrs | Full Day,NONE,NONE,NONE,NONE,Kelly Mizer,6174166752,1.00,,$999.00,PM: Aspenware,"$296,659.00","$326,203.00"
PM: Aspenware,Ability Level,244706399,81171430,1/9/2027,Mizer,Cayden,7,kmizer1@yahoo.com,6174166752,PM | Ski | Children's Seasonal Program | 26/27 | Saturday | 7-12yrs | Full Day,NONE,NONE,NONE,NONE,Kelly Mizer,6174166752,1.00,Level 2,$999.00,PM: Aspenware,"$296,659.00","$326,203.00"
PM: Aspenware,Lesson Comment,244706399,81171430,1/9/2027,Mizer,Cayden,7,kmizer1@yahoo.com,6174166752,PM | Ski | Children's Seasonal Program | 26/27 | Saturday | 7-12yrs | Full Day,NONE,NONE,NONE,NONE,Kelly Mizer,6174166752,1.00,,$999.00,PM: Aspenware,"$296,659.00","$326,203.00"
PM: Aspenware,Ability Level,243562284,85266965,1/9/2027,Carroll,Wyley,5,scarroll1@gmail.com,9177334967,PM | Ski | Children's Seasonal Program | 26/27 | Saturday | 4-6yrs | 10am,NONE,NONE,NONE,NONE,Samuel Carroll,9177334967,1.00,Level 2,$719.00,PM: Aspenware,"$296,659.00","$326,203.00"
PM: Aspenware,Lesson Comment,243562284,85266965,1/9/2027,Carroll,Wyley,5,scarroll1@gmail.com,9177334967,PM | Ski | Children's Seasonal Program | 26/27 | Saturday | 4-6yrs | 10am,NONE,NONE,NONE,NONE,Samuel Carroll,9177334967,1.00,,$719.00,PM: Aspenware,"$296,659.00","$326,203.00"
PM: Aspenware,Ability Level,243961659,85518867,1/9/2027,Thormann,Renleigh,4,mcspepin@gmail.com,8023456847,PM | Ski | Children's Seasonal Program | 26/27 | Saturday | 4-6yrs | Full Day,NONE,NONE,NONE,NONE,Marieke Thormann,8023456847,1.00,Level 4,$959.00,PM: Aspenware,"$296,659.00","$326,203.00"
PM: Aspenware,Lesson Comment,243961659,85518867,1/9/2027,Thormann,Renleigh,4,mcspepin@gmail.com,8023456847,PM | Ski | Children's Seasonal Program | 26/27 | Saturday | 4-6yrs | Full Day,NONE,NONE,NONE,NONE,Marieke Thormann,8023456847,1.00,,$959.00,PM: Aspenware,"$296,659.00","$326,203.00"
PM: Aspenware,Ability Level,243961659,81028302,1/9/2027,Thormann,Canaan,7,mcspepin@gmail.com,8023456847,PM | Ski | Children's Seasonal Program | 26/27 | Saturday | 7-12yrs | Full Day,NONE,NONE,NONE,NONE,Marieke Thormann,8023456847,1.00,Level 6,$959.00,PM: Aspenware,"$296,659.00","$326,203.00"
PM: Aspenware,Lesson Comment,243961659,81028302,1/9/2027,Thormann,Canaan,7,mcspepin@gmail.com,8023456847,PM | Ski | Children's Seasonal Program | 26/27 | Saturday | 7-12yrs | Full Day,NONE,NONE,NONE,NONE,Marieke Thormann,8023456847,1.00,,$959.00,PM: Aspenware,"$296,659.00","$326,203.00"
PM: Aspenware,Ability Level,244693818,79818340,1/9/2027,Dresser,MacKenzie,9,sethdresser@gmail.com,2072334935,PM | Ski | Children's Seasonal Program | 26/27 | Saturday | 7-12yrs | Full Day,NONE,NONE,NONE,NONE,Seth Dresser,207-233-4935,1.00,Level 5,$999.00,PM: Aspenware,"$296,659.00","$326,203.00"
PM: Aspenware,Lesson Comment,244693818,79818340,1/9/2027,Dresser,MacKenzie,9,sethdresser@gmail.com,2072334935,PM | Ski | Children's Seasonal Program | 26/27 | Saturday | 7-12yrs | Full Day,NONE,NONE,NONE,NONE,Seth Dresser,207-233-4935,1.00,,$999.00,PM: Aspenware,"$296,659.00","$326,203.00"
PM: Aspenware,Ability Level,243953869,82279984,1/9/2027,Quinn,Maura,9,ecoughlinquinn@gmail.com,3154470000,PM | Ski | Children's Seasonal Program | 26/27 | Saturday | 7-12yrs | 1pm,NONE,NONE,NONE,NONE,Ellen Coughlin-Quinn,13154470000,1.00,Level 5,$719.00,PM: Aspenware,"$296,659.00","$326,203.00"
PM: Aspenware,Lesson Comment,243953869,82279984,1/9/2027,Quinn,Maura,9,ecoughlinquinn@gmail.com,3154470000,PM | Ski | Children's Seasonal Program | 26/27 | Saturday | 7-12yrs | 1pm,NONE,NONE,NONE,NONE,Ellen Coughlin-Quinn,13154470000,1.00,,$719.00,PM: Aspenware,"$296,659.00","$326,203.00"
PM: Aspenware,Ability Level,243953869,82257900,1/9/2027,Quinn,Annie,7,ecoughlinquinn@gmail.com,3154470000,PM | Ski | Children's Seasonal Program | 26/27 | Saturday | 7-12yrs | 1pm,NONE,NONE,NONE,NONE,Ellen Coughlin-Quinn,13154470000,1.00,Level 4,$719.00,PM: Aspenware,"$296,659.00","$326,203.00"
PM: Aspenware,Lesson Comment,243953869,82257900,1/9/2027,Quinn,Annie,7,ecoughlinquinn@gmail.com,3154470000,PM | Ski | Children's Seasonal Program | 26/27 | Saturday | 7-12yrs | 1pm,NONE,NONE,NONE,NONE,Ellen Coughlin-Quinn,13154470000,1.00,,$719.00,PM: Aspenware,"$296,659.00","$326,203.00"
PM: Aspenware,Ability Level,244250903,80643536,1/9/2027,McDevitt,Eleanor,11,kim.d.mcdevitt@gmail.com,4433104456,PM | Ski | Children's Seasonal Program | 26/27 | Saturday | 7-12yrs | Full Day,NONE,NONE,NONE,NONE,Kim McDevitt,14433104456,1.00,Level 7,$959.00,PM: Aspenware,"$296,659.00","$326,203.00"
PM: Aspenware,Lesson Comment,244250903,80643536,1/9/2027,McDevitt,Eleanor,11,kim.d.mcdevitt@gmail.com,4433104456,PM | Ski | Children's Seasonal Program | 26/27 | Saturday | 7-12yrs | Full Day,NONE,NONE,NONE,NONE,Kim McDevitt,14433104456,1.00,,$959.00,PM: Aspenware,"$296,659.00","$326,203.00"
PM: Aspenware,Ability Level,244250903,82547338,1/9/2027,McDevitt,Casey,7,kim.d.mcdevitt@gmail.com,4433104456,PM | Ski | Children's Seasonal Program | 26/27 | Saturday | 7-12yrs | Full Day,NONE,NONE,NONE,NONE,Kim McDevitt,14433104456,1.00,Level 7,$959.00,PM: Aspenware,"$296,659.00","$326,203.00"
PM: Aspenware,Lesson Comment,244250903,82547338,1/9/2027,McDevitt,Casey,7,kim.d.mcdevitt@gmail.com,4433104456,PM | Ski | Children's Seasonal Program | 26/27 | Saturday | 7-12yrs | Full Day,NONE,NONE,NONE,NONE,Kim McDevitt,14433104456,1.00,,$959.00,PM: Aspenware,"$296,659.00","$326,203.00"
PM: Aspenware,Ability Level,244363568,80966033,1/9/2027,Walkwitz,Cohen,10,walkwitz66@me.com,2078373000,PM | Ski | Children's Seasonal Program | 26/27 | Saturday | 7-12yrs | 10am,NONE,NONE,NONE,NONE,Scott Walkwitz,12078373000,1.00,Level 6,$779.00,PM: Aspenware,"$296,659.00","$326,203.00"
PM: Aspenware,Lesson Comment,244363568,80966033,1/9/2027,Walkwitz,Cohen,10,walkwitz66@me.com,2078373000,PM | Ski | Children's Seasonal Program | 26/27 | Saturday | 7-12yrs | 10am,NONE,NONE,NONE,NONE,Scott Walkwitz,12078373000,1.00,,$779.00,PM: Aspenware,"$296,659.00","$326,203.00"
PM: Aspenware,Ability Level,243524347,81034986,1/9/2027,Resnick,Maddie,9,elizabethbradley9@gmail.com,4136952360,PM | Ski | Children's Seasonal Program | 26/27 | Saturday | 7-12yrs | 10am,NONE,NONE,NONE,NONE,Lizzie Resnick,4136952360,1.00,Level 7,$719.00,PM: Aspenware,"$296,659.00","$326,203.00"
PM: Aspenware,Lesson Comment,243524347,81034986,1/9/2027,Resnick,Maddie,9,elizabethbradley9@gmail.com,4136952360,PM | Ski | Children's Seasonal Program | 26/27 | Saturday | 7-12yrs | 10am,NONE,NONE,NONE,NONE,Lizzie Resnick,4136952360,1.00,,$719.00,PM: Aspenware,"$296,659.00","$326,203.00"
PM: Aspenware,Ability Level,243652374,84052244,1/9/2027,Barrett,Paige,5,lindsayabarrett@gmail.com,16178038854,PM | Ski | Children's Seasonal Program | 26/27 | Saturday | 4-6yrs | 10am,NONE,NONE,NONE,NONE,Lindsay Barrett,16178038854,1.00,Level 4,$719.00,PM: Aspenware,"$296,659.00","$326,203.00"
PM: Aspenware,Lesson Comment,243652374,84052244,1/9/2027,Barrett,Paige,5,lindsayabarrett@gmail.com,16178038854,PM | Ski | Children's Seasonal Program | 26/27 | Saturday | 4-6yrs | 10am,NONE,NONE,NONE,NONE,Lindsay Barrett,16178038854,1.00,,$719.00,PM: Aspenware,"$296,659.00","$326,203.00"
PM: Aspenware,Ability Level,243652374,81186208,1/9/2027,Barrett,Natalie,8,lindsayabarrett@gmail.com,16178038854,PM | Ski | Children's Seasonal Program | 26/27 | Saturday | 7-12yrs | 10am,NONE,NONE,NONE,NONE,Lindsay Barrett,16178038854,1.00,Level 7,$719.00,PM: Aspenware,"$296,659.00","$326,203.00"
PM: Aspenware,Lesson Comment,243652374,81186208,1/9/2027,Barrett,Natalie,8,lindsayabarrett@gmail.com,16178038854,PM | Ski | Children's Seasonal Program | 26/27 | Saturday | 7-12yrs | 10am,NONE,NONE,NONE,NONE,Lindsay Barrett,16178038854,1.00,,$719.00,PM: Aspenware,"$296,659.00","$326,203.00"
PM: Aspenware,Ability Level,244737776,81187135,1/9/2027,Bosman,Rose,7,marisa.siegel@gmail.com,3392235957,PM | Ski | Children's Seasonal Program | 26/27 | Saturday | 7-12yrs | 10am,NONE,NONE,NONE,Red 1518 Morgan 2/20/23,Marisa Siegel,13392235957,1.00,Level 3,$779.00,PM: Aspenware,"$296,659.00","$326,203.00"
PM: Aspenware,Lesson Comment,244737776,81187135,1/9/2027,Bosman,Rose,7,marisa.siegel@gmail.com,3392235957,PM | Ski | Children's Seasonal Program | 26/27 | Saturday | 7-12yrs | 10am,NONE,NONE,NONE,Red 1518 Morgan 2/20/23,Marisa Siegel,13392235957,1.00,,$779.00,PM: Aspenware,"$296,659.00","$326,203.00"
PM: Aspenware,Ability Level,244698985,81503480,1/9/2027,Bell,Theo,7,smith.ronnielynn@gmail.com,12078389647,PM | Ski | Children's Seasonal Program | 26/27 | Saturday | 7-12yrs | 10am,NONE,NONE,NONE,NONE,Ronnie-Lynn Bell,12078389647,1.00,Level 4,$779.00,PM: Aspenware,"$296,659.00","$326,203.00"
PM: Aspenware,Lesson Comment,244698985,81503480,1/9/2027,Bell,Theo,7,smith.ronnielynn@gmail.com,12078389647,PM | Ski | Children's Seasonal Program | 26/27 | Saturday | 7-12yrs | 10am,NONE,NONE,NONE,NONE,Ronnie-Lynn Bell,12078389647,1.00,,$779.00,PM: Aspenware,"$296,659.00","$326,203.00"
PM: Aspenware,Ability Level,243935843,84469764,1/9/2027,Fitzpatrick,Maren,5,rose.fitzpatrick15@gmail.com,2078070840,PM | Ski | Children's Seasonal Program | 26/27 | Saturday | 4-6yrs | Full Day,NONE,NONE,NONE,NONE,Rosemary Fitzpatrick,12078070840,1.00,Level 3,$959.00,PM: Aspenware,"$296,659.00","$326,203.00"
PM: Aspenware,Lesson Comment,243935843,84469764,1/9/2027,Fitzpatrick,Maren,5,rose.fitzpatrick15@gmail.com,2078070840,PM | Ski | Children's Seasonal Program | 26/27 | Saturday | 4-6yrs | Full Day,NONE,NONE,NONE,NONE,Rosemary Fitzpatrick,12078070840,1.00,,$959.00,PM: Aspenware,"$296,659.00","$326,203.00"
PM: Aspenware,Ability Level,243935843,82636376,1/9/2027,Fitzpatrick,James,9,rose.fitzpatrick15@gmail.com,2078070840,PM | Ski | Children's Seasonal Program | 26/27 | Saturday | 7-12yrs | Full Day,Flovent and albuterol when needed,NONE,NONE,Asthma,Rosemary Fitzpatrick,12078070840,1.00,Level 7,$959.00,PM: Aspenware,"$296,659.00","$326,203.00"
PM: Aspenware,Lesson Comment,243935843,82636376,1/9/2027,Fitzpatrick,James,9,rose.fitzpatrick15@gmail.com,2078070840,PM | Ski | Children's Seasonal Program | 26/27 | Saturday | 7-12yrs | Full Day,Flovent and albuterol when needed,NONE,NONE,Asthma,Rosemary Fitzpatrick,12078070840,1.00,,$959.00,PM: Aspenware,"$296,659.00","$326,203.00"
PM: Aspenware,Ability Level,243559354,85532799,1/9/2027,Henderson,Phineas,4,Joehenderson31@gmail.com,18608780096,PM | Ski | Children's Seasonal Program | 26/27 | Saturday | 4-6yrs | 10am,NONE,NONE,NONE,NONE,Joe Henderson,18608780096,1.00,Level 2,$719.00,PM: Aspenware,"$296,659.00","$326,203.00"
PM: Aspenware,Lesson Comment,243559354,85532799,1/9/2027,Henderson,Phineas,4,Joehenderson31@gmail.com,18608780096,PM | Ski | Children's Seasonal Program | 26/27 | Saturday | 4-6yrs | 10am,NONE,NONE,NONE,NONE,Joe Henderson,18608780096,1.00,,$719.00,PM: Aspenware,"$296,659.00","$326,203.00"
PM: Aspenware,Ability Level,243559354,85532798,1/9/2027,Henderson,Eleanor,6,Joehenderson31@gmail.com,18608780096,PM | Ski | Children's Seasonal Program | 26/27 | Saturday | 4-6yrs | 10am,NONE,NONE,NONE,NONE,Joe Henderson,18608780096,1.00,Level 3,$719.00,PM: Aspenware,"$296,659.00","$326,203.00"
PM: Aspenware,Lesson Comment,243559354,85532798,1/9/2027,Henderson,Eleanor,6,Joehenderson31@gmail.com,18608780096,PM | Ski | Children's Seasonal Program | 26/27 | Saturday | 4-6yrs | 10am,NONE,NONE,NONE,NONE,Joe Henderson,18608780096,1.00,,$719.00,PM: Aspenware,"$296,659.00","$326,203.00"
PM: Aspenware,Ability Level,243559354,85532797,1/9/2027,Henderson,Cecilia,7,Joehenderson31@gmail.com,18608780096,PM | Ski | Children's Seasonal Program | 26/27 | Saturday | 7-12yrs | 10am,NONE,NONE,NONE,NONE,Joe Henderson,18608780096,1.00,Level 3,$719.00,PM: Aspenware,"$296,659.00","$326,203.00"
PM: Aspenware,Lesson Comment,243559354,85532797,1/9/2027,Henderson,Cecilia,7,Joehenderson31@gmail.com,18608780096,PM | Ski | Children's Seasonal Program | 26/27 | Saturday | 7-12yrs | 10am,NONE,NONE,NONE,NONE,Joe Henderson,18608780096,1.00,,$719.00,PM: Aspenware,"$296,659.00","$326,203.00"
PM: Aspenware,Ability Level,243518702,83583934,1/9/2027,Migliori,Hannah,5,jill.migliori@gmail.com,16174292350,PM | Ski | Children's Seasonal Program | 26/27 | Saturday | 4-6yrs | 10am,NONE,NONE,NONE,NONE,Jill Migliori,8576362096,1.00,Level 5,$719.00,PM: Aspenware,"$296,659.00","$326,203.00"
PM: Aspenware,Lesson Comment,243518702,83583934,1/9/2027,Migliori,Hannah,5,jill.migliori@gmail.com,16174292350,PM | Ski | Children's Seasonal Program | 26/27 | Saturday | 4-6yrs | 10am,NONE,NONE,NONE,NONE,Jill Migliori,8576362096,1.00,,$719.00,PM: Aspenware,"$296,659.00","$326,203.00"
PM: Aspenware,Ability Level,243730333,81668678,1/9/2027,Moore,Barrett,9,claire.enterline@gmail.com,2079393773,PM | Ski | Children's Seasonal Program | 26/27 | Saturday | 7-12yrs | 10am,Albuterol,Dairy,NONE,NONE,Claire Enterline,2079393773,1.00,Level 6,$719.00,PM: Aspenware,"$296,659.00","$326,203.00"
PM: Aspenware,Lesson Comment,243730333,81668678,1/9/2027,Moore,Barrett,9,claire.enterline@gmail.com,2079393773,PM | Ski | Children's Seasonal Program | 26/27 | Saturday | 7-12yrs | 10am,Albuterol,Dairy,NONE,NONE,Claire Enterline,2079393773,1.00,,$719.00,PM: Aspenware,"$296,659.00","$326,203.00"
PM: Aspenware,Ability Level,243731536,81754919,1/9/2027,Woolf,Jonah,7,kevin.a.woolf@gmail.com,4042341975,PM | Ski | Children's Seasonal Program | 26/27 | Saturday | 7-12yrs | 1pm,Rescue inhaler; EpiPen.,Tree nuts; peanuts.,NONE,NONE,Kevin Woolf,14042341975,1.00,Level 4,$719.00,PM: Aspenware,"$296,659.00","$326,203.00"
PM: Aspenware,Lesson Comment,243731536,81754919,1/9/2027,Woolf,Jonah,7,kevin.a.woolf@gmail.com,4042341975,PM | Ski | Children's Seasonal Program | 26/27 | Saturday | 7-12yrs | 1pm,Rescue inhaler; EpiPen.,Tree nuts; peanuts.,NONE,NONE,Kevin Woolf,14042341975,1.00,,$719.00,PM: Aspenware,"$296,659.00","$326,203.00"
PM: Aspenware,Ability Level,243531965,84027794,1/9/2027,Wallace,Olivia,6,awhobart@gmail.com,2074156690,PM | Ski | Children's Seasonal Program | 26/27 | Saturday | 4-6yrs | Full Day,NONE,NONE,NONE,NONE,Adam Wallace,2074156690,1.00,Level 2,$959.00,PM: Aspenware,"$296,659.00","$326,203.00"
PM: Aspenware,Lesson Comment,243531965,84027794,1/9/2027,Wallace,Olivia,6,awhobart@gmail.com,2074156690,PM | Ski | Children's Seasonal Program | 26/27 | Saturday | 4-6yrs | Full Day,NONE,NONE,NONE,NONE,Adam Wallace,2074156690,1.00,,$959.00,PM: Aspenware,"$296,659.00","$326,203.00"
PM: Aspenware,Ability Level,243531965,81862578,1/9/2027,Wallace,Henry,9,awhobart@gmail.com,2074156690,PM | Ski | Children's Seasonal Program | 26/27 | Saturday | 7-12yrs | Full Day,NONE,NONE,NONE,NONE,Adam Wallace,2074156690,1.00,Level 6,$959.00,PM: Aspenware,"$296,659.00","$326,203.00"
PM: Aspenware,Lesson Comment,243531965,81862578,1/9/2027,Wallace,Henry,9,awhobart@gmail.com,2074156690,PM | Ski | Children's Seasonal Program | 26/27 | Saturday | 7-12yrs | Full Day,NONE,NONE,NONE,NONE,Adam Wallace,2074156690,1.00,,$959.00,PM: Aspenware,"$296,659.00","$326,203.00"
PM: Aspenware,Ability Level,243556643,83536724,1/9/2027,Rioux,Marshal,6,zrioux@gmail.com,2073166540,PM | Ski | Children's Seasonal Program | 26/27 | Saturday | 4-6yrs | 10am,NONE,NONE,NONE,NONE,Zach Rioux,12073166540,1.00,Level 4,$719.00,PM: Aspenware,"$296,659.00","$326,203.00"
PM: Aspenware,Lesson Comment,243556643,83536724,1/9/2027,Rioux,Marshal,6,zrioux@gmail.com,2073166540,PM | Ski | Children's Seasonal Program | 26/27 | Saturday | 4-6yrs | 10am,NONE,NONE,NONE,NONE,Zach Rioux,12073166540,1.00,,$719.00,PM: Aspenware,"$296,659.00","$326,203.00"
PM: Aspenware,Ability Level,244030107,85527061,1/9/2027,Goulart,Weston James,5,kristenkelly1@gmail.com,5083338284,PM | Ski | Children's Seasonal Program | 26/27 | Saturday | 4-6yrs | Full Day,albuterol for asthma,No hot chocolate - food sensitivies,NONE,hearing loss in right ear,Kristen Kelly,15083338284,1.00,Level 4,$959.00,PM: Aspenware,"$296,659.00","$326,203.00"
PM: Aspenware,Lesson Comment,244030107,85527061,1/9/2027,Goulart,Weston James,5,kristenkelly1@gmail.com,5083338284,PM | Ski | Children's Seasonal Program | 26/27 | Saturday | 4-6yrs | Full Day,albuterol for asthma,No hot chocolate - food sensitivies,NONE,hearing loss in right ear,Kristen Kelly,15083338284,1.00,,$959.00,PM: Aspenware,"$296,659.00","$326,203.00"
PM: Aspenware,Ability Level,243642378,83628666,1/9/2027,Tangren,Isla,5,jessica.tangren@gmail.com,17816863758,PM | Ski | Children's Seasonal Program | 26/27 | Saturday | 4-6yrs | 10am,NONE,NONE,NONE,NONE,Jessica Tangren,17816863758,1.00,Level 3,$719.00,PM: Aspenware,"$296,659.00","$326,203.00"
PM: Aspenware,Lesson Comment,243642378,83628666,1/9/2027,Tangren,Isla,5,jessica.tangren@gmail.com,17816863758,PM | Ski | Children's Seasonal Program | 26/27 | Saturday | 4-6yrs | 10am,NONE,NONE,NONE,NONE,Jessica Tangren,17816863758,1.00,,$719.00,PM: Aspenware,"$296,659.00","$326,203.00"
PM: Aspenware,Ability Level,243642378,82034579,1/9/2027,Tangren,Ruth,8,jessica.tangren@gmail.com,17816863758,PM | Ski | Children's Seasonal Program | 26/27 | Saturday | 7-12yrs | 10am,NONE,NONE,NONE,NONE,Jessica Tangren,17816863758,1.00,Level 5,$719.00,PM: Aspenware,"$296,659.00","$326,203.00"
PM: Aspenware,Lesson Comment,243642378,82034579,1/9/2027,Tangren,Ruth,8,jessica.tangren@gmail.com,17816863758,PM | Ski | Children's Seasonal Program | 26/27 | Saturday | 7-12yrs | 10am,NONE,NONE,NONE,NONE,Jessica Tangren,17816863758,1.00,,$719.00,PM: Aspenware,"$296,659.00","$326,203.00"
PM: Aspenware,Ability Level,243939671,82096138,1/9/2027,Mehta,Cecily,6,korinne.mehta@gmail.com,7744521462,PM | Ski | Children's Seasonal Program | 26/27 | Saturday | 4-6yrs | 10am,NONE,NONE,NONE,NONE,Korinne Mehta,177445214623,1.00,Level 2,$719.00,PM: Aspenware,"$296,659.00","$326,203.00"
PM: Aspenware,Lesson Comment,243939671,82096138,1/9/2027,Mehta,Cecily,6,korinne.mehta@gmail.com,7744521462,PM | Ski | Children's Seasonal Program | 26/27 | Saturday | 4-6yrs | 10am,NONE,NONE,NONE,NONE,Korinne Mehta,177445214623,1.00,,$719.00,PM: Aspenware,"$296,659.00","$326,203.00"
PM: Aspenware,Ability Level,243939671,82096109,1/9/2027,Mehta,Lincoln,9,korinne.mehta@gmail.com,7744521462,PM | Ski | Children's Seasonal Program | 26/27 | Saturday | 7-12yrs | 10am,Albuterol inhaler as needed for wheezing,NONE,NONE,NONE,Korinne Mehta,177445214623,1.00,Level 3,$719.00,PM: Aspenware,"$296,659.00","$326,203.00"
PM: Aspenware,Lesson Comment,243939671,82096109,1/9/2027,Mehta,Lincoln,9,korinne.mehta@gmail.com,7744521462,PM | Ski | Children's Seasonal Program | 26/27 | Saturday | 7-12yrs | 10am,Albuterol inhaler as needed for wheezing,NONE,NONE,NONE,Korinne Mehta,177445214623,1.00,,$719.00,PM: Aspenware,"$296,659.00","$326,203.00"
PM: Aspenware,Ability Level,243648396,82197449,1/9/2027,Ferrante,Oscar,8,rachferrante@gmail.com,6462650069,PM | Ski | Children's Seasonal Program | 26/27 | Saturday | 7-12yrs | 10am,NONE,NONE,NONE,NONE,Rachel Ferrante,16462650069,1.00,Level 5,$719.00,PM: Aspenware,"$296,659.00","$326,203.00"
PM: Aspenware,Lesson Comment,243648396,82197449,1/9/2027,Ferrante,Oscar,8,rachferrante@gmail.com,6462650069,PM | Ski | Children's Seasonal Program | 26/27 | Saturday | 7-12yrs | 10am,NONE,NONE,NONE,NONE,Rachel Ferrante,16462650069,1.00,,$719.00,PM: Aspenware,"$296,659.00","$326,203.00"
PM: Aspenware,Ability Level,243648396,82197454,1/9/2027,Ferrante,Elliott,5,rachferrante@gmail.com,6462650069,PM | Ski | Children's Seasonal Program | 26/27 | Saturday | 4-6yrs | 10am,NONE,NONE,NONE,NONE,Cameron Ferrante,7817248558,1.00,Level 4,$719.00,PM: Aspenware,"$296,659.00","$326,203.00"
PM: Aspenware,Lesson Comment,243648396,82197454,1/9/2027,Ferrante,Elliott,5,rachferrante@gmail.com,6462650069,PM | Ski | Children's Seasonal Program | 26/27 | Saturday | 4-6yrs | 10am,NONE,NONE,NONE,NONE,Cameron Ferrante,7817248558,1.00,,$719.00,PM: Aspenware,"$296,659.00","$326,203.00"
PM: Aspenware,Ability Level,243536105,86876945,1/9/2027,Butt,Bjorn,7,abigail.st-hilaire@gordon.edu,9789794582,PM | Ski | Children's Seasonal Program | 26/27 | Saturday | 7-12yrs | 10am,NONE,NONE,NONE,NONE,Abigail Butt,9789794582,1.00,Level 1,$719.00,PM: Aspenware,"$296,659.00","$326,203.00"
PM: Aspenware,Lesson Comment,243536105,86876945,1/9/2027,Butt,Bjorn,7,abigail.st-hilaire@gordon.edu,9789794582,PM | Ski | Children's Seasonal Program | 26/27 | Saturday | 7-12yrs | 10am,NONE,NONE,NONE,NONE,Abigail Butt,9789794582,1.00,,$719.00,PM: Aspenware,"$296,659.00","$326,203.00"
PM: Aspenware,Ability Level,243536105,84811153,1/9/2027,Butt,Anders,10,abigail.st-hilaire@gordon.edu,9789794582,PM | Ski | Children's Seasonal Program | 26/27 | Saturday | 7-12yrs | 10am,NONE,NONE,NONE,NONE,Abigail Bitt,9789794582,1.00,Level 3,$719.00,PM: Aspenware,"$296,659.00","$326,203.00"
PM: Aspenware,Lesson Comment,243536105,84811153,1/9/2027,Butt,Anders,10,abigail.st-hilaire@gordon.edu,9789794582,PM | Ski | Children's Seasonal Program | 26/27 | Saturday | 7-12yrs | 10am,NONE,NONE,NONE,NONE,Abigail Bitt,9789794582,1.00,,$719.00,PM: Aspenware,"$296,659.00","$326,203.00"
PM: Aspenware,Ability Level,243626358,84816675,1/9/2027,Bromley,Caroline,5,alexandra.sabellico@gmail.com,12039158120,PM | Ski | Children's Seasonal Program | 26/27 | Saturday | 4-6yrs | Full Day,NONE,NONE,NONE,NONE,Allie Bromley,12039158120,1.00,Level 3,$959.00,PM: Aspenware,"$296,659.00","$326,203.00"
PM: Aspenware,Lesson Comment,243626358,84816675,1/9/2027,Bromley,Caroline,5,alexandra.sabellico@gmail.com,12039158120,PM | Ski | Children's Seasonal Program | 26/27 | Saturday | 4-6yrs | Full Day,NONE,NONE,NONE,NONE,Allie Bromley,12039158120,1.00,,$959.00,PM: Aspenware,"$296,659.00","$326,203.00"
PM: Aspenware,Ability Level,243626358,82395688,1/9/2027,Bromley,Evelyn,7,alexandra.sabellico@gmail.com,12039158120,PM | Ski | Children's Seasonal Program | 26/27 | Saturday | 7-12yrs | Full Day,NONE,NONE,NONE,NONE,Allie Bromley,12039158120,1.00,Level 6,$959.00,PM: Aspenware,"$296,659.00","$326,203.00"
PM: Aspenware,Lesson Comment,243626358,82395688,1/9/2027,Bromley,Evelyn,7,alexandra.sabellico@gmail.com,12039158120,PM | Ski | Children's Seasonal Program | 26/27 | Saturday | 7-12yrs | Full Day,NONE,NONE,NONE,NONE,Allie Bromley,12039158120,1.00,,$959.00,PM: Aspenware,"$296,659.00","$326,203.00"
PM: Aspenware,Ability Level,243566445,82422742,1/9/2027,Hart,William,7,eleonore.Werner@gmail.com,18022237525,PM | Ski | Children's Seasonal Program | 26/27 | Saturday | 7-12yrs | Full Day,NONE,NONE,NONE,"If possible, please put in group with Nico Patregnani AN",Eleonore Werner,18022237525,1.00,Level 5,$959.00,PM: Aspenware,"$296,659.00","$326,203.00"
PM: Aspenware,Lesson Comment,243566445,82422742,1/9/2027,Hart,William,7,eleonore.Werner@gmail.com,18022237525,PM | Ski | Children's Seasonal Program | 26/27 | Saturday | 7-12yrs | Full Day,NONE,NONE,NONE,"If possible, please put in group with Nico Patregnani AN",Eleonore Werner,18022237525,1.00,,$959.00,PM: Aspenware,"$296,659.00","$326,203.00"
PM: Aspenware,Ability Level,243649506,83875377,1/9/2027,Hart,Eva,4,eleonore.Werner@gmail.com,18022237525,PM | Ski | Children's Seasonal Program | 26/27 | Saturday | 4-6yrs | 10am,NONE,NONE,NONE,NONE,Eleonore Werner,18022237525,1.00,Level 1,$719.00,PM: Aspenware,"$296,659.00","$326,203.00"
PM: Aspenware,Lesson Comment,243649506,83875377,1/9/2027,Hart,Eva,4,eleonore.Werner@gmail.com,18022237525,PM | Ski | Children's Seasonal Program | 26/27 | Saturday | 4-6yrs | 10am,NONE,NONE,NONE,NONE,Eleonore Werner,18022237525,1.00,,$719.00,PM: Aspenware,"$296,659.00","$326,203.00"
PM: Aspenware,Ability Level,243817316,82478429,1/9/2027,Storrs,Sadie,9,Jamie.storrs@gmail.com,4015291543,PM | Ski | Children's Seasonal Program | 26/27 | Saturday | 7-12yrs | Full Day,NONE,NONE,NONE,NONE,Claire Storrs,4787192303,1.00,Level 4,$959.00,PM: Aspenware,"$296,659.00","$326,203.00"
PM: Aspenware,Lesson Comment,243817316,82478429,1/9/2027,Storrs,Sadie,9,Jamie.storrs@gmail.com,4015291543,PM | Ski | Children's Seasonal Program | 26/27 | Saturday | 7-12yrs | Full Day,NONE,NONE,NONE,NONE,Claire Storrs,4787192303,1.00,,$959.00,PM: Aspenware,"$296,659.00","$326,203.00"
PM: Aspenware,Ability Level,243817316,82478432,1/9/2027,Storrs,Will,7,Jamie.storrs@gmail.com,4015291543,PM | Ski | Children's Seasonal Program | 26/27 | Saturday | 7-12yrs | Full Day,NONE,NONE,NONE,NONE,Claire Storrs,4787192303,1.00,Level 4,$959.00,PM: Aspenware,"$296,659.00","$326,203.00"
PM: Aspenware,Lesson Comment,243817316,82478432,1/9/2027,Storrs,Will,7,Jamie.storrs@gmail.com,4015291543,PM | Ski | Children's Seasonal Program | 26/27 | Saturday | 7-12yrs | Full Day,NONE,NONE,NONE,NONE,Claire Storrs,4787192303,1.00,,$959.00,PM: Aspenware,"$296,659.00","$326,203.00"
PM: Aspenware,Ability Level,244692210,81034928,1/9/2027,Mitchell,Libby,8,marleyblair13@hotmail.com,2076717076,PM | Ski | Children's Seasonal Program | 26/27 | Saturday | 7-12yrs | 10am,NONE,NONE,NONE,NONE,Marley Mitchell,2076717076,1.00,Level 7,$779.00,PM: Aspenware,"$296,659.00","$326,203.00"
PM: Aspenware,Lesson Comment,244692210,81034928,1/9/2027,Mitchell,Libby,8,marleyblair13@hotmail.com,2076717076,PM | Ski | Children's Seasonal Program | 26/27 | Saturday | 7-12yrs | 10am,NONE,NONE,NONE,NONE,Marley Mitchell,2076717076,1.00,,$779.00,PM: Aspenware,"$296,659.00","$326,203.00"
PM: Aspenware,Ability Level,244692210,86679666,1/9/2027,Mitchell,Max,4,marleyblair13@hotmail.com,2076717076,PM | Ski | Children's Seasonal Program | 26/27 | Saturday | 4-6yrs | 10am,NONE,NONE,NONE,NONE,Marley Mitchell,2076717076,1.00,Level 1,$779.00,PM: Aspenware,"$296,659.00","$326,203.00"
PM: Aspenware,Lesson Comment,244692210,86679666,1/9/2027,Mitchell,Max,4,marleyblair13@hotmail.com,2076717076,PM | Ski | Children's Seasonal Program | 26/27 | Saturday | 4-6yrs | 10am,NONE,NONE,NONE,NONE,Marley Mitchell,2076717076,1.00,,$779.00,PM: Aspenware,"$296,659.00","$326,203.00"
PM: Aspenware,Ability Level,244256845,82524588,1/9/2027,Schwartz,Henry,8,kadyeschwartz@gmail.com,6035026209,PM | Ski | Children's Seasonal Program | 26/27 | Saturday | 7-12yrs | 10am,NONE,NONE,NONE,NONE,Jamison Schwartz,2074150080,1.00,Level 6,$719.00,PM: Aspenware,"$296,659.00","$326,203.00"
PM: Aspenware,Lesson Comment,244256845,82524588,1/9/2027,Schwartz,Henry,8,kadyeschwartz@gmail.com,6035026209,PM | Ski | Children's Seasonal Program | 26/27 | Saturday | 7-12yrs | 10am,NONE,NONE,NONE,NONE,Jamison Schwartz,2074150080,1.00,,$719.00,PM: Aspenware,"$296,659.00","$326,203.00"
PM: Aspenware,Ability Level,244256845,85473162,1/9/2027,Schwartz,Aida,6,kadyeschwartz@gmail.com,6035026209,PM | Ski | Children's Seasonal Program | 26/27 | Saturday | 4-6yrs | 10am,NONE,NONE,NONE,NONE,Jamison Schwartz,2074150080,1.00,Level 2,$719.00,PM: Aspenware,"$296,659.00","$326,203.00"
PM: Aspenware,Lesson Comment,244256845,85473162,1/9/2027,Schwartz,Aida,6,kadyeschwartz@gmail.com,6035026209,PM | Ski | Children's Seasonal Program | 26/27 | Saturday | 4-6yrs | 10am,NONE,NONE,NONE,NONE,Jamison Schwartz,2074150080,1.00,,$719.00,PM: Aspenware,"$296,659.00","$326,203.00"
PM: Aspenware,Ability Level,244744740,82603177,1/9/2027,Trelfa,Theodore,5,travistrelfa@gmail.com,12073305779,PM | Ski | Children's Seasonal Program | 26/27 | Saturday | 4-6yrs | 1pm,NONE,NONE,NONE,NONE,Travis Trelfa,12073305779,1.00,Level 1,$779.00,PM: Aspenware,"$296,659.00","$326,203.00"
PM: Aspenware,Lesson Comment,244744740,82603177,1/9/2027,Trelfa,Theodore,5,travistrelfa@gmail.com,12073305779,PM | Ski | Children's Seasonal Program | 26/27 | Saturday | 4-6yrs | 1pm,NONE,NONE,NONE,NONE,Travis Trelfa,12073305779,1.00,,$779.00,PM: Aspenware,"$296,659.00","$326,203.00"
PM: Aspenware,Ability Level,244164386,82628094,1/9/2027,Bannock,Archie,10,bbannock@gmail.com,8606700697,PM | Ski | Children's Seasonal Program | 26/27 | Saturday | 7-12yrs | 1pm,NONE,NONE,NONE,NONE,Brandon Bannock,18606700697,1.00,Level 5,$719.00,PM: Aspenware,"$296,659.00","$326,203.00"
PM: Aspenware,Lesson Comment,244164386,82628094,1/9/2027,Bannock,Archie,10,bbannock@gmail.com,8606700697,PM | Ski | Children's Seasonal Program | 26/27 | Saturday | 7-12yrs | 1pm,NONE,NONE,NONE,NONE,Brandon Bannock,18606700697,1.00,,$719.00,PM: Aspenware,"$296,659.00","$326,203.00"
PM: Aspenware,Ability Level,244164386,82628095,1/9/2027,Bannock,Everett,8,bbannock@gmail.com,8606700697,PM | Ski | Children's Seasonal Program | 26/27 | Saturday | 7-12yrs | 1pm,NONE,NONE,NONE,NONE,Brandon Bannock,18606700697,1.00,Level 4,$719.00,PM: Aspenware,"$296,659.00","$326,203.00"
PM: Aspenware,Lesson Comment,244164386,82628095,1/9/2027,Bannock,Everett,8,bbannock@gmail.com,8606700697,PM | Ski | Children's Seasonal Program | 26/27 | Saturday | 7-12yrs | 1pm,NONE,NONE,NONE,NONE,Brandon Bannock,18606700697,1.00,,$719.00,PM: Aspenware,"$296,659.00","$326,203.00"
PM: Aspenware,Ability Level,244378784,83150578,1/9/2027,Andrews,Holly,7,emandrews5@gmail.com,18022385993,PM | Ski | Children's Seasonal Program | 26/27 | Saturday | 7-12yrs | Full Day,inhaler for asthma,NONE,NONE,mild asthma,Emily Andrews,18022385993,1.00,Level 3,$999.00,PM: Aspenware,"$296,659.00","$326,203.00"
PM: Aspenware,Lesson Comment,244378784,83150578,1/9/2027,Andrews,Holly,7,emandrews5@gmail.com,18022385993,PM | Ski | Children's Seasonal Program | 26/27 | Saturday | 7-12yrs | Full Day,inhaler for asthma,NONE,NONE,mild asthma,Emily Andrews,18022385993,1.00,,$999.00,PM: Aspenware,"$296,659.00","$326,203.00"
PM: Aspenware,Ability Level,243532726,85412441,1/9/2027,Blattner,Sylvia,5,sarahferguson84@gmail.com,6038601933,PM | Ski | Children's Seasonal Program | 26/27 | Saturday | 4-6yrs | 10am,NONE,NONE,NONE,NONE,Sarah Ferguson,16038601933,1.00,Level 2,$719.00,PM: Aspenware,"$296,659.00","$326,203.00"
PM: Aspenware,Lesson Comment,243532726,85412441,1/9/2027,Blattner,Sylvia,5,sarahferguson84@gmail.com,6038601933,PM | Ski | Children's Seasonal Program | 26/27 | Saturday | 4-6yrs | 10am,NONE,NONE,NONE,NONE,Sarah Ferguson,16038601933,1.00,,$719.00,PM: Aspenware,"$296,659.00","$326,203.00"
PM: Aspenware,Ability Level,243532726,83309233,1/9/2027,Blattner,Nina,7,sarahferguson84@gmail.com,6038601933,PM | Ski | Children's Seasonal Program | 26/27 | Saturday | 7-12yrs | 10am,NONE,NONE,NONE,NONE,Sarah Ferguson,16038601933,1.00,Level 4,$719.00,PM: Aspenware,"$296,659.00","$326,203.00"
PM: Aspenware,Lesson Comment,243532726,83309233,1/9/2027,Blattner,Nina,7,sarahferguson84@gmail.com,6038601933,PM | Ski | Children's Seasonal Program | 26/27 | Saturday | 7-12yrs | 10am,NONE,NONE,NONE,NONE,Sarah Ferguson,16038601933,1.00,,$719.00,PM: Aspenware,"$296,659.00","$326,203.00"
PM: Aspenware,Ability Level,243624626,84846847,1/9/2027,Turner,Tate,5,hlindsaywagner@gmail.com,9172263623,PM | Ski | Children's Seasonal Program | 26/27 | Saturday | 4-6yrs | Full Day,NONE,NONE,NONE,NONE,Lindsay Wagner,9172263623,1.00,Level 5,$959.00,PM: Aspenware,"$296,659.00","$326,203.00"
PM: Aspenware,Lesson Comment,243624626,84846847,1/9/2027,Turner,Tate,5,hlindsaywagner@gmail.com,9172263623,PM | Ski | Children's Seasonal Program | 26/27 | Saturday | 4-6yrs | Full Day,NONE,NONE,NONE,NONE,Lindsay Wagner,9172263623,1.00,,$959.00,PM: Aspenware,"$296,659.00","$326,203.00"
PM: Aspenware,Ability Level,243642264,83391654,1/9/2027,Davis,McKenzie,9,mjustindavis@gmail.com,6469125054,PM | Ski | Children's Seasonal Program | 26/27 | Saturday | 7-12yrs | Full Day,NONE,NONE,Penicillin,NONE,MICHAEL DAVIS,16469125054,1.00,Level 6,$959.00,PM: Aspenware,"$296,659.00","$326,203.00"
PM: Aspenware,Lesson Comment,243642264,83391654,1/9/2027,Davis,McKenzie,9,mjustindavis@gmail.com,6469125054,PM | Ski | Children's Seasonal Program | 26/27 | Saturday | 7-12yrs | Full Day,NONE,NONE,Penicillin,NONE,MICHAEL DAVIS,16469125054,1.00,,$959.00,PM: Aspenware,"$296,659.00","$326,203.00"
PM: Aspenware,Ability Level,243642264,83391638,1/9/2027,Davis,Alexander,6,mjustindavis@gmail.com,6469125054,PM | Ski | Children's Seasonal Program | 26/27 | Saturday | 4-6yrs | Full Day,NONE,NONE,PENICILLIN,NONE,MICHAEL DAVIS,16469125054,1.00,Level 5,$959.00,PM: Aspenware,"$296,659.00","$326,203.00"
PM: Aspenware,Lesson Comment,243642264,83391638,1/9/2027,Davis,Alexander,6,mjustindavis@gmail.com,6469125054,PM | Ski | Children's Seasonal Program | 26/27 | Saturday | 4-6yrs | Full Day,NONE,NONE,PENICILLIN,NONE,MICHAEL DAVIS,16469125054,1.00,,$959.00,PM: Aspenware,"$296,659.00","$326,203.00"
PM: Aspenware,Ability Level,243655327,83419698,1/9/2027,Castoldi,Grace,10,dougcastoldi@gmail.com,9172173343,PM | Ski | Children's Seasonal Program | 26/27 | Saturday | 7-12yrs | 10am,NONE,NONE,NONE,NONE,Doug Castoldi,9172173343,1.00,Level 4,$719.00,PM: Aspenware,"$296,659.00","$326,203.00"
PM: Aspenware,Lesson Comment,243655327,83419698,1/9/2027,Castoldi,Grace,10,dougcastoldi@gmail.com,9172173343,PM | Ski | Children's Seasonal Program | 26/27 | Saturday | 7-12yrs | 10am,NONE,NONE,NONE,NONE,Doug Castoldi,9172173343,1.00,,$719.00,PM: Aspenware,"$296,659.00","$326,203.00"
PM: Aspenware,Ability Level,243655327,83419701,1/9/2027,Castoldi,Owen,7,dougcastoldi@gmail.com,9172173343,PM | Ski | Children's Seasonal Program | 26/27 | Saturday | 7-12yrs | 10am,NONE,NONE,NONE,NONE,Doug Castoldi,9172173343,1.00,Level 4,$719.00,PM: Aspenware,"$296,659.00","$326,203.00"
PM: Aspenware,Lesson Comment,243655327,83419701,1/9/2027,Castoldi,Owen,7,dougcastoldi@gmail.com,9172173343,PM | Ski | Children's Seasonal Program | 26/27 | Saturday | 7-12yrs | 10am,NONE,NONE,NONE,NONE,Doug Castoldi,9172173343,1.00,,$719.00,PM: Aspenware,"$296,659.00","$326,203.00"
PM: Aspenware,Ability Level,244323447,83549057,1/9/2027,Johnston,Scarlett,7,mhjohnstonjr@gmail.com,9143253398,PM | Ski | Children's Seasonal Program | 26/27 | Saturday | 4-6yrs | Full Day,NONE,NONE,NONE,NONE,Haynes Johnston,19143253398,1.00,Level 4,$999.00,PM: Aspenware,"$296,659.00","$326,203.00"
PM: Aspenware,Lesson Comment,244323447,83549057,1/9/2027,Johnston,Scarlett,7,mhjohnstonjr@gmail.com,9143253398,PM | Ski | Children's Seasonal Program | 26/27 | Saturday | 4-6yrs | Full Day,NONE,NONE,NONE,NONE,Haynes Johnston,19143253398,1.00,,$999.00,PM: Aspenware,"$296,659.00","$326,203.00"
PM: Aspenware,Ability Level,244323447,83549056,1/9/2027,Johnston,Birdie,9,mhjohnstonjr@gmail.com,9143253398,PM | Ski | Children's Seasonal Program | 26/27 | Saturday | 7-12yrs | Full Day,NONE,NONE,NONE,NONE,Haynes Johnston,19143253398,1.00,Level 5,$999.00,PM: Aspenware,"$296,659.00","$326,203.00"
PM: Aspenware,Lesson Comment,244323447,83549056,1/9/2027,Johnston,Birdie,9,mhjohnstonjr@gmail.com,9143253398,PM | Ski | Children's Seasonal Program | 26/27 | Saturday | 7-12yrs | Full Day,NONE,NONE,NONE,NONE,Haynes Johnston,19143253398,1.00,,$999.00,PM: Aspenware,"$296,659.00","$326,203.00"
PM: Aspenware,Ability Level,243619751,85772013,1/9/2027,Gostanian,Aram,5,jaime.gostanian@gmail.com,19086928406,PM | Ski | Children's Seasonal Program | 26/27 | Saturday | 4-6yrs | 10am,NONE,NONE,NONE,NONE,Jaime Gostanian,19086928406,1.00,Level 4,$719.00,PM: Aspenware,"$296,659.00","$326,203.00"
PM: Aspenware,Lesson Comment,243619751,85772013,1/9/2027,Gostanian,Aram,5,jaime.gostanian@gmail.com,19086928406,PM | Ski | Children's Seasonal Program | 26/27 | Saturday | 4-6yrs | 10am,NONE,NONE,NONE,NONE,Jaime Gostanian,19086928406,1.00,,$719.00,PM: Aspenware,"$296,659.00","$326,203.00"
PM: Aspenware,Ability Level,243619751,83622342,1/9/2027,Gostanian,Rose,7,jaime.gostanian@gmail.com,19086928406,PM | Ski | Children's Seasonal Program | 26/27 | Saturday | 7-12yrs | 10am,NONE,NONE,NONE,NONE,Jaime Gostanian,19086928406,1.00,Level 5,$719.00,PM: Aspenware,"$296,659.00","$326,203.00"
PM: Aspenware,Lesson Comment,243619751,83622342,1/9/2027,Gostanian,Rose,7,jaime.gostanian@gmail.com,19086928406,PM | Ski | Children's Seasonal Program | 26/27 | Saturday | 7-12yrs | 10am,NONE,NONE,NONE,NONE,Jaime Gostanian,19086928406,1.00,,$719.00,PM: Aspenware,"$296,659.00","$326,203.00"
PM: Aspenware,Ability Level,243873647,86993296,1/9/2027,Larmon,Quinn,7,jslarmon@gmail.com,6037622240,PM | Ski | Children's Seasonal Program | 26/27 | Saturday | 7-12yrs | 10am,NONE,NONE,NONE,NONE,Jay Larmon,6037622240,1.00,Level 4,$719.00,PM: Aspenware,"$296,659.00","$326,203.00"
PM: Aspenware,Lesson Comment,243873647,86993296,1/9/2027,Larmon,Quinn,7,jslarmon@gmail.com,6037622240,PM | Ski | Children's Seasonal Program | 26/27 | Saturday | 7-12yrs | 10am,NONE,NONE,NONE,NONE,Jay Larmon,6037622240,1.00,,$719.00,PM: Aspenware,"$296,659.00","$326,203.00"
PM: Aspenware,Ability Level,243873647,86993297,1/9/2027,Larmon,Jack,5,jslarmon@gmail.com,6037622240,PM | Ski | Children's Seasonal Program | 26/27 | Saturday | 4-6yrs | 10am,NONE,NONE,NONE,NONE,Jay Larmon,6037622240,1.00,Level 2,$719.00,PM: Aspenware,"$296,659.00","$326,203.00"
PM: Aspenware,Lesson Comment,243873647,86993297,1/9/2027,Larmon,Jack,5,jslarmon@gmail.com,6037622240,PM | Ski | Children's Seasonal Program | 26/27 | Saturday | 4-6yrs | 10am,NONE,NONE,NONE,NONE,Jay Larmon,6037622240,1.00,,$719.00,PM: Aspenware,"$296,659.00","$326,203.00"
PM: Aspenware,Ability Level,243517500,85694917,1/9/2027,Saotome,Kaira,6,hfsaotome@gmail.com,19898599154,PM | Ski | Children's Seasonal Program | 26/27 | Saturday | 4-6yrs | 1pm,NONE,NONE,NONE,Unsure what the level system is.  She just went up pine quad for the first time at the end of the season and felt comfortable.,Hiroki Saotome,19898599154,1.00,Level 2,$719.00,PM: Aspenware,"$296,659.00","$326,203.00"
PM: Aspenware,Lesson Comment,243517500,85694917,1/9/2027,Saotome,Kaira,6,hfsaotome@gmail.com,19898599154,PM | Ski | Children's Seasonal Program | 26/27 | Saturday | 4-6yrs | 1pm,NONE,NONE,NONE,Unsure what the level system is.  She just went up pine quad for the first time at the end of the season and felt comfortable.,Hiroki Saotome,19898599154,1.00,,$719.00,PM: Aspenware,"$296,659.00","$326,203.00"
PM: Aspenware,Ability Level,244009005,87015306,1/9/2027,Kremer,Hugo,5,hopie.kremer@gmail.com,2035619546,PM | Ski | Children's Seasonal Program | 26/27 | Saturday | 4-6yrs | 10am,NONE,NONE,NONE,NONE,Hope Kremer,2035619546,1.00,Level 5,$719.00,PM: Aspenware,"$296,659.00","$326,203.00"
PM: Aspenware,Lesson Comment,244009005,87015306,1/9/2027,Kremer,Hugo,5,hopie.kremer@gmail.com,2035619546,PM | Ski | Children's Seasonal Program | 26/27 | Saturday | 4-6yrs | 10am,NONE,NONE,NONE,NONE,Hope Kremer,2035619546,1.00,,$719.00,PM: Aspenware,"$296,659.00","$326,203.00"
PM: Aspenware,Ability Level,244009005,87015311,1/9/2027,Kremer,Ulla,7,hopie.kremer@gmail.com,2035619546,PM | Ski | Children's Seasonal Program | 26/27 | Saturday | 7-12yrs | 10am,NONE,NONE,NONE,NONE,Hope Kremer,2035619546,1.00,Level 6,$719.00,PM: Aspenware,"$296,659.00","$326,203.00"
PM: Aspenware,Lesson Comment,244009005,87015311,1/9/2027,Kremer,Ulla,7,hopie.kremer@gmail.com,2035619546,PM | Ski | Children's Seasonal Program | 26/27 | Saturday | 7-12yrs | 10am,NONE,NONE,NONE,NONE,Hope Kremer,2035619546,1.00,,$719.00,PM: Aspenware,"$296,659.00","$326,203.00"
PM: Aspenware,Ability Level,244165867,85309188,1/9/2027,Cassin,Myla,4,victorialibb@gmail.com,6036608791,PM | Ski | Children's Seasonal Program | 26/27 | Saturday | 4-6yrs | 10am,NONE,NONE,NONE,NONE,Victoria Libby,9143291538,1.00,Level 2,$719.00,PM: Aspenware,"$296,659.00","$326,203.00"
PM: Aspenware,Lesson Comment,244165867,85309188,1/9/2027,Cassin,Myla,4,victorialibb@gmail.com,6036608791,PM | Ski | Children's Seasonal Program | 26/27 | Saturday | 4-6yrs | 10am,NONE,NONE,NONE,NONE,Victoria Libby,9143291538,1.00,,$719.00,PM: Aspenware,"$296,659.00","$326,203.00"
PM: Aspenware,Ability Level,244165867,83904789,1/9/2027,Cassin,Luna,9,victorialibb@gmail.com,6036608791,PM | Ski | Children's Seasonal Program | 26/27 | Saturday | 7-12yrs | 10am,NONE,NONE,NONE,NONE,Victoria Libby,9143291538,1.00,Level 5,$719.00,PM: Aspenware,"$296,659.00","$326,203.00"
PM: Aspenware,Lesson Comment,244165867,83904789,1/9/2027,Cassin,Luna,9,victorialibb@gmail.com,6036608791,PM | Ski | Children's Seasonal Program | 26/27 | Saturday | 7-12yrs | 10am,NONE,NONE,NONE,NONE,Victoria Libby,9143291538,1.00,,$719.00,PM: Aspenware,"$296,659.00","$326,203.00"
PM: Aspenware,Ability Level,243749703,86965693,1/9/2027,Carr,Oliver,6,Molly.Lanigan@gmail.com,9785499954,PM | Ski | Children's Seasonal Program | 26/27 | Saturday | 4-6yrs | 10am,N/A,N/A,N/A,N/A,Molly Carr,19785499954,1.00,Level 1,$719.00,PM: Aspenware,"$296,659.00","$326,203.00"
PM: Aspenware,Lesson Comment,243749703,86965693,1/9/2027,Carr,Oliver,6,Molly.Lanigan@gmail.com,9785499954,PM | Ski | Children's Seasonal Program | 26/27 | Saturday | 4-6yrs | 10am,N/A,N/A,N/A,N/A,Molly Carr,19785499954,1.00,,$719.00,PM: Aspenware,"$296,659.00","$326,203.00"
PM: Aspenware,Ability Level,243624420,85429506,1/9/2027,Gilbert,Asa David,5,marielngilbert@gmail.com,17813673382,PM | Ski | Children's Seasonal Program | 26/27 | Saturday | 4-6yrs | Full Day,NONE,NONE,NONE,NONE,Mariel Gilbert,17813673382,1.00,Level 4,$959.00,PM: Aspenware,"$296,659.00","$326,203.00"
PM: Aspenware,Lesson Comment,243624420,85429506,1/9/2027,Gilbert,Asa David,5,marielngilbert@gmail.com,17813673382,PM | Ski | Children's Seasonal Program | 26/27 | Saturday | 4-6yrs | Full Day,NONE,NONE,NONE,NONE,Mariel Gilbert,17813673382,1.00,,$959.00,PM: Aspenware,"$296,659.00","$326,203.00"
PM: Aspenware,Ability Level,243624420,83918206,1/9/2027,Gilbert,Remi,6,marielngilbert@gmail.com,17813673382,PM | Ski | Children's Seasonal Program | 26/27 | Saturday | 4-6yrs | Full Day,NONE,NONE,NONE,NONE,Samuel Gilbert,215-815-3191,1.00,Level 6,$959.00,PM: Aspenware,"$296,659.00","$326,203.00"
PM: Aspenware,Lesson Comment,243624420,83918206,1/9/2027,Gilbert,Remi,6,marielngilbert@gmail.com,17813673382,PM | Ski | Children's Seasonal Program | 26/27 | Saturday | 4-6yrs | Full Day,NONE,NONE,NONE,NONE,Samuel Gilbert,215-815-3191,1.00,,$959.00,PM: Aspenware,"$296,659.00","$326,203.00"
PM: Aspenware,Ability Level,244486343,83943001,1/9/2027,Hampson,Teddy,6,lashampson@gmail.com,4254459033,PM | Ski | Children's Seasonal Program | 26/27 | Saturday | 4-6yrs | 10am,NONE,NONE,NONE,Wears glasses,Lauren Hampson,14254459033,1.00,Level 1,$779.00,PM: Aspenware,"$296,659.00","$326,203.00"
PM: Aspenware,Lesson Comment,244486343,83943001,1/9/2027,Hampson,Teddy,6,lashampson@gmail.com,4254459033,PM | Ski | Children's Seasonal Program | 26/27 | Saturday | 4-6yrs | 10am,NONE,NONE,NONE,Wears glasses,Lauren Hampson,14254459033,1.00,,$779.00,PM: Aspenware,"$296,659.00","$326,203.00"
PM: Aspenware,Ability Level,244486343,84889208,1/9/2027,Hampson,Margaret,4,lashampson@gmail.com,4254459033,PM | Ski | Children's Seasonal Program | 26/27 | Saturday | 4-6yrs | 10am,NONE,NONE,NONE,NONE,Lauren Hampson,14254459033,1.00,Level 1,$779.00,PM: Aspenware,"$296,659.00","$326,203.00"
PM: Aspenware,Lesson Comment,244486343,84889208,1/9/2027,Hampson,Margaret,4,lashampson@gmail.com,4254459033,PM | Ski | Children's Seasonal Program | 26/27 | Saturday | 4-6yrs | 10am,NONE,NONE,NONE,NONE,Lauren Hampson,14254459033,1.00,,$779.00,PM: Aspenware,"$296,659.00","$326,203.00"
PM: Aspenware,Ability Level,244494749,84052080,1/9/2027,McDonald,Brooks,5,Alexandriaclay8@yahoo.com,7742452299,PM | SB | Children's Seasonal Program | 26/27 | Saturday | 4-6yrs | 10am,NONE,NONE,Augmentin,NONE,Alexandria McDonald,774-245-2299,1.00,Level 1,$779.00,PM: Aspenware,"$296,659.00","$326,203.00"
PM: Aspenware,Lesson Comment,244494749,84052080,1/9/2027,McDonald,Brooks,5,Alexandriaclay8@yahoo.com,7742452299,PM | SB | Children's Seasonal Program | 26/27 | Saturday | 4-6yrs | 10am,NONE,NONE,Augmentin,NONE,Alexandria McDonald,774-245-2299,1.00,,$779.00,PM: Aspenware,"$296,659.00","$326,203.00"
PM: Aspenware,Ability Level,243635752,85479961,1/9/2027,Parnes,Owen,5,efgoodspeed@gmail.com,6037703986,PM | Ski | Children's Seasonal Program | 26/27 | Saturday | 4-6yrs | 10am,NONE,NONE,NONE,NONE,Elizabeth Goodspeed,16037703986,1.00,Level 4,$719.00,PM: Aspenware,"$296,659.00","$326,203.00"
PM: Aspenware,Lesson Comment,243635752,85479961,1/9/2027,Parnes,Owen,5,efgoodspeed@gmail.com,6037703986,PM | Ski | Children's Seasonal Program | 26/27 | Saturday | 4-6yrs | 10am,NONE,NONE,NONE,NONE,Elizabeth Goodspeed,16037703986,1.00,,$719.00,PM: Aspenware,"$296,659.00","$326,203.00"
PM: Aspenware,Ability Level,243635752,85479962,1/9/2027,Parnes,Ethan,5,efgoodspeed@gmail.com,6037703986,PM | Ski | Children's Seasonal Program | 26/27 | Saturday | 4-6yrs | 10am,NONE,NONE,NONE,NONE,Elizabeth Goodspeed,16037703986,1.00,Level 4,$719.00,PM: Aspenware,"$296,659.00","$326,203.00"
PM: Aspenware,Lesson Comment,243635752,85479962,1/9/2027,Parnes,Ethan,5,efgoodspeed@gmail.com,6037703986,PM | Ski | Children's Seasonal Program | 26/27 | Saturday | 4-6yrs | 10am,NONE,NONE,NONE,NONE,Elizabeth Goodspeed,16037703986,1.00,,$719.00,PM: Aspenware,"$296,659.00","$326,203.00"
PM: Aspenware,Ability Level,243635752,84096749,1/9/2027,Parnes,Elliot,8,efgoodspeed@gmail.com,6037703986,PM | Ski | Children's Seasonal Program | 26/27 | Saturday | 7-12yrs | 10am,NONE,NONE,NONE,NONE,Elizabeth Goodspeed,16037703986,1.00,Level 5,$719.00,PM: Aspenware,"$296,659.00","$326,203.00"
PM: Aspenware,Lesson Comment,243635752,84096749,1/9/2027,Parnes,Elliot,8,efgoodspeed@gmail.com,6037703986,PM | Ski | Children's Seasonal Program | 26/27 | Saturday | 7-12yrs | 10am,NONE,NONE,NONE,NONE,Elizabeth Goodspeed,16037703986,1.00,,$719.00,PM: Aspenware,"$296,659.00","$326,203.00"
PM: Aspenware,Ability Level,244258822,84209135,1/9/2027,Ritchie,Leo,9,lritchie@pierceatwood.com,2073170614,PM | Ski | Children's Seasonal Program | 26/27 | Saturday | 7-12yrs | 1pm,NONE,NONE,NONE,NONE,Michelle Ritchie,6036745524,1.00,Level 6,$719.00,PM: Aspenware,"$296,659.00","$326,203.00"
PM: Aspenware,Lesson Comment,244258822,84209135,1/9/2027,Ritchie,Leo,9,lritchie@pierceatwood.com,2073170614,PM | Ski | Children's Seasonal Program | 26/27 | Saturday | 7-12yrs | 1pm,NONE,NONE,NONE,NONE,Michelle Ritchie,6036745524,1.00,,$719.00,PM: Aspenware,"$296,659.00","$326,203.00"
PM: Aspenware,Ability Level,243953873,83940414,1/9/2027,DELLI COLLI,Gia,7,delli22@hotmail.com,2079398746,PM | Ski | Children's Seasonal Program | 26/27 | Saturday | 7-12yrs | 1pm,NONE,NONE,NONE,NONE,Nichol Penna,12079398746,1.00,Level 6,$719.00,PM: Aspenware,"$296,659.00","$326,203.00"
PM: Aspenware,Lesson Comment,243953873,83940414,1/9/2027,DELLI COLLI,Gia,7,delli22@hotmail.com,2079398746,PM | Ski | Children's Seasonal Program | 26/27 | Saturday | 7-12yrs | 1pm,NONE,NONE,NONE,NONE,Nichol Penna,12079398746,1.00,,$719.00,PM: Aspenware,"$296,659.00","$326,203.00"
PM: Aspenware,Ability Level,243953873,83940418,1/9/2027,DELLI COLLI,Lena,10,nichol.dellicolli@gmail.com,,PM | Ski | Children's Seasonal Program | 26/27 | Saturday | 7-12yrs | Full Day,NONE,NONE,NONE,None - wants to be with Eleanor McDevitt please. Both want to learn racing techniques :-),Nichol Penna,12079398746,1.00,Level 7,$959.00,PM: Aspenware,"$296,659.00","$326,203.00"
PM: Aspenware,Lesson Comment,243953873,83940418,1/9/2027,DELLI COLLI,Lena,10,nichol.dellicolli@gmail.com,,PM | Ski | Children's Seasonal Program | 26/27 | Saturday | 7-12yrs | Full Day,NONE,NONE,NONE,None - wants to be with Eleanor McDevitt please. Both want to learn racing techniques :-),Nichol Penna,12079398746,1.00,,$959.00,PM: Aspenware,"$296,659.00","$326,203.00"
PM: Aspenware,Ability Level,243522865,84780438,1/9/2027,Selim,Holden,5,jselim@gmail.com,15107082783,PM | Ski | Children's Seasonal Program | 26/27 | Saturday | 4-6yrs | Full Day,NONE,NONE,NONE,NONE,Melissa Selim,15107082783,1.00,Level 3,$959.00,PM: Aspenware,"$296,659.00","$326,203.00"
PM: Aspenware,Lesson Comment,243522865,84780438,1/9/2027,Selim,Holden,5,jselim@gmail.com,15107082783,PM | Ski | Children's Seasonal Program | 26/27 | Saturday | 4-6yrs | Full Day,NONE,NONE,NONE,NONE,Melissa Selim,15107082783,1.00,,$959.00,PM: Aspenware,"$296,659.00","$326,203.00"
PM: Aspenware,Ability Level,243522865,83897189,1/9/2027,Selim,Finn,8,jselim@gmail.com,15107082783,PM | Ski | Children's Seasonal Program | 26/27 | Saturday | 7-12yrs | Full Day,NONE,NONE,Amoxycillin,NONE,Melissa Selim,15107082783,1.00,Level 4,$959.00,PM: Aspenware,"$296,659.00","$326,203.00"
PM: Aspenware,Lesson Comment,243522865,83897189,1/9/2027,Selim,Finn,8,jselim@gmail.com,15107082783,PM | Ski | Children's Seasonal Program | 26/27 | Saturday | 7-12yrs | Full Day,NONE,NONE,Amoxycillin,NONE,Melissa Selim,15107082783,1.00,,$959.00,PM: Aspenware,"$296,659.00","$326,203.00"
PM: Aspenware,Ability Level,243703636,85108020,1/9/2027,Kinnucan,Lumi,5,amy.freedberg@gmail.com,6177978349,PM | Ski | Children's Seasonal Program | 26/27 | Saturday | 4-6yrs | Full Day,NONE,"Salmon, Trout",NONE,NONE,Amy Freedberg,6177978349,1.00,Level 4,$959.00,PM: Aspenware,"$296,659.00","$326,203.00"
PM: Aspenware,Lesson Comment,243703636,85108020,1/9/2027,Kinnucan,Lumi,5,amy.freedberg@gmail.com,6177978349,PM | Ski | Children's Seasonal Program | 26/27 | Saturday | 4-6yrs | Full Day,NONE,"Salmon, Trout",NONE,NONE,Amy Freedberg,6177978349,1.00,,$959.00,PM: Aspenware,"$296,659.00","$326,203.00"
PM: Aspenware,Ability Level,244405931,86644083,1/9/2027,Harry,Oliver,6,laurenmbharry@gmail.com,3018017935,PM | Ski | Children's Seasonal Program | 26/27 | Saturday | 4-6yrs | 10am,NONE,NONE,NONE,NONE,Lauren Harry,3018017935,1.00,Level 4,$779.00,PM: Aspenware,"$296,659.00","$326,203.00"
PM: Aspenware,Lesson Comment,244405931,86644083,1/9/2027,Harry,Oliver,6,laurenmbharry@gmail.com,3018017935,PM | Ski | Children's Seasonal Program | 26/27 | Saturday | 4-6yrs | 10am,NONE,NONE,NONE,NONE,Lauren Harry,3018017935,1.00,,$779.00,PM: Aspenware,"$296,659.00","$326,203.00"
PM: Aspenware,Ability Level,244405931,86644085,1/9/2027,Harry,Lincoln,4,laurenmbharry@gmail.com,3018017935,PM | Ski | Children's Seasonal Program | 26/27 | Saturday | 4-6yrs | 10am,NONE,NONE,NONE,NONE,Lauren Harry,3018017935,1.00,Level 3,$779.00,PM: Aspenware,"$296,659.00","$326,203.00"
PM: Aspenware,Lesson Comment,244405931,86644085,1/9/2027,Harry,Lincoln,4,laurenmbharry@gmail.com,3018017935,PM | Ski | Children's Seasonal Program | 26/27 | Saturday | 4-6yrs | 10am,NONE,NONE,NONE,NONE,Lauren Harry,3018017935,1.00,,$779.00,PM: Aspenware,"$296,659.00","$326,203.00"
PM: Aspenware,Ability Level,244737533,84921429,1/9/2027,Peary,Rose,5,jean.train@gmail.com,9177430508,PM | Ski | Children's Seasonal Program | 26/27 | Saturday | 4-6yrs | 1pm,NONE,NONE,NONE,NONE,Jean Train,9177430508,1.00,Level 3,$779.00,PM: Aspenware,"$296,659.00","$326,203.00"
PM: Aspenware,Lesson Comment,244737533,84921429,1/9/2027,Peary,Rose,5,jean.train@gmail.com,9177430508,PM | Ski | Children's Seasonal Program | 26/27 | Saturday | 4-6yrs | 1pm,NONE,NONE,NONE,NONE,Jean Train,9177430508,1.00,,$779.00,PM: Aspenware,"$296,659.00","$326,203.00"
PM: Aspenware,Ability Level,244737533,84921428,1/9/2027,Peary,Isla,7,jean.train@gmail.com,9177430508,PM | Ski | Children's Seasonal Program | 26/27 | Saturday | 7-12yrs | 1pm,NONE,NONE,NONE,NONE,Jean Train,9177430508,1.00,Level 3,$779.00,PM: Aspenware,"$296,659.00","$326,203.00"
PM: Aspenware,Lesson Comment,244737533,84921428,1/9/2027,Peary,Isla,7,jean.train@gmail.com,9177430508,PM | Ski | Children's Seasonal Program | 26/27 | Saturday | 7-12yrs | 1pm,NONE,NONE,NONE,NONE,Jean Train,9177430508,1.00,,$779.00,PM: Aspenware,"$296,659.00","$326,203.00"
PM: Aspenware,Ability Level,243646068,85409699,1/9/2027,Barth,Ivy,10,lizelfman@gmail.com,2022942362,PM | Ski | Children's Seasonal Program | 26/27 | Saturday | 7-12yrs | Full Day,NONE,NONE,NONE,NONE,Liz Elfman,2022942362,1.00,Level 7,$959.00,PM: Aspenware,"$296,659.00","$326,203.00"
PM: Aspenware,Lesson Comment,243646068,85409699,1/9/2027,Barth,Ivy,10,lizelfman@gmail.com,2022942362,PM | Ski | Children's Seasonal Program | 26/27 | Saturday | 7-12yrs | Full Day,NONE,NONE,NONE,NONE,Liz Elfman,2022942362,1.00,,$959.00,PM: Aspenware,"$296,659.00","$326,203.00"
PM: Aspenware,Ability Level,244450237,84966499,1/9/2027,Ouellette,Clare,9,laraghk@outlook.com,2073218902,PM | Ski | Children's Seasonal Program | 26/27 | Saturday | 7-12yrs | 10am,NONE,NONE,NONE,NONE,Laragh Kavanaugh,2073218902,1.00,Level 2,$779.00,PM: Aspenware,"$296,659.00","$326,203.00"
PM: Aspenware,Lesson Comment,244450237,84966499,1/9/2027,Ouellette,Clare,9,laraghk@outlook.com,2073218902,PM | Ski | Children's Seasonal Program | 26/27 | Saturday | 7-12yrs | 10am,NONE,NONE,NONE,NONE,Laragh Kavanaugh,2073218902,1.00,,$779.00,PM: Aspenware,"$296,659.00","$326,203.00"
PM: Aspenware,Ability Level,244450237,84966504,1/9/2027,Ouellette,Wesley,7,laraghk@outlook.com,2073218902,PM | Ski | Children's Seasonal Program | 26/27 | Saturday | 7-12yrs | 10am,Symbacourt Inhaler,NONE,NONE,Asthma,Laragh Kavanaugh,2073218902,1.00,Level 2,$779.00,PM: Aspenware,"$296,659.00","$326,203.00"
PM: Aspenware,Lesson Comment,244450237,84966504,1/9/2027,Ouellette,Wesley,7,laraghk@outlook.com,2073218902,PM | Ski | Children's Seasonal Program | 26/27 | Saturday | 7-12yrs | 10am,Symbacourt Inhaler,NONE,NONE,Asthma,Laragh Kavanaugh,2073218902,1.00,,$779.00,PM: Aspenware,"$296,659.00","$326,203.00"
PM: Aspenware,Ability Level,244359050,84982231,1/9/2027,Miller,Max,6,christinalchase1@gmail.com,2072722002,PM | Ski | Children's Seasonal Program | 26/27 | Saturday | 4-6yrs | Full Day,NONE,NONE,NONE,NONE,Christina Chase,2072722002,1.00,Level 2,$999.00,PM: Aspenware,"$296,659.00","$326,203.00"
PM: Aspenware,Lesson Comment,244359050,84982231,1/9/2027,Miller,Max,6,christinalchase1@gmail.com,2072722002,PM | Ski | Children's Seasonal Program | 26/27 | Saturday | 4-6yrs | Full Day,NONE,NONE,NONE,NONE,Christina Chase,2072722002,1.00,,$999.00,PM: Aspenware,"$296,659.00","$326,203.00"
PM: Aspenware,Ability Level,244548845,85071026,1/9/2027,Grunwald,Hayden,5,matthewgrunwald@gmail.com,9172322284,PM | Ski | Children's Seasonal Program | 26/27 | Saturday | 4-6yrs | 10am,NONE,NONE,NONE,NONE,Matthew Grunwald,9172322284,1.00,Level 2,$779.00,PM: Aspenware,"$296,659.00","$326,203.00"
PM: Aspenware,Lesson Comment,244548845,85071026,1/9/2027,Grunwald,Hayden,5,matthewgrunwald@gmail.com,9172322284,PM | Ski | Children's Seasonal Program | 26/27 | Saturday | 4-6yrs | 10am,NONE,NONE,NONE,NONE,Matthew Grunwald,9172322284,1.00,,$779.00,PM: Aspenware,"$296,659.00","$326,203.00"
PM: Aspenware,Ability Level,243637519,85111800,1/9/2027,Gardner,Bell,4,kalegrant@gmail.com,9077503138,PM | Ski | Children's Seasonal Program | 26/27 | Saturday | 4-6yrs | 10am,NONE,NONE,NONE,NONE,Karina Gardner,9077503138,1.00,Level 1,$719.00,PM: Aspenware,"$296,659.00","$326,203.00"
PM: Aspenware,Lesson Comment,243637519,85111800,1/9/2027,Gardner,Bell,4,kalegrant@gmail.com,9077503138,PM | Ski | Children's Seasonal Program | 26/27 | Saturday | 4-6yrs | 10am,NONE,NONE,NONE,NONE,Karina Gardner,9077503138,1.00,,$719.00,PM: Aspenware,"$296,659.00","$326,203.00"
PM: Aspenware,Ability Level,243637519,85111806,1/9/2027,Gardner,Rose,7,kalegrant@gmail.com,9077503138,PM | Ski | Children's Seasonal Program | 26/27 | Saturday | 7-12yrs | 10am,NONE,NONE,NONE,NONE,Karina Gardner,9077503138,1.00,Level 3,$719.00,PM: Aspenware,"$296,659.00","$326,203.00"
PM: Aspenware,Lesson Comment,243637519,85111806,1/9/2027,Gardner,Rose,7,kalegrant@gmail.com,9077503138,PM | Ski | Children's Seasonal Program | 26/27 | Saturday | 7-12yrs | 10am,NONE,NONE,NONE,NONE,Karina Gardner,9077503138,1.00,,$719.00,PM: Aspenware,"$296,659.00","$326,203.00"
PM: Aspenware,Ability Level,244323667,85294336,1/9/2027,Vogel,Rosalind,8,sylvan.vogel@gmail.com,2073171804,PM | Ski | Children's Seasonal Program | 26/27 | Saturday | 7-12yrs | Full Day,NONE,NONE,NONE,NONE,Sylvan Vogel,2073171804,1.00,Level 5,$999.00,PM: Aspenware,"$296,659.00","$326,203.00"
PM: Aspenware,Lesson Comment,244323667,85294336,1/9/2027,Vogel,Rosalind,8,sylvan.vogel@gmail.com,2073171804,PM | Ski | Children's Seasonal Program | 26/27 | Saturday | 7-12yrs | Full Day,NONE,NONE,NONE,NONE,Sylvan Vogel,2073171804,1.00,,$999.00,PM: Aspenware,"$296,659.00","$326,203.00"
PM: Aspenware,Ability Level,243967539,85428724,1/9/2027,Mccormack,Teddy,6,Jcdmccormack@gmail.com,2077271231,PM | Ski | Children's Seasonal Program | 26/27 | Saturday | 4-6yrs | 1pm,NONE,NONE,NONE,NONE,Erica McCormack,2077271231,1.00,Level 4,$719.00,PM: Aspenware,"$296,659.00","$326,203.00"
PM: Aspenware,Lesson Comment,243967539,85428724,1/9/2027,Mccormack,Teddy,6,Jcdmccormack@gmail.com,2077271231,PM | Ski | Children's Seasonal Program | 26/27 | Saturday | 4-6yrs | 1pm,NONE,NONE,NONE,NONE,Erica McCormack,2077271231,1.00,,$719.00,PM: Aspenware,"$296,659.00","$326,203.00"
PM: Aspenware,Ability Level,243967539,85428719,1/9/2027,Mccormack,Alice,9,Jcdmccormack@gmail.com,2077271231,PM | Ski | Children's Seasonal Program | 26/27 | Saturday | 7-12yrs | 1pm,NONE,NONE,NONE,NONE,Erica McCormack,2077271231,1.00,Level 5,$719.00,PM: Aspenware,"$296,659.00","$326,203.00"
PM: Aspenware,Lesson Comment,243967539,85428719,1/9/2027,Mccormack,Alice,9,Jcdmccormack@gmail.com,2077271231,PM | Ski | Children's Seasonal Program | 26/27 | Saturday | 7-12yrs | 1pm,NONE,NONE,NONE,NONE,Erica McCormack,2077271231,1.00,,$719.00,PM: Aspenware,"$296,659.00","$326,203.00"
PM: Aspenware,Ability Level,243967539,85428712,1/9/2027,Mccormack,Eleanor,11,Jcdmccormack@gmail.com,2077271231,PM | Ski | Children's Seasonal Program | 26/27 | Saturday | 7-12yrs | 1pm,NONE,NONE,NONE,NONE,Erica McCormack,2077271231,1.00,Level 5,$719.00,PM: Aspenware,"$296,659.00","$326,203.00"
PM: Aspenware,Lesson Comment,243967539,85428712,1/9/2027,Mccormack,Eleanor,11,Jcdmccormack@gmail.com,2077271231,PM | Ski | Children's Seasonal Program | 26/27 | Saturday | 7-12yrs | 1pm,NONE,NONE,NONE,NONE,Erica McCormack,2077271231,1.00,,$719.00,PM: Aspenware,"$296,659.00","$326,203.00"
PM: Aspenware,Ability Level,243895875,85429646,1/9/2027,Cummins,Everett,9,jannaandtravis@gmail.com,7138995705,PM | Ski | Children's Seasonal Program | 26/27 | Saturday | 7-12yrs | 10am,"Epinephrine auto-injector (e.g., epi-pen)","Sesame, Chickpea, sunflower seed, and Green Pea allergy",None,None,Travis Cummins,+1 713-899-5705,1.00,Level 5,$719.00,PM: Aspenware,"$296,659.00","$326,203.00"
PM: Aspenware,Lesson Comment,243895875,85429646,1/9/2027,Cummins,Everett,9,jannaandtravis@gmail.com,7138995705,PM | Ski | Children's Seasonal Program | 26/27 | Saturday | 7-12yrs | 10am,"Epinephrine auto-injector (e.g., epi-pen)","Sesame, Chickpea, sunflower seed, and Green Pea allergy",None,None,Travis Cummins,+1 713-899-5705,1.00,,$719.00,PM: Aspenware,"$296,659.00","$326,203.00"
PM: Aspenware,Ability Level,243895875,85765581,1/9/2027,Cummins,Weston,11,jannaandtravis@gmail.com,7138995705,PM | Ski | Children's Seasonal Program | 26/27 | Saturday | 7-12yrs | 10am,"Epinephrine auto-injector (e.g., epi-pen)",Peanut Allergy,None,None,Travis Cummins,+1 713-899-5705,1.00,Level 5,$719.00,PM: Aspenware,"$296,659.00","$326,203.00"
PM: Aspenware,Lesson Comment,243895875,85765581,1/9/2027,Cummins,Weston,11,jannaandtravis@gmail.com,7138995705,PM | Ski | Children's Seasonal Program | 26/27 | Saturday | 7-12yrs | 10am,"Epinephrine auto-injector (e.g., epi-pen)",Peanut Allergy,None,None,Travis Cummins,+1 713-899-5705,1.00,,$719.00,PM: Aspenware,"$296,659.00","$326,203.00"
PM: Aspenware,Ability Level,243634644,85500807,1/9/2027,Isabelle,Julian,6,meredithannebaker@gmail.com,6037703722,PM | Ski | Children's Seasonal Program | 26/27 | Saturday | 4-6yrs | 10am,NONE,NONE,NONE,NONE,Meredith Baker,6037703722,1.00,Level 3,$719.00,PM: Aspenware,"$296,659.00","$326,203.00"
PM: Aspenware,Lesson Comment,243634644,85500807,1/9/2027,Isabelle,Julian,6,meredithannebaker@gmail.com,6037703722,PM | Ski | Children's Seasonal Program | 26/27 | Saturday | 4-6yrs | 10am,NONE,NONE,NONE,NONE,Meredith Baker,6037703722,1.00,,$719.00,PM: Aspenware,"$296,659.00","$326,203.00"
PM: Aspenware,Ability Level,244528161,85500807,1/9/2027,Isabelle,Julian,6,meredithannebaker@gmail.com,6037703722,PM | Ski | Children's Seasonal Program | 26/27 | Saturday | 4-6yrs | 10am,NONE,NONE,NONE,NONE,Meredith Baker,6037703722,1.00,Level 3,$779.00,PM: Aspenware,"$296,659.00","$326,203.00"
PM: Aspenware,Lesson Comment,244528161,85500807,1/9/2027,Isabelle,Julian,6,meredithannebaker@gmail.com,6037703722,PM | Ski | Children's Seasonal Program | 26/27 | Saturday | 4-6yrs | 10am,NONE,NONE,NONE,NONE,Meredith Baker,6037703722,1.00,,$779.00,PM: Aspenware,"$296,659.00","$326,203.00"
PM: Aspenware,Ability Level,244247273,85581958,1/9/2027,Parker,Riley,4,parkerpainting@hotmail.com,7819646677,PM | Ski | Children's Seasonal Program | 26/27 | Saturday | 4-6yrs | Full Day,NONE,NONE,NONE,NONE,Nicholas Parker,7819646677,1.00,Level 2,$959.00,PM: Aspenware,"$296,659.00","$326,203.00"
PM: Aspenware,Lesson Comment,244247273,85581958,1/9/2027,Parker,Riley,4,parkerpainting@hotmail.com,7819646677,PM | Ski | Children's Seasonal Program | 26/27 | Saturday | 4-6yrs | Full Day,NONE,NONE,NONE,NONE,Nicholas Parker,7819646677,1.00,,$959.00,PM: Aspenware,"$296,659.00","$326,203.00"
PM: Aspenware,Ability Level,244247273,85581959,1/9/2027,Parker,Arden,7,parkerpainting@hotmail.com,7819646677,PM | Ski | Children's Seasonal Program | 26/27 | Saturday | 7-12yrs | Full Day,NONE,NONE,NONE,NONE,Nicholas Parker,7819646677,1.00,Level 6,$959.00,PM: Aspenware,"$296,659.00","$326,203.00"
PM: Aspenware,Lesson Comment,244247273,85581959,1/9/2027,Parker,Arden,7,parkerpainting@hotmail.com,7819646677,PM | Ski | Children's Seasonal Program | 26/27 | Saturday | 7-12yrs | Full Day,NONE,NONE,NONE,NONE,Nicholas Parker,7819646677,1.00,,$959.00,PM: Aspenware,"$296,659.00","$326,203.00"
PM: Aspenware,Ability Level,244248885,85744898,1/9/2027,Laush,Anita,7,leahgrotton55@gmail.com,2073188741,PM | Ski | Children's Seasonal Program | 26/27 | Saturday | 7-12yrs | Full Day,NONE,NONE,NONE,NONE,Leah Grotton,2073188741,1.00,Level 4,$959.00,PM: Aspenware,"$296,659.00","$326,203.00"
PM: Aspenware,Lesson Comment,244248885,85744898,1/9/2027,Laush,Anita,7,leahgrotton55@gmail.com,2073188741,PM | Ski | Children's Seasonal Program | 26/27 | Saturday | 7-12yrs | Full Day,NONE,NONE,NONE,NONE,Leah Grotton,2073188741,1.00,,$959.00,PM: Aspenware,"$296,659.00","$326,203.00"
PM: Aspenware,Ability Level,244248885,85744900,1/9/2027,Laush,Poppy,6,leahgrotton55@gmail.com,2073188741,PM | Ski | Children's Seasonal Program | 26/27 | Saturday | 4-6yrs | Full Day,NONE,NONE,NONE,NONE,Leah Grotton,2073188741,1.00,Level 4,$959.00,PM: Aspenware,"$296,659.00","$326,203.00"
PM: Aspenware,Lesson Comment,244248885,85744900,1/9/2027,Laush,Poppy,6,leahgrotton55@gmail.com,2073188741,PM | Ski | Children's Seasonal Program | 26/27 | Saturday | 4-6yrs | Full Day,NONE,NONE,NONE,NONE,Leah Grotton,2073188741,1.00,,$959.00,PM: Aspenware,"$296,659.00","$326,203.00"
PM: Aspenware,Ability Level,243645508,85759001,1/9/2027,Berkow,Miles,6,stan.berkow@gmail.com,7174199893,PM | Ski | Children's Seasonal Program | 26/27 | Saturday | 4-6yrs | 1pm,NONE,NONE,NONE,NONE,Stan Berkow,7174199893,1.00,Level 4,$719.00,PM: Aspenware,"$296,659.00","$326,203.00"
PM: Aspenware,Lesson Comment,243645508,85759001,1/9/2027,Berkow,Miles,6,stan.berkow@gmail.com,7174199893,PM | Ski | Children's Seasonal Program | 26/27 | Saturday | 4-6yrs | 1pm,NONE,NONE,NONE,NONE,Stan Berkow,7174199893,1.00,,$719.00,PM: Aspenware,"$296,659.00","$326,203.00"
PM: Aspenware,Ability Level,243645508,86773733,1/9/2027,Berkow,Clay,4,stan.berkow@gmail.com,7174199893,PM | Ski | Children's Seasonal Program | 26/27 | Saturday | 4-6yrs | 1pm,NONE,NONE,NONE,NONE,Stan Berkow,7174199893,1.00,Level 1,$719.00,PM: Aspenware,"$296,659.00","$326,203.00"
PM: Aspenware,Lesson Comment,243645508,86773733,1/9/2027,Berkow,Clay,4,stan.berkow@gmail.com,7174199893,PM | Ski | Children's Seasonal Program | 26/27 | Saturday | 4-6yrs | 1pm,NONE,NONE,NONE,NONE,Stan Berkow,7174199893,1.00,,$719.00,PM: Aspenware,"$296,659.00","$326,203.00"
PM: Aspenware,Ability Level,243875590,86993614,1/9/2027,Weidner,Abigail,4,weidners21@gmail.com,4846783711,PM | SB | Children's Seasonal Program | 26/27 | Saturday | 4-6yrs | 10am,NONE,NONE,NONE,NONE,Jerry Weidner,4846783711,1.00,Level 1,$719.00,PM: Aspenware,"$296,659.00","$326,203.00"
PM: Aspenware,Lesson Comment,243875590,86993614,1/9/2027,Weidner,Abigail,4,weidners21@gmail.com,4846783711,PM | SB | Children's Seasonal Program | 26/27 | Saturday | 4-6yrs | 10am,NONE,NONE,NONE,NONE,Jerry Weidner,4846783711,1.00,,$719.00,PM: Aspenware,"$296,659.00","$326,203.00"
PM: Aspenware,Ability Level,243875590,85784297,1/9/2027,Weidner,Lily,6,weidners21@gmail.com,4846783711,PM | SB | Children's Seasonal Program | 26/27 | Saturday | 4-6yrs | Full Day,NONE,NONE,NONE,NONE,Jerry Weidner,4846783711,1.00,Level 2,$959.00,PM: Aspenware,"$296,659.00","$326,203.00"
PM: Aspenware,Lesson Comment,243875590,85784297,1/9/2027,Weidner,Lily,6,weidners21@gmail.com,4846783711,PM | SB | Children's Seasonal Program | 26/27 | Saturday | 4-6yrs | Full Day,NONE,NONE,NONE,NONE,Jerry Weidner,4846783711,1.00,,$959.00,PM: Aspenware,"$296,659.00","$326,203.00"
PM: Aspenware,Ability Level,243559751,85979936,1/9/2027,Thompson,Callan,4,rbthompson88@gmail.com,4344667549,PM | Ski | Children's Seasonal Program | 26/27 | Saturday | 4-6yrs | 10am,NONE,NONE,NONE,NONE,Rob Thompson,4344667549,1.00,Level 1,$719.00,PM: Aspenware,"$296,659.00","$326,203.00"
PM: Aspenware,Lesson Comment,243559751,85979936,1/9/2027,Thompson,Callan,4,rbthompson88@gmail.com,4344667549,PM | Ski | Children's Seasonal Program | 26/27 | Saturday | 4-6yrs | 10am,NONE,NONE,NONE,NONE,Rob Thompson,4344667549,1.00,,$719.00,PM: Aspenware,"$296,659.00","$326,203.00"
PM: Aspenware,Ability Level,243631664,86276256,1/9/2027,Schaft,Grace,6,frederick.schaft@gmail.com,2679184131,PM | Ski | Children's Seasonal Program | 26/27 | Saturday | 4-6yrs | Full Day,NONE,NONE,NONE,NONE,Eric Schaft,2679184131,1.00,Level 6,$959.00,PM: Aspenware,"$296,659.00","$326,203.00"
PM: Aspenware,Lesson Comment,243631664,86276256,1/9/2027,Schaft,Grace,6,frederick.schaft@gmail.com,2679184131,PM | Ski | Children's Seasonal Program | 26/27 | Saturday | 4-6yrs | Full Day,NONE,NONE,NONE,NONE,Eric Schaft,2679184131,1.00,,$959.00,PM: Aspenware,"$296,659.00","$326,203.00"
PM: Aspenware,Ability Level,243631664,86276271,1/9/2027,Schaft,Sam,4,frederick.schaft@gmail.com,2679184131,PM | Ski | Children's Seasonal Program | 26/27 | Saturday | 4-6yrs | Full Day,NONE,NONE,NONE,NONE,Eric Schaft,2679184131,1.00,Level 3,$959.00,PM: Aspenware,"$296,659.00","$326,203.00"
PM: Aspenware,Lesson Comment,243631664,86276271,1/9/2027,Schaft,Sam,4,frederick.schaft@gmail.com,2679184131,PM | Ski | Children's Seasonal Program | 26/27 | Saturday | 4-6yrs | Full Day,NONE,NONE,NONE,NONE,Eric Schaft,2679184131,1.00,,$959.00,PM: Aspenware,"$296,659.00","$326,203.00"
PM: Aspenware,Ability Level,243874567,86408556,1/9/2027,Simpson,Winslow,7,mattie.mcquinn@gmail.com,2074508610,PM | Ski | Children's Seasonal Program | 26/27 | Saturday | 7-12yrs | 10am,NONE,NONE,NONE,NONE,Mac Simpson,12073100221,1.00,Level 5,$719.00,PM: Aspenware,"$296,659.00","$326,203.00"
PM: Aspenware,Lesson Comment,243874567,86408556,1/9/2027,Simpson,Winslow,7,mattie.mcquinn@gmail.com,2074508610,PM | Ski | Children's Seasonal Program | 26/27 | Saturday | 7-12yrs | 10am,NONE,NONE,NONE,NONE,Mac Simpson,12073100221,1.00,,$719.00,PM: Aspenware,"$296,659.00","$326,203.00"
PM: Aspenware,Ability Level,244257801,86481391,1/9/2027,Dougherty,Hunter,6,penelope.johnson3636@gmail.com,4133206292,PM | Ski | Children's Seasonal Program | 26/27 | Saturday | 4-6yrs | 10am,NONE,NONE,NONE,NONE,Penny Dougherty,4133206292,1.00,Level 2,$719.00,PM: Aspenware,"$296,659.00","$326,203.00"
PM: Aspenware,Lesson Comment,244257801,86481391,1/9/2027,Dougherty,Hunter,6,penelope.johnson3636@gmail.com,4133206292,PM | Ski | Children's Seasonal Program | 26/27 | Saturday | 4-6yrs | 10am,NONE,NONE,NONE,NONE,Penny Dougherty,4133206292,1.00,,$719.00,PM: Aspenware,"$296,659.00","$326,203.00"
PM: Aspenware,Ability Level,243993256,86727636,1/9/2027,Wright,Lydia,7,dgwright05@gmail.com,,PM | Ski | Children's Seasonal Program | 26/27 | Saturday | 7-12yrs | 10am,NONE,NONE,NONE,NONE,David Wright,5089547415,1.00,Level 4,$719.00,PM: Aspenware,"$296,659.00","$326,203.00"
PM: Aspenware,Lesson Comment,243993256,86727636,1/9/2027,Wright,Lydia,7,dgwright05@gmail.com,,PM | Ski | Children's Seasonal Program | 26/27 | Saturday | 7-12yrs | 10am,NONE,NONE,NONE,NONE,David Wright,5089547415,1.00,,$719.00,PM: Aspenware,"$296,659.00","$326,203.00"
PM: Aspenware,Ability Level,243993256,86727638,1/9/2027,Wright,Oliver,4,dgwright05@gmail.com,,PM | Ski | Children's Seasonal Program | 26/27 | Saturday | 4-6yrs | 10am,NONE,NONE,NONE,NONE,David Wright,5089547415,1.00,Level 1,$719.00,PM: Aspenware,"$296,659.00","$326,203.00"
PM: Aspenware,Lesson Comment,243993256,86727638,1/9/2027,Wright,Oliver,4,dgwright05@gmail.com,,PM | Ski | Children's Seasonal Program | 26/27 | Saturday | 4-6yrs | 10am,NONE,NONE,NONE,NONE,David Wright,5089547415,1.00,,$719.00,PM: Aspenware,"$296,659.00","$326,203.00"
PM: Aspenware,Ability Level,243532379,86914675,1/9/2027,Schwartzman,Jack,6,jessicamill@gmail.com,6175490487,PM | Ski | Children's Seasonal Program | 26/27 | Saturday | 4-6yrs | 10am,epipen and albuterol,peanut and hazelnut,NONE,asthma,Jessica Miller,6175490487,1.00,Level 3,$719.00,PM: Aspenware,"$296,659.00","$326,203.00"
PM: Aspenware,Lesson Comment,243532379,86914675,1/9/2027,Schwartzman,Jack,6,jessicamill@gmail.com,6175490487,PM | Ski | Children's Seasonal Program | 26/27 | Saturday | 4-6yrs | 10am,epipen and albuterol,peanut and hazelnut,NONE,asthma,Jessica Miller,6175490487,1.00,,$719.00,PM: Aspenware,"$296,659.00","$326,203.00"
PM: Aspenware,Ability Level,244257632,87030086,1/9/2027,Rose,Gemma,9,kat.rose006@gmail.com,5409075128,PM | Ski | Children's Seasonal Program | 26/27 | Saturday | 7-12yrs | Full Day,NONE,NONE,NONE,NONE,Katherine Rose,5409075128,1.00,Level 2,$959.00,PM: Aspenware,"$296,659.00","$326,203.00"
PM: Aspenware,Lesson Comment,244257632,87030086,1/9/2027,Rose,Gemma,9,kat.rose006@gmail.com,5409075128,PM | Ski | Children's Seasonal Program | 26/27 | Saturday | 7-12yrs | Full Day,NONE,NONE,NONE,NONE,Katherine Rose,5409075128,1.00,,$959.00,PM: Aspenware,"$296,659.00","$326,203.00"
PM: Aspenware,Ability Level,243660194,86945108,1/9/2027,Coit,Hugo,7,elizabethjsbates@gmail.com,8452708885,PM | Ski | Children's Seasonal Program | 26/27 | Saturday | 7-12yrs | 10am,NONE,NONE,NONE,NONE,Elizabeth Bates,8452708885,1.00,Level 3,$719.00,PM: Aspenware,"$296,659.00","$326,203.00"
PM: Aspenware,Lesson Comment,243660194,86945108,1/9/2027,Coit,Hugo,7,elizabethjsbates@gmail.com,8452708885,PM | Ski | Children's Seasonal Program | 26/27 | Saturday | 7-12yrs | 10am,NONE,NONE,NONE,NONE,Elizabeth Bates,8452708885,1.00,,$719.00,PM: Aspenware,"$296,659.00","$326,203.00"
PM: Aspenware,Ability Level,243660194,86945109,1/9/2027,Coit,Shaler,4,elizabethjsbates@gmail.com,8452708885,PM | Ski | Children's Seasonal Program | 26/27 | Saturday | 4-6yrs | 10am,NONE,NONE,NONE,NONE,Elizabeth Bates,8452708885,1.00,Level 1,$719.00,PM: Aspenware,"$296,659.00","$326,203.00"
PM: Aspenware,Lesson Comment,243660194,86945109,1/9/2027,Coit,Shaler,4,elizabethjsbates@gmail.com,8452708885,PM | Ski | Children's Seasonal Program | 26/27 | Saturday | 4-6yrs | 10am,NONE,NONE,NONE,NONE,Elizabeth Bates,8452708885,1.00,,$719.00,PM: Aspenware,"$296,659.00","$326,203.00"
PM: Aspenware,Ability Level,243731508,86962154,1/9/2027,Breen,Noah,9,chrisbreen2020@gmail.com,2072727351,PM | Ski | Children's Seasonal Program | 26/27 | Saturday | 7-12yrs | Full Day,NONE,NONE,NONE,NONE,Chris Breen,2072727351,1.00,Level 3,$959.00,PM: Aspenware,"$296,659.00","$326,203.00"
PM: Aspenware,Lesson Comment,243731508,86962154,1/9/2027,Breen,Noah,9,chrisbreen2020@gmail.com,2072727351,PM | Ski | Children's Seasonal Program | 26/27 | Saturday | 7-12yrs | Full Day,NONE,NONE,NONE,NONE,Chris Breen,2072727351,1.00,,$959.00,PM: Aspenware,"$296,659.00","$326,203.00"
PM: Aspenware,Ability Level,244246653,87029000,1/9/2027,Kerschner,Penelope,5,oakesmartha@gmail.com,4157132264,PM | Ski | Children's Seasonal Program | 26/27 | Saturday | 4-6yrs | Full Day,NONE,NONE,NONE,NONE,Martha Oakes,4157132264,1.00,Level 2,$959.00,PM: Aspenware,"$296,659.00","$326,203.00"
PM: Aspenware,Lesson Comment,244246653,87029000,1/9/2027,Kerschner,Penelope,5,oakesmartha@gmail.com,4157132264,PM | Ski | Children's Seasonal Program | 26/27 | Saturday | 4-6yrs | Full Day,NONE,NONE,NONE,NONE,Martha Oakes,4157132264,1.00,,$959.00,PM: Aspenware,"$296,659.00","$326,203.00"
PM: Aspenware,Ability Level,244704732,87167225,1/9/2027,Hayward,Chase,9,mhayward621@gmail.com,6032750750,PM | Ski | Children's Seasonal Program | 26/27 | Saturday | 7-12yrs | 10am,NONE,NONE,NONE,NONE,Meaghan Hayward,6032750750,1.00,Level 2,$779.00,PM: Aspenware,"$296,659.00","$326,203.00"
PM: Aspenware,Lesson Comment,244704732,87167225,1/9/2027,Hayward,Chase,9,mhayward621@gmail.com,6032750750,PM | Ski | Children's Seasonal Program | 26/27 | Saturday | 7-12yrs | 10am,NONE,NONE,NONE,NONE,Meaghan Hayward,6032750750,1.00,,$779.00,PM: Aspenware,"$296,659.00","$326,203.00"
PM: Aspenware,Ability Level,244704732,87167226,1/9/2027,Hayward,Owen,8,mhayward621@gmail.com,6032750750,PM | Ski | Children's Seasonal Program | 26/27 | Saturday | 7-12yrs | 10am,NONE,NONE,NONE,NONE,Meaghan Hayward,6032750750,1.00,Level 1,$779.00,PM: Aspenware,"$296,659.00","$326,203.00"
PM: Aspenware,Lesson Comment,244704732,87167226,1/9/2027,Hayward,Owen,8,mhayward621@gmail.com,6032750750,PM | Ski | Children's Seasonal Program | 26/27 | Saturday | 7-12yrs | 10am,NONE,NONE,NONE,NONE,Meaghan Hayward,6032750750,1.00,,$779.00,PM: Aspenware,"$296,659.00","$326,203.00"
PM: Aspenware,Ability Level,244641832,87178971,1/9/2027,Neils,Coralie,6,megangrayneils@gmail.com,2077548030,PM | Ski | Children's Seasonal Program | 26/27 | Saturday | 4-6yrs | 1pm,NONE,NONE,NONE,NONE,Megan Neils,2077548030,1.00,Level 1,$779.00,PM: Aspenware,"$296,659.00","$326,203.00"
PM: Aspenware,Lesson Comment,244641832,87178971,1/9/2027,Neils,Coralie,6,megangrayneils@gmail.com,2077548030,PM | Ski | Children's Seasonal Program | 26/27 | Saturday | 4-6yrs | 1pm,NONE,NONE,NONE,NONE,Megan Neils,2077548030,1.00,,$779.00,PM: Aspenware,"$296,659.00","$326,203.00"
PM: Aspenware,Ability Level,244687002,87203742,1/9/2027,Turko,Jackson,5,arielle.butterly@gmail.com,6075923422,PM | Ski | Children's Seasonal Program | 26/27 | Saturday | 4-6yrs | 1pm,NONE,NONE,NONE,NONE,Arielle Butterly,6075923422,1.00,Level 1,$779.00,PM: Aspenware,"$296,659.00","$326,203.00"
PM: Aspenware,Lesson Comment,244687002,87203742,1/9/2027,Turko,Jackson,5,arielle.butterly@gmail.com,6075923422,PM | Ski | Children's Seasonal Program | 26/27 | Saturday | 4-6yrs | 1pm,NONE,NONE,NONE,NONE,Arielle Butterly,6075923422,1.00,,$779.00,PM: Aspenware,"$296,659.00","$326,203.00"
PM: Aspenware,Ability Level,244704374,87212600,1/9/2027,Katz,Wyeth,6,jrogawski@gmail.com,9176991868,PM | Ski | Children's Seasonal Program | 26/27 | Saturday | 4-6yrs | 10am,Amoxicillin,NONE,Amoxicillin,NONE,Julia Rogawski,9176991868,1.00,Level 2,$779.00,PM: Aspenware,"$296,659.00","$326,203.00"
PM: Aspenware,Lesson Comment,244704374,87212600,1/9/2027,Katz,Wyeth,6,jrogawski@gmail.com,9176991868,PM | Ski | Children's Seasonal Program | 26/27 | Saturday | 4-6yrs | 10am,Amoxicillin,NONE,Amoxicillin,NONE,Julia Rogawski,9176991868,1.00,,$779.00,PM: Aspenware,"$296,659.00","$326,203.00"
PM: Aspenware,Ability Level,244742119,87228025,1/9/2027,Schneider,Henry,6,mollyfairyasi@gmail.com,6178031487,PM | Ski | Children's Seasonal Program | 26/27 | Saturday | 4-6yrs | 1pm,NONE,NONE,NONE,NONE,Molly Schneider,6178031487,1.00,Level 3,$779.00,PM: Aspenware,"$296,659.00","$326,203.00"
PM: Aspenware,Lesson Comment,244742119,87228025,1/9/2027,Schneider,Henry,6,mollyfairyasi@gmail.com,6178031487,PM | Ski | Children's Seasonal Program | 26/27 | Saturday | 4-6yrs | 1pm,NONE,NONE,NONE,NONE,Molly Schneider,6178031487,1.00,,$779.00,PM: Aspenware,"$296,659.00","$326,203.00"
PM: Aspenware,Ability Level,243986217,82006438,1/10/2027,Gendron,Emeline,11,iteeterstrumpy@gmail.com,6176943818,PM | Ski | Children's Seasonal Program | 26/27 | Sunday | 7-12yrs | 10am,NONE,NONE,NONE,NONE,ILSE Teeters-Trumpy,2076538304,1.00,Level 6,$719.00,PM: Aspenware,"$296,659.00","$326,203.00"
PM: Aspenware,Lesson Comment,243986217,82006438,1/10/2027,Gendron,Emeline,11,iteeterstrumpy@gmail.com,6176943818,PM | Ski | Children's Seasonal Program | 26/27 | Sunday | 7-12yrs | 10am,NONE,NONE,NONE,NONE,ILSE Teeters-Trumpy,2076538304,1.00,,$719.00,PM: Aspenware,"$296,659.00","$326,203.00"
PM: Aspenware,Ability Level,243520049,82164407,1/10/2027,Legere,Leverette,7,mrlegere@gmail.com,2077560117,PM | Ski | Children's Seasonal Program | 26/27 | Sunday | 7-12yrs | 10am,NONE,NONE,NONE,NONE,Mark Legere,2077560117,1.00,Level 2,$719.00,PM: Aspenware,"$296,659.00","$326,203.00"
PM: Aspenware,Lesson Comment,243520049,82164407,1/10/2027,Legere,Leverette,7,mrlegere@gmail.com,2077560117,PM | Ski | Children's Seasonal Program | 26/27 | Sunday | 7-12yrs | 10am,NONE,NONE,NONE,NONE,Mark Legere,2077560117,1.00,,$719.00,PM: Aspenware,"$296,659.00","$326,203.00"
PM: Aspenware,Ability Level,244353351,81840274,1/10/2027,Rigby,Tyson,8,sam.d.rigby@gmail.com,6036671557,PM | Ski | Children's Seasonal Program | 26/27 | Sunday | 7-12yrs | Full Day,NONE,NONE,NONE,NONE,SAM RIGBY,6036671557,1.00,Level 6,$999.00,PM: Aspenware,"$296,659.00","$326,203.00"
PM: Aspenware,Lesson Comment,244353351,81840274,1/10/2027,Rigby,Tyson,8,sam.d.rigby@gmail.com,6036671557,PM | Ski | Children's Seasonal Program | 26/27 | Sunday | 7-12yrs | Full Day,NONE,NONE,NONE,NONE,SAM RIGBY,6036671557,1.00,,$999.00,PM: Aspenware,"$296,659.00","$326,203.00"
PM: Aspenware,Ability Level,244353351,81840284,1/10/2027,Rigby,Sloane,10,sam.d.rigby@gmail.com,6036671557,PM | Ski | Children's Seasonal Program | 26/27 | Sunday | 7-12yrs | Full Day,NONE,NONE,NONE,NONE,SAM RIGBY,6036671557,1.00,Level 7,$999.00,PM: Aspenware,"$296,659.00","$326,203.00"
PM: Aspenware,Lesson Comment,244353351,81840284,1/10/2027,Rigby,Sloane,10,sam.d.rigby@gmail.com,6036671557,PM | Ski | Children's Seasonal Program | 26/27 | Sunday | 7-12yrs | Full Day,NONE,NONE,NONE,NONE,SAM RIGBY,6036671557,1.00,,$999.00,PM: Aspenware,"$296,659.00","$326,203.00"
PM: Aspenware,Ability Level,243517132,81034863,1/10/2027,Douglas,Kensie,7,joshdouglasrentals@yahoo.com,2078075004,PM | Ski | Children's Seasonal Program | 26/27 | Sunday | 4-6yrs | 10am,NONE,NONE,NONE,NONE,JOSH DOUGLAS,2078075004,1.00,Level 5,$719.00,PM: Aspenware,"$296,659.00","$326,203.00"
PM: Aspenware,Lesson Comment,243517132,81034863,1/10/2027,Douglas,Kensie,7,joshdouglasrentals@yahoo.com,2078075004,PM | Ski | Children's Seasonal Program | 26/27 | Sunday | 4-6yrs | 10am,NONE,NONE,NONE,NONE,JOSH DOUGLAS,2078075004,1.00,,$719.00,PM: Aspenware,"$296,659.00","$326,203.00"
PM: Aspenware,Ability Level,243792648,86947966,1/10/2027,Prescott,Eloise,6,brighamprescott@gmail.com,6174190665,PM | Ski | Children's Seasonal Program | 26/27 | Sunday | 4-6yrs | 10am,NONE,NONE,NONE,NONE,BRIGHAM PRESCOTT,6174190665,1.00,Level 2,$719.00,PM: Aspenware,"$296,659.00","$326,203.00"
PM: Aspenware,Lesson Comment,243792648,86947966,1/10/2027,Prescott,Eloise,6,brighamprescott@gmail.com,6174190665,PM | Ski | Children's Seasonal Program | 26/27 | Sunday | 4-6yrs | 10am,NONE,NONE,NONE,NONE,BRIGHAM PRESCOTT,6174190665,1.00,,$719.00,PM: Aspenware,"$296,659.00","$326,203.00"
PM: Aspenware,Ability Level,243536772,81508713,1/10/2027,Sountis,Travers,6,greektank86@aol.com,12074007649,PM | Ski | Children's Seasonal Program | 26/27 | Sunday | 4-6yrs | 10am,NONE,NONE,NONE,NONE,Markos Sountis,17329471418,1.00,Level 5,$719.00,PM: Aspenware,"$296,659.00","$326,203.00"
PM: Aspenware,Lesson Comment,243536772,81508713,1/10/2027,Sountis,Travers,6,greektank86@aol.com,12074007649,PM | Ski | Children's Seasonal Program | 26/27 | Sunday | 4-6yrs | 10am,NONE,NONE,NONE,NONE,Markos Sountis,17329471418,1.00,,$719.00,PM: Aspenware,"$296,659.00","$326,203.00"
PM: Aspenware,Ability Level,243536772,84559305,1/10/2027,Sountis,Billie,4,greektank86@aol.com,12074007649,PM | Ski | Children's Seasonal Program | 26/27 | Sunday | 4-6yrs | Full Day,NONE,NONE,NONE,NONE,Markos Sountis,17329471418,1.00,Level 1,$959.00,PM: Aspenware,"$296,659.00","$326,203.00"
PM: Aspenware,Lesson Comment,243536772,84559305,1/10/2027,Sountis,Billie,4,greektank86@aol.com,12074007649,PM | Ski | Children's Seasonal Program | 26/27 | Sunday | 4-6yrs | Full Day,NONE,NONE,NONE,NONE,Markos Sountis,17329471418,1.00,,$959.00,PM: Aspenware,"$296,659.00","$326,203.00"
PM: Aspenware,Ability Level,243536772,79541942,1/10/2027,Sountis,Nikolaos,8,greektank86@aol.com,,PM | Ski | Children's Seasonal Program | 26/27 | Sunday | 7-12yrs | 10am,NONE,NONE,NONE,NONE,Markos N Sountis,7329471418,1.00,Level 6,$719.00,PM: Aspenware,"$296,659.00","$326,203.00"
PM: Aspenware,Lesson Comment,243536772,79541942,1/10/2027,Sountis,Nikolaos,8,greektank86@aol.com,,PM | Ski | Children's Seasonal Program | 26/27 | Sunday | 7-12yrs | 10am,NONE,NONE,NONE,NONE,Markos N Sountis,7329471418,1.00,,$719.00,PM: Aspenware,"$296,659.00","$326,203.00"
PM: Aspenware,Ability Level,243532491,86761087,1/10/2027,Scarponi,Jack,4,kory.scarponi@gmail.com,2075042113,PM | Ski | Children's Seasonal Program | 26/27 | Sunday | 4-6yrs | 1pm,NONE,NONE,NONE,NONE,Kory Scarponi,2075042113,1.00,Level 2,$719.00,PM: Aspenware,"$296,659.00","$326,203.00"
PM: Aspenware,Lesson Comment,243532491,86761087,1/10/2027,Scarponi,Jack,4,kory.scarponi@gmail.com,2075042113,PM | Ski | Children's Seasonal Program | 26/27 | Sunday | 4-6yrs | 1pm,NONE,NONE,NONE,NONE,Kory Scarponi,2075042113,1.00,,$719.00,PM: Aspenware,"$296,659.00","$326,203.00"
PM: Aspenware,Ability Level,243619319,82940784,1/10/2027,Smith,Piper,7,smithz363@hotmail.com,6172917750,PM | Ski | Children's Seasonal Program | 26/27 | Sunday | 7-12yrs | Full Day,NONE,None,Augmentin,NONE,Zachary Smith,6172917750,1.00,Level 4,$959.00,PM: Aspenware,"$296,659.00","$326,203.00"
PM: Aspenware,Lesson Comment,243619319,82940784,1/10/2027,Smith,Piper,7,smithz363@hotmail.com,6172917750,PM | Ski | Children's Seasonal Program | 26/27 | Sunday | 7-12yrs | Full Day,NONE,None,Augmentin,NONE,Zachary Smith,6172917750,1.00,,$959.00,PM: Aspenware,"$296,659.00","$326,203.00"
PM: Aspenware,Ability Level,244597790,83626618,1/10/2027,Fink,Samson,4,mrjfink@gmail.com,9176978042,PM | Ski | Children's Seasonal Program | 26/27 | Sunday | 4-6yrs | Full Day,Ibuprofen,NONE,NONE,"He just needs to be picked up carefully under his armpits. He is missing his right pectoral muscle so his right shoulder isn't as fully supported as a normal child's.  He's super strong and otherwise unaffected, but it's just good to be aware.",Jesse Fink,9176978042,1.00,Level 1,$999.00,PM: Aspenware,"$296,659.00","$326,203.00"
PM: Aspenware,Lesson Comment,244597790,83626618,1/10/2027,Fink,Samson,4,mrjfink@gmail.com,9176978042,PM | Ski | Children's Seasonal Program | 26/27 | Sunday | 4-6yrs | Full Day,Ibuprofen,NONE,NONE,"He just needs to be picked up carefully under his armpits. He is missing his right pectoral muscle so his right shoulder isn't as fully supported as a normal child's.  He's super strong and otherwise unaffected, but it's just good to be aware.",Jesse Fink,9176978042,1.00,,$999.00,PM: Aspenware,"$296,659.00","$326,203.00"
PM: Aspenware,Ability Level,244256636,78000623,1/10/2027,Steinglass,Eliza,10,jsteinglass@gmail.com,2604424337,PM | Ski | Children's Seasonal Program | 26/27 | Sunday | 7-12yrs | 1pm,NONE,NONE,NONE,NONE,Jedd Steinglass,2077562319,1.00,Level 6,$719.00,PM: Aspenware,"$296,659.00","$326,203.00"
PM: Aspenware,Lesson Comment,244256636,78000623,1/10/2027,Steinglass,Eliza,10,jsteinglass@gmail.com,2604424337,PM | Ski | Children's Seasonal Program | 26/27 | Sunday | 7-12yrs | 1pm,NONE,NONE,NONE,NONE,Jedd Steinglass,2077562319,1.00,,$719.00,PM: Aspenware,"$296,659.00","$326,203.00"
PM: Aspenware,Ability Level,244256636,80471362,1/10/2027,Steinglass,Natalie,7,jsteinglass@gmail.com,2604424337,PM | Ski | Children's Seasonal Program | 26/27 | Sunday | 7-12yrs | 1pm,NONE,NONE,NONE,NONE,Jedd Steinglass,2077562319,1.00,Level 4,$719.00,PM: Aspenware,"$296,659.00","$326,203.00"
PM: Aspenware,Lesson Comment,244256636,80471362,1/10/2027,Steinglass,Natalie,7,jsteinglass@gmail.com,2604424337,PM | Ski | Children's Seasonal Program | 26/27 | Sunday | 7-12yrs | 1pm,NONE,NONE,NONE,NONE,Jedd Steinglass,2077562319,1.00,,$719.00,PM: Aspenware,"$296,659.00","$326,203.00"
PM: Aspenware,Ability Level,244375037,84366203,1/10/2027,Fey,Iris,7,taylor.fey@gmail.com,2072329216,PM | Ski | Children's Seasonal Program | 26/27 | Sunday | 7-12yrs | 1pm,NONE,shellfish,NONE,NONE,Taylor Fey,2072329216,1.00,Level 4,$779.00,PM: Aspenware,"$296,659.00","$326,203.00"
PM: Aspenware,Lesson Comment,244375037,84366203,1/10/2027,Fey,Iris,7,taylor.fey@gmail.com,2072329216,PM | Ski | Children's Seasonal Program | 26/27 | Sunday | 7-12yrs | 1pm,NONE,shellfish,NONE,NONE,Taylor Fey,2072329216,1.00,,$779.00,PM: Aspenware,"$296,659.00","$326,203.00"
PM: Aspenware,Ability Level,243904109,81181404,1/10/2027,Ho,Elise,11,christinebercume@yahoo.com,5089637733,PM | Ski | Children's Seasonal Program | 26/27 | Sunday | 11-13yrs | 9am,NONE,NONE,NONE,NONE,Christine Ho,5089637733,1.00,Level 7,$799.00,PM: Aspenware,"$296,659.00","$326,203.00"
PM: Aspenware,Lesson Comment,243904109,81181404,1/10/2027,Ho,Elise,11,christinebercume@yahoo.com,5089637733,PM | Ski | Children's Seasonal Program | 26/27 | Sunday | 11-13yrs | 9am,NONE,NONE,NONE,NONE,Christine Ho,5089637733,1.00,,$799.00,PM: Aspenware,"$296,659.00","$326,203.00"
PM: Aspenware,Ability Level,243730357,86339583,1/10/2027,LaRosa,MJ,5,llarosa830@gmail.com,3154309564,PM | Ski | Children's Seasonal Program | 26/27 | Sunday | 4-6yrs | 10am,NONE,NONE,NONE,NONE,Laura LaRosa,3154309564,1.00,Level 2,$719.00,PM: Aspenware,"$296,659.00","$326,203.00"
PM: Aspenware,Lesson Comment,243730357,86339583,1/10/2027,LaRosa,MJ,5,llarosa830@gmail.com,3154309564,PM | Ski | Children's Seasonal Program | 26/27 | Sunday | 4-6yrs | 10am,NONE,NONE,NONE,NONE,Laura LaRosa,3154309564,1.00,,$719.00,PM: Aspenware,"$296,659.00","$326,203.00"
PM: Aspenware,Ability Level,243730917,86304314,1/10/2027,Viggiano,Finnick,5,jayvigg@gmail.com,4848661896,PM | Ski | Children's Seasonal Program | 26/27 | Sunday | 4-6yrs | 10am,NONE,NONE,NONE,NONE,Jordan Faloon,2077313442,1.00,Level 3,$719.00,PM: Aspenware,"$296,659.00","$326,203.00"
PM: Aspenware,Lesson Comment,243730917,86304314,1/10/2027,Viggiano,Finnick,5,jayvigg@gmail.com,4848661896,PM | Ski | Children's Seasonal Program | 26/27 | Sunday | 4-6yrs | 10am,NONE,NONE,NONE,NONE,Jordan Faloon,2077313442,1.00,,$719.00,PM: Aspenware,"$296,659.00","$326,203.00"
PM: Aspenware,Ability Level,243519398,83626328,1/10/2027,Atwood,Ava,6,mae.ogorzaly@gmail.com,5129717607,PM | Ski | Children's Seasonal Program | 26/27 | Sunday | 4-6yrs | 10am,NONE,NONE,NONE,NONE,Mae Ogorzaly,5129717607,1.00,Level 4,$719.00,PM: Aspenware,"$296,659.00","$326,203.00"
PM: Aspenware,Lesson Comment,243519398,83626328,1/10/2027,Atwood,Ava,6,mae.ogorzaly@gmail.com,5129717607,PM | Ski | Children's Seasonal Program | 26/27 | Sunday | 4-6yrs | 10am,NONE,NONE,NONE,NONE,Mae Ogorzaly,5129717607,1.00,,$719.00,PM: Aspenware,"$296,659.00","$326,203.00"
PM: Aspenware,Ability Level,243517625,85530377,1/10/2027,Lewis,Thomas,4,Lewis.craigk@gmail.com,2078071224,PM | Ski | Children's Seasonal Program | 26/27 | Sunday | 4-6yrs | 1pm,NONE,NONE,NONE,NONE,Craig Lewis,2078071224,1.00,Level 2,$719.00,PM: Aspenware,"$296,659.00","$326,203.00"
PM: Aspenware,Lesson Comment,243517625,85530377,1/10/2027,Lewis,Thomas,4,Lewis.craigk@gmail.com,2078071224,PM | Ski | Children's Seasonal Program | 26/27 | Sunday | 4-6yrs | 1pm,NONE,NONE,NONE,NONE,Craig Lewis,2078071224,1.00,,$719.00,PM: Aspenware,"$296,659.00","$326,203.00"
PM: Aspenware,Ability Level,243517625,81764780,1/10/2027,Lewis,Teddy,6,Lewis.craigk@gmail.com,2078071224,PM | Ski | Children's Seasonal Program | 26/27 | Sunday | 4-6yrs | 1pm,NONE,NONE,NONE,NONE,Craig Lewis,2078071224,1.00,Level 6,$719.00,PM: Aspenware,"$296,659.00","$326,203.00"
PM: Aspenware,Lesson Comment,243517625,81764780,1/10/2027,Lewis,Teddy,6,Lewis.craigk@gmail.com,2078071224,PM | Ski | Children's Seasonal Program | 26/27 | Sunday | 4-6yrs | 1pm,NONE,NONE,NONE,NONE,Craig Lewis,2078071224,1.00,,$719.00,PM: Aspenware,"$296,659.00","$326,203.00"
PM: Aspenware,Ability Level,244251693,87029570,1/10/2027,Siladi,Maeve,4,terransiladi@gmail.com,2079079122,PM | Ski | Children's Seasonal Program | 26/27 | Sunday | 4-6yrs | 1pm,NONE,NONE,NONE,NONE,Terran Siladi,2079079122,1.00,Level 1,$719.00,PM: Aspenware,"$296,659.00","$326,203.00"
PM: Aspenware,Lesson Comment,244251693,87029570,1/10/2027,Siladi,Maeve,4,terransiladi@gmail.com,2079079122,PM | Ski | Children's Seasonal Program | 26/27 | Sunday | 4-6yrs | 1pm,NONE,NONE,NONE,NONE,Terran Siladi,2079079122,1.00,,$719.00,PM: Aspenware,"$296,659.00","$326,203.00"
PM: Aspenware,Ability Level,243701012,83956029,1/10/2027,Potvin,Linus,8,eliotpotvin@gmail.com,2072499959,PM | Ski | Children's Seasonal Program | 26/27 | Sunday | 7-12yrs | 1pm,NONE,NONE,NONE,NONE,Eliot Potvin,2072499959,1.00,Level 6,$719.00,PM: Aspenware,"$296,659.00","$326,203.00"
PM: Aspenware,Lesson Comment,243701012,83956029,1/10/2027,Potvin,Linus,8,eliotpotvin@gmail.com,2072499959,PM | Ski | Children's Seasonal Program | 26/27 | Sunday | 7-12yrs | 1pm,NONE,NONE,NONE,NONE,Eliot Potvin,2072499959,1.00,,$719.00,PM: Aspenware,"$296,659.00","$326,203.00"
PM: Aspenware,Ability Level,243701012,83956030,1/10/2027,Potvin,Otto,6,eliotpotvin@gmail.com,2072499959,PM | Ski | Children's Seasonal Program | 26/27 | Sunday | 4-6yrs | 1pm,NONE,NONE,NONE,NONE,Eliot Potvin,2072499959,1.00,Level 6,$719.00,PM: Aspenware,"$296,659.00","$326,203.00"
PM: Aspenware,Lesson Comment,243701012,83956030,1/10/2027,Potvin,Otto,6,eliotpotvin@gmail.com,2072499959,PM | Ski | Children's Seasonal Program | 26/27 | Sunday | 4-6yrs | 1pm,NONE,NONE,NONE,NONE,Eliot Potvin,2072499959,1.00,,$719.00,PM: Aspenware,"$296,659.00","$326,203.00"
PM: Aspenware,Ability Level,244745978,83641554,1/10/2027,Beck,June,7,tybeckc@gmail.com,5087375443,PM | Ski | Children's Seasonal Program | 26/27 | Sunday | 7-12yrs | 1pm,NONE,NONE,NONE,NONE,Ty Beck,5087375443,1.00,Level 4,$779.00,PM: Aspenware,"$296,659.00","$326,203.00"
PM: Aspenware,Lesson Comment,244745978,83641554,1/10/2027,Beck,June,7,tybeckc@gmail.com,5087375443,PM | Ski | Children's Seasonal Program | 26/27 | Sunday | 7-12yrs | 1pm,NONE,NONE,NONE,NONE,Ty Beck,5087375443,1.00,,$779.00,PM: Aspenware,"$296,659.00","$326,203.00"
PM: Aspenware,Ability Level,243902981,83016399,1/10/2027,Deely,Madeline,7,echeney2619@gmail.com,15083170001,PM | Ski | Children's Seasonal Program | 26/27 | Sunday | 7-12yrs | 10am,NONE,NONE,NONE,NONE,Ryan Deely,15083170001,1.00,Level 6,$719.00,PM: Aspenware,"$296,659.00","$326,203.00"
PM: Aspenware,Lesson Comment,243902981,83016399,1/10/2027,Deely,Madeline,7,echeney2619@gmail.com,15083170001,PM | Ski | Children's Seasonal Program | 26/27 | Sunday | 7-12yrs | 10am,NONE,NONE,NONE,NONE,Ryan Deely,15083170001,1.00,,$719.00,PM: Aspenware,"$296,659.00","$326,203.00"
PM: Aspenware,Ability Level,243902981,83016398,1/10/2027,Deely,Brayden,8,rmdeely12888@yahoo.com,15083170001,PM | Ski | Children's Seasonal Program | 26/27 | Sunday | 7-12yrs | 10am,NONE,NONE,NONE,NONE,Ryan Deely,15083170001,1.00,Level 6,$719.00,PM: Aspenware,"$296,659.00","$326,203.00"
PM: Aspenware,Lesson Comment,243902981,83016398,1/10/2027,Deely,Brayden,8,rmdeely12888@yahoo.com,15083170001,PM | Ski | Children's Seasonal Program | 26/27 | Sunday | 7-12yrs | 10am,NONE,NONE,NONE,NONE,Ryan Deely,15083170001,1.00,,$719.00,PM: Aspenware,"$296,659.00","$326,203.00"
PM: Aspenware,Ability Level,243913090,86490735,1/10/2027,Curtin,Louis,4,keegan.rosalind@gmail.com,2077769780,PM | Ski | Children's Seasonal Program | 26/27 | Sunday | 4-6yrs | Full Day,NONE,NONE,NONE,NONE,Rosalind Curtin,2077769780,1.00,Level 1,$959.00,PM: Aspenware,"$296,659.00","$326,203.00"
PM: Aspenware,Lesson Comment,243913090,86490735,1/10/2027,Curtin,Louis,4,keegan.rosalind@gmail.com,2077769780,PM | Ski | Children's Seasonal Program | 26/27 | Sunday | 4-6yrs | Full Day,NONE,NONE,NONE,NONE,Rosalind Curtin,2077769780,1.00,,$959.00,PM: Aspenware,"$296,659.00","$326,203.00"
PM: Aspenware,Ability Level,243913090,84359351,1/10/2027,Curtin,Tom,9,keegan.rosalind@gmail.com,2077769780,PM | Ski | Children's Seasonal Program | 26/27 | Sunday | 7-12yrs | Full Day,NONE,NONE,NONE,NONE,Rosalind Keegan,12077769780,1.00,Level 6,$959.00,PM: Aspenware,"$296,659.00","$326,203.00"
PM: Aspenware,Lesson Comment,243913090,84359351,1/10/2027,Curtin,Tom,9,keegan.rosalind@gmail.com,2077769780,PM | Ski | Children's Seasonal Program | 26/27 | Sunday | 7-12yrs | Full Day,NONE,NONE,NONE,NONE,Rosalind Keegan,12077769780,1.00,,$959.00,PM: Aspenware,"$296,659.00","$326,203.00"
PM: Aspenware,Ability Level,243516707,83906829,1/10/2027,Corbett,Cora,6,Seanc8180@yahoo.com,2073182298,PM | Ski | Children's Seasonal Program | 26/27 | Sunday | 4-6yrs | 10am,NONE,NONE,NONE,NONE,Sean COrbett,12073182298,1.00,Level 4,$719.00,PM: Aspenware,"$296,659.00","$326,203.00"
PM: Aspenware,Lesson Comment,243516707,83906829,1/10/2027,Corbett,Cora,6,Seanc8180@yahoo.com,2073182298,PM | Ski | Children's Seasonal Program | 26/27 | Sunday | 4-6yrs | 10am,NONE,NONE,NONE,NONE,Sean COrbett,12073182298,1.00,,$719.00,PM: Aspenware,"$296,659.00","$326,203.00"
PM: Aspenware,Ability Level,243538434,86916303,1/10/2027,Clifford,Phoebe,5,consiglic@gmail.com,7742871181,PM | Ski | Children's Seasonal Program | 26/27 | Sunday | 4-6yrs | 1pm,NONE,NONE,NONE,NONE,Christina Consigli,7742871181,1.00,Level 1,$719.00,PM: Aspenware,"$296,659.00","$326,203.00"
PM: Aspenware,Lesson Comment,243538434,86916303,1/10/2027,Clifford,Phoebe,5,consiglic@gmail.com,7742871181,PM | Ski | Children's Seasonal Program | 26/27 | Sunday | 4-6yrs | 1pm,NONE,NONE,NONE,NONE,Christina Consigli,7742871181,1.00,,$719.00,PM: Aspenware,"$296,659.00","$326,203.00"
PM: Aspenware,Ability Level,243870668,82636208,1/10/2027,Williams,Hudson,9,harveyandrachel2012@gmail.com,5853552962,PM | SB | Children's Seasonal Program | 26/27 | Sunday | 7-12yrs | 10am,NONE,NONE,NONE,NONE,Harvey Williams,5853552962,1.00,Level 6,$719.00,PM: Aspenware,"$296,659.00","$326,203.00"
PM: Aspenware,Lesson Comment,243870668,82636208,1/10/2027,Williams,Hudson,9,harveyandrachel2012@gmail.com,5853552962,PM | SB | Children's Seasonal Program | 26/27 | Sunday | 7-12yrs | 10am,NONE,NONE,NONE,NONE,Harvey Williams,5853552962,1.00,,$719.00,PM: Aspenware,"$296,659.00","$326,203.00"
PM: Aspenware,Ability Level,243870668,82636209,1/10/2027,Williams,Reese,7,harveyandrachel2012@gmail.com,5853552962,PM | SB | Children's Seasonal Program | 26/27 | Sunday | 7-12yrs | 10am,NONE,NONE,NONE,NONE,Harvey Williams,5853552962,1.00,Level 5,$719.00,PM: Aspenware,"$296,659.00","$326,203.00"
PM: Aspenware,Lesson Comment,243870668,82636209,1/10/2027,Williams,Reese,7,harveyandrachel2012@gmail.com,5853552962,PM | SB | Children's Seasonal Program | 26/27 | Sunday | 7-12yrs | 10am,NONE,NONE,NONE,NONE,Harvey Williams,5853552962,1.00,,$719.00,PM: Aspenware,"$296,659.00","$326,203.00"
PM: Aspenware,Ability Level,243870668,85431756,1/10/2027,Williams,Finley,4,harveyandrachel2012@gmail.com,5853552962,PM | SB | Children's Seasonal Program | 26/27 | Sunday | 4-6yrs | 10am,NONE,NONE,NONE,NONE,Harvey Williams,5853552962,1.00,Level 1,$719.00,PM: Aspenware,"$296,659.00","$326,203.00"
PM: Aspenware,Lesson Comment,243870668,85431756,1/10/2027,Williams,Finley,4,harveyandrachel2012@gmail.com,5853552962,PM | SB | Children's Seasonal Program | 26/27 | Sunday | 4-6yrs | 10am,NONE,NONE,NONE,NONE,Harvey Williams,5853552962,1.00,,$719.00,PM: Aspenware,"$296,659.00","$326,203.00"
PM: Aspenware,Ability Level,243516650,83908468,1/10/2027,Burns,Wilder,6,ben@qcmaine.com,14355034320,PM | Ski | Children's Seasonal Program | 26/27 | Sunday | 4-6yrs | 10am,NONE,NONE,NONE,NONE,Ben Burns,14355034320,1.00,Level 2,$719.00,PM: Aspenware,"$296,659.00","$326,203.00"
PM: Aspenware,Lesson Comment,243516650,83908468,1/10/2027,Burns,Wilder,6,ben@qcmaine.com,14355034320,PM | Ski | Children's Seasonal Program | 26/27 | Sunday | 4-6yrs | 10am,NONE,NONE,NONE,NONE,Ben Burns,14355034320,1.00,,$719.00,PM: Aspenware,"$296,659.00","$326,203.00"
PM: Aspenware,Ability Level,243516650,85409729,1/10/2027,Burns,Callum,5,ben@qcmaine.com,14355034320,PM | Ski | Children's Seasonal Program | 26/27 | Sunday | 4-6yrs | 10am,NONE,NONE,NONE,NONE,Ben Burns,14355034320,1.00,Level 1,$719.00,PM: Aspenware,"$296,659.00","$326,203.00"
PM: Aspenware,Lesson Comment,243516650,85409729,1/10/2027,Burns,Callum,5,ben@qcmaine.com,14355034320,PM | Ski | Children's Seasonal Program | 26/27 | Sunday | 4-6yrs | 10am,NONE,NONE,NONE,NONE,Ben Burns,14355034320,1.00,,$719.00,PM: Aspenware,"$296,659.00","$326,203.00"
PM: Aspenware,Ability Level,243516650,85409743,1/10/2027,Burns,Maxwell,5,ben@qcmaine.com,14355034320,PM | Ski | Children's Seasonal Program | 26/27 | Sunday | 4-6yrs | 10am,NONE,NONE,NONE,NONE,Ben Burns,14355034320,1.00,Level 1,$719.00,PM: Aspenware,"$296,659.00","$326,203.00"
PM: Aspenware,Lesson Comment,243516650,85409743,1/10/2027,Burns,Maxwell,5,ben@qcmaine.com,14355034320,PM | Ski | Children's Seasonal Program | 26/27 | Sunday | 4-6yrs | 10am,NONE,NONE,NONE,NONE,Ben Burns,14355034320,1.00,,$719.00,PM: Aspenware,"$296,659.00","$326,203.00"
PM: Aspenware,Ability Level,243665255,82933744,1/10/2027,Finley,Silas,5,finleyrp@gmail.com,2076492132,PM | Ski | Children's Seasonal Program | 26/27 | Sunday | 4-6yrs | 10am,NONE,NONE,NONE,NONE,Raymond Finley,2076492132,1.00,Level 3,$719.00,PM: Aspenware,"$296,659.00","$326,203.00"
PM: Aspenware,Lesson Comment,243665255,82933744,1/10/2027,Finley,Silas,5,finleyrp@gmail.com,2076492132,PM | Ski | Children's Seasonal Program | 26/27 | Sunday | 4-6yrs | 10am,NONE,NONE,NONE,NONE,Raymond Finley,2076492132,1.00,,$719.00,PM: Aspenware,"$296,659.00","$326,203.00"
PM: Aspenware,Ability Level,244226169,84617266,1/10/2027,Liegner,Josie,4,adam.liegner@gmail.com,2073172441,PM | Ski | Children's Seasonal Program | 26/27 | Sunday | 4-6yrs | 1pm,NONE,NONE,NONE,NONE,Adam Liegner,2073172441,1.00,Level 2,$719.00,PM: Aspenware,"$296,659.00","$326,203.00"
PM: Aspenware,Lesson Comment,244226169,84617266,1/10/2027,Liegner,Josie,4,adam.liegner@gmail.com,2073172441,PM | Ski | Children's Seasonal Program | 26/27 | Sunday | 4-6yrs | 1pm,NONE,NONE,NONE,NONE,Adam Liegner,2073172441,1.00,,$719.00,PM: Aspenware,"$296,659.00","$326,203.00"
PM: Aspenware,Ability Level,244573319,78283471,1/10/2027,Kelsen,Ari,12,Lisa.kelsen1@gmail.com,2076501182,PM | Ski | Children's Seasonal Program | 26/27 | Sunday | 11-13yrs | 9am,NONE,NONE,NONE,NONE,Lisa kelsen,2076501182,1.00,Level 7,$859.00,PM: Aspenware,"$296,659.00","$326,203.00"
PM: Aspenware,Lesson Comment,244573319,78283471,1/10/2027,Kelsen,Ari,12,Lisa.kelsen1@gmail.com,2076501182,PM | Ski | Children's Seasonal Program | 26/27 | Sunday | 11-13yrs | 9am,NONE,NONE,NONE,NONE,Lisa kelsen,2076501182,1.00,,$859.00,PM: Aspenware,"$296,659.00","$326,203.00"
PM: Aspenware,Ability Level,244333096,82422935,1/10/2027,Fey,Louisa,6,jamie.fey@gmail.com,12075761952,PM | Ski | Children's Seasonal Program | 26/27 | Sunday | 4-6yrs | 1pm,NONE,NONE,NONE,NONE,Ian Crouch,12075761952,1.00,Level 4,$779.00,PM: Aspenware,"$296,659.00","$326,203.00"
PM: Aspenware,Lesson Comment,244333096,82422935,1/10/2027,Fey,Louisa,6,jamie.fey@gmail.com,12075761952,PM | Ski | Children's Seasonal Program | 26/27 | Sunday | 4-6yrs | 1pm,NONE,NONE,NONE,NONE,Ian Crouch,12075761952,1.00,,$779.00,PM: Aspenware,"$296,659.00","$326,203.00"
PM: Aspenware,Ability Level,243937611,84052139,1/10/2027,Morgan,Polly,6,LTTMORGAN2@GMAIL.COM,2039154858,PM | Ski | Children's Seasonal Program | 26/27 | Sunday | 4-6yrs | Full Day,NONE,NONE,NONE,NONE,Eliott Morgan,2039154858,1.00,Level 3,$959.00,PM: Aspenware,"$296,659.00","$326,203.00"
PM: Aspenware,Lesson Comment,243937611,84052139,1/10/2027,Morgan,Polly,6,LTTMORGAN2@GMAIL.COM,2039154858,PM | Ski | Children's Seasonal Program | 26/27 | Sunday | 4-6yrs | Full Day,NONE,NONE,NONE,NONE,Eliott Morgan,2039154858,1.00,,$959.00,PM: Aspenware,"$296,659.00","$326,203.00"
PM: Aspenware,Ability Level,243937611,84052141,1/10/2027,Morgan,June,4,lttmorgan2@gmail.com,2039154858,PM | Ski | Children's Seasonal Program | 26/27 | Sunday | 4-6yrs | Full Day,NONE,NONE,NONE,NONE,Eliott Morgan,2039154858,1.00,Level 3,$959.00,PM: Aspenware,"$296,659.00","$326,203.00"
PM: Aspenware,Lesson Comment,243937611,84052141,1/10/2027,Morgan,June,4,lttmorgan2@gmail.com,2039154858,PM | Ski | Children's Seasonal Program | 26/27 | Sunday | 4-6yrs | Full Day,NONE,NONE,NONE,NONE,Eliott Morgan,2039154858,1.00,,$959.00,PM: Aspenware,"$296,659.00","$326,203.00"
PM: Aspenware,Ability Level,244269132,87031203,1/10/2027,Estell,Quinn,4,ebenestell@gmail.com,2073705588,PM | Ski | Children's Seasonal Program | 26/27 | Sunday | 4-6yrs | 1pm,NONE,NONE,NONE,NONE,Eben Estell,2073705588,1.00,Level 1,$779.00,PM: Aspenware,"$296,659.00","$326,203.00"
PM: Aspenware,Lesson Comment,244269132,87031203,1/10/2027,Estell,Quinn,4,ebenestell@gmail.com,2073705588,PM | Ski | Children's Seasonal Program | 26/27 | Sunday | 4-6yrs | 1pm,NONE,NONE,NONE,NONE,Eben Estell,2073705588,1.00,,$779.00,PM: Aspenware,"$296,659.00","$326,203.00"
PM: Aspenware,Ability Level,243884491,86505821,1/10/2027,Meserve,Eleanor,5,meserve.michael@gmail.com,2072392238,PM | Ski | Children's Seasonal Program | 26/27 | Sunday | 4-6yrs | Full Day,NONE,NONE,NONE,NONE,Michael Meserve,2072392238,1.00,Level 4,$959.00,PM: Aspenware,"$296,659.00","$326,203.00"
PM: Aspenware,Lesson Comment,243884491,86505821,1/10/2027,Meserve,Eleanor,5,meserve.michael@gmail.com,2072392238,PM | Ski | Children's Seasonal Program | 26/27 | Sunday | 4-6yrs | Full Day,NONE,NONE,NONE,NONE,Michael Meserve,2072392238,1.00,,$959.00,PM: Aspenware,"$296,659.00","$326,203.00"
PM: Aspenware,Ability Level,243585667,86927121,1/10/2027,Clarke,Keira,5,emilyjclarke5@gmail.com,4154072306,PM | Ski | Children's Seasonal Program | 26/27 | Sunday | 4-6yrs | 1pm,NONE,NONE,Keira to amoxicillin,NONE,Emily Clarke,4154072306,1.00,Level 1,$719.00,PM: Aspenware,"$296,659.00","$326,203.00"
PM: Aspenware,Lesson Comment,243585667,86927121,1/10/2027,Clarke,Keira,5,emilyjclarke5@gmail.com,4154072306,PM | Ski | Children's Seasonal Program | 26/27 | Sunday | 4-6yrs | 1pm,NONE,NONE,Keira to amoxicillin,NONE,Emily Clarke,4154072306,1.00,,$719.00,PM: Aspenware,"$296,659.00","$326,203.00"
PM: Aspenware,Ability Level,243522255,80386441,1/10/2027,Verrico,Allie,9,kristen.s.verrico@pwc.com,2073291438,PM | Ski | Children's Seasonal Program | 26/27 | Sunday | 7-12yrs | 10am,NONE,NONE,NONE,Yellow-578-Jeremie-3/12/22,Kristen Verrico,2073291438,1.00,Level 5,$719.00,PM: Aspenware,"$296,659.00","$326,203.00"
PM: Aspenware,Lesson Comment,243522255,80386441,1/10/2027,Verrico,Allie,9,kristen.s.verrico@pwc.com,2073291438,PM | Ski | Children's Seasonal Program | 26/27 | Sunday | 7-12yrs | 10am,NONE,NONE,NONE,Yellow-578-Jeremie-3/12/22,Kristen Verrico,2073291438,1.00,,$719.00,PM: Aspenware,"$296,659.00","$326,203.00"
PM: Aspenware,Ability Level,243522301,79450587,1/10/2027,Verrico,Jacob,11,kristen.s.verrico@pwc.com,2073291438,PM | Ski | Children's Seasonal Program | 26/27 | Sunday | 7-12yrs | 10am,NONE,NONE,NONE,Green  489  Nikki  3/12/22,Kristen Verrico,2073291438,1.00,Level 7,$719.00,PM: Aspenware,"$296,659.00","$326,203.00"
PM: Aspenware,Lesson Comment,243522301,79450587,1/10/2027,Verrico,Jacob,11,kristen.s.verrico@pwc.com,2073291438,PM | Ski | Children's Seasonal Program | 26/27 | Sunday | 7-12yrs | 10am,NONE,NONE,NONE,Green  489  Nikki  3/12/22,Kristen Verrico,2073291438,1.00,,$719.00,PM: Aspenware,"$296,659.00","$326,203.00"
PM: Aspenware,Ability Level,243518513,83903436,1/10/2027,Rudasill,Leia,8,egmerrill@gmail.com,4153078258,PM | Ski | Children's Seasonal Program | 26/27 | Sunday | 7-12yrs | 10am,NONE,NONE,NONE,NONE,Elizabeth Merrill,4153078258,1.00,Level 4,$719.00,PM: Aspenware,"$296,659.00","$326,203.00"
PM: Aspenware,Lesson Comment,243518513,83903436,1/10/2027,Rudasill,Leia,8,egmerrill@gmail.com,4153078258,PM | Ski | Children's Seasonal Program | 26/27 | Sunday | 7-12yrs | 10am,NONE,NONE,NONE,NONE,Elizabeth Merrill,4153078258,1.00,,$719.00,PM: Aspenware,"$296,659.00","$326,203.00"
PM: Aspenware,Ability Level,243518513,85430385,1/10/2027,Rudasill,Avi,5,egmerrill@gmail.com,4153078258,PM | Ski | Children's Seasonal Program | 26/27 | Sunday | 4-6yrs | 10am,NONE,NONE,NONE,NONE,Elizabeth Merrill,4153078258,1.00,Level 2,$719.00,PM: Aspenware,"$296,659.00","$326,203.00"
PM: Aspenware,Lesson Comment,243518513,85430385,1/10/2027,Rudasill,Avi,5,egmerrill@gmail.com,4153078258,PM | Ski | Children's Seasonal Program | 26/27 | Sunday | 4-6yrs | 10am,NONE,NONE,NONE,NONE,Elizabeth Merrill,4153078258,1.00,,$719.00,PM: Aspenware,"$296,659.00","$326,203.00"
PM: Aspenware,Ability Level,244359862,80631978,1/10/2027,Lewis,Benton,8,paigediamant@gmail.com,2145511581,PM | Ski | Children's Seasonal Program | 26/27 | Sunday | 7-12yrs | Full Day,NONE,NONE,NONE,Red-1537-Emma-1/8/23,Robert Lewis,2145511581,1.00,Level 6,$999.00,PM: Aspenware,"$296,659.00","$326,203.00"
PM: Aspenware,Lesson Comment,244359862,80631978,1/10/2027,Lewis,Benton,8,paigediamant@gmail.com,2145511581,PM | Ski | Children's Seasonal Program | 26/27 | Sunday | 7-12yrs | Full Day,NONE,NONE,NONE,Red-1537-Emma-1/8/23,Robert Lewis,2145511581,1.00,,$999.00,PM: Aspenware,"$296,659.00","$326,203.00"
PM: Aspenware,Ability Level,243641427,81620699,1/10/2027,Morse,Hattie,7,benmorse79@gmail.com,6178403386,PM | Ski | Children's Seasonal Program | 26/27 | Sunday | 7-12yrs | Full Day,NONE,NONE,NONE,Red-1512-Anna-1/2/23,Benjamin Morse,6178403386,1.00,Level 6,$959.00,PM: Aspenware,"$296,659.00","$326,203.00"
PM: Aspenware,Lesson Comment,243641427,81620699,1/10/2027,Morse,Hattie,7,benmorse79@gmail.com,6178403386,PM | Ski | Children's Seasonal Program | 26/27 | Sunday | 7-12yrs | Full Day,NONE,NONE,NONE,Red-1512-Anna-1/2/23,Benjamin Morse,6178403386,1.00,,$959.00,PM: Aspenware,"$296,659.00","$326,203.00"
PM: Aspenware,Ability Level,243634063,81765238,1/10/2027,Ryan,Leona,7,erin.e.bond@gmail.com,2076158907,PM | Ski | Children's Seasonal Program | 26/27 | Sunday | 7-12yrs | 10am,NONE,NONE,NONE,NONE,Stuart Ryan,2076158907,1.00,Level 6,$719.00,PM: Aspenware,"$296,659.00","$326,203.00"
PM: Aspenware,Lesson Comment,243634063,81765238,1/10/2027,Ryan,Leona,7,erin.e.bond@gmail.com,2076158907,PM | Ski | Children's Seasonal Program | 26/27 | Sunday | 7-12yrs | 10am,NONE,NONE,NONE,NONE,Stuart Ryan,2076158907,1.00,,$719.00,PM: Aspenware,"$296,659.00","$326,203.00"
PM: Aspenware,Ability Level,243635434,81743312,1/10/2027,Reynolds,Leighton,5,jacquesm.reynolds@gmail.com,2072956302,PM | Ski | Children's Seasonal Program | 26/27 | Sunday | 4-6yrs | 10am,NONE,NONE,NONE,NONE,Jacques Reynolds,2072956302,1.00,Level 4,$719.00,PM: Aspenware,"$296,659.00","$326,203.00"
PM: Aspenware,Lesson Comment,243635434,81743312,1/10/2027,Reynolds,Leighton,5,jacquesm.reynolds@gmail.com,2072956302,PM | Ski | Children's Seasonal Program | 26/27 | Sunday | 4-6yrs | 10am,NONE,NONE,NONE,NONE,Jacques Reynolds,2072956302,1.00,,$719.00,PM: Aspenware,"$296,659.00","$326,203.00"
PM: Aspenware,Ability Level,243600586,86930632,1/10/2027,Walters,Liv,5,dwalters7017@hotmail.com,6513257017,PM | Ski | Children's Seasonal Program | 26/27 | Sunday | 4-6yrs | 10am,NONE,NONE,NONE,NONE,Dane Walters,6513257017,1.00,Level 1,$719.00,PM: Aspenware,"$296,659.00","$326,203.00"
PM: Aspenware,Lesson Comment,243600586,86930632,1/10/2027,Walters,Liv,5,dwalters7017@hotmail.com,6513257017,PM | Ski | Children's Seasonal Program | 26/27 | Sunday | 4-6yrs | 10am,NONE,NONE,NONE,NONE,Dane Walters,6513257017,1.00,,$719.00,PM: Aspenware,"$296,659.00","$326,203.00"
PM: Aspenware,Ability Level,243620895,83891444,1/10/2027,Duval,Simon,5,jason.duval21@gmail.com,2072311078,PM | Ski | Children's Seasonal Program | 26/27 | Sunday | 4-6yrs | 10am,NONE,NONE,NONE,NONE,Tasha Duval,2072801310,1.00,Level 5,$719.00,PM: Aspenware,"$296,659.00","$326,203.00"
PM: Aspenware,Lesson Comment,243620895,83891444,1/10/2027,Duval,Simon,5,jason.duval21@gmail.com,2072311078,PM | Ski | Children's Seasonal Program | 26/27 | Sunday | 4-6yrs | 10am,NONE,NONE,NONE,NONE,Tasha Duval,2072801310,1.00,,$719.00,PM: Aspenware,"$296,659.00","$326,203.00"
PM: Aspenware,Ability Level,243517229,85409294,1/10/2027,Speyer,Lucy,6,hayleyanson@gmail.com,2073129376,PM | Ski | Children's Seasonal Program | 26/27 | Sunday | 4-6yrs | 10am,NONE,NONE,Augmentin,NONE,Hayley Anson,2073129376,1.00,Level 2,$719.00,PM: Aspenware,"$296,659.00","$326,203.00"
PM: Aspenware,Lesson Comment,243517229,85409294,1/10/2027,Speyer,Lucy,6,hayleyanson@gmail.com,2073129376,PM | Ski | Children's Seasonal Program | 26/27 | Sunday | 4-6yrs | 10am,NONE,NONE,Augmentin,NONE,Hayley Anson,2073129376,1.00,,$719.00,PM: Aspenware,"$296,659.00","$326,203.00"
PM: Aspenware,Ability Level,243517229,85409296,1/10/2027,Speyer,Annie,4,hayleyanson@gmail.com,2073129376,PM | Ski | Children's Seasonal Program | 26/27 | Sunday | 4-6yrs | 10am,NONE,NONE,NONE,NONE,Hayley Anson,2073129376,1.00,Level 1,$719.00,PM: Aspenware,"$296,659.00","$326,203.00"
PM: Aspenware,Lesson Comment,243517229,85409296,1/10/2027,Speyer,Annie,4,hayleyanson@gmail.com,2073129376,PM | Ski | Children's Seasonal Program | 26/27 | Sunday | 4-6yrs | 10am,NONE,NONE,NONE,NONE,Hayley Anson,2073129376,1.00,,$719.00,PM: Aspenware,"$296,659.00","$326,203.00"
PM: Aspenware,Ability Level,243635770,82641900,1/10/2027,Spydell,Eliza,6,courtneyfsinclair@gmail.com,2078387197,PM | Ski | Children's Seasonal Program | 26/27 | Sunday | 4-6yrs | 10am,NONE,NONE,NONE,NONE,Courtney Sinclair,2078387197,1.00,Level 3,$719.00,PM: Aspenware,"$296,659.00","$326,203.00"
PM: Aspenware,Lesson Comment,243635770,82641900,1/10/2027,Spydell,Eliza,6,courtneyfsinclair@gmail.com,2078387197,PM | Ski | Children's Seasonal Program | 26/27 | Sunday | 4-6yrs | 10am,NONE,NONE,NONE,NONE,Courtney Sinclair,2078387197,1.00,,$719.00,PM: Aspenware,"$296,659.00","$326,203.00"
PM: Aspenware,Ability Level,243635770,82641899,1/10/2027,Spydell,Lucy,10,courtneyfsinclair@gmail.com,2078387197,PM | Ski | Children's Seasonal Program | 26/27 | Sunday | 7-12yrs | 10am,NONE,NONE,NONE,NONE,Courtney Sinclair,2078387197,1.00,Level 5,$719.00,PM: Aspenware,"$296,659.00","$326,203.00"
PM: Aspenware,Lesson Comment,243635770,82641899,1/10/2027,Spydell,Lucy,10,courtneyfsinclair@gmail.com,2078387197,PM | Ski | Children's Seasonal Program | 26/27 | Sunday | 7-12yrs | 10am,NONE,NONE,NONE,NONE,Courtney Sinclair,2078387197,1.00,,$719.00,PM: Aspenware,"$296,659.00","$326,203.00"
PM: Aspenware,Ability Level,243763479,79835025,1/10/2027,Nichols,Elizabeth,9,carolynjanenichols@gmail.com,2075925493,PM | Ski | Children's Seasonal Program | 26/27 | Sunday | 7-12yrs | 10am,NONE,NONE,NONE,NONE,Carolyn Nichols,12075925493,1.00,Level 4,$719.00,PM: Aspenware,"$296,659.00","$326,203.00"
PM: Aspenware,Lesson Comment,243763479,79835025,1/10/2027,Nichols,Elizabeth,9,carolynjanenichols@gmail.com,2075925493,PM | Ski | Children's Seasonal Program | 26/27 | Sunday | 7-12yrs | 10am,NONE,NONE,NONE,NONE,Carolyn Nichols,12075925493,1.00,,$719.00,PM: Aspenware,"$296,659.00","$326,203.00"
PM: Aspenware,Ability Level,243763479,79835028,1/10/2027,Nichols,Julia,7,carolynjanenichols@gmail.com,2075925493,PM | Ski | Children's Seasonal Program | 26/27 | Sunday | 7-12yrs | 10am,NONE,NONE,NONE,NONE,Carolyn Nichols,12075925493,1.00,Level 4,$719.00,PM: Aspenware,"$296,659.00","$326,203.00"
PM: Aspenware,Lesson Comment,243763479,79835028,1/10/2027,Nichols,Julia,7,carolynjanenichols@gmail.com,2075925493,PM | Ski | Children's Seasonal Program | 26/27 | Sunday | 7-12yrs | 10am,NONE,NONE,NONE,NONE,Carolyn Nichols,12075925493,1.00,,$719.00,PM: Aspenware,"$296,659.00","$326,203.00"
PM: Aspenware,Ability Level,243518477,86769418,1/10/2027,O'Donnell,Dillon,5,g.odonnell3@gmail.com,12072006123,PM | Ski | Children's Seasonal Program | 26/27 | Sunday | 4-6yrs | 10am,NONE,NONE,NONE,NONE,Gregory O'Donnell,12072006123,1.00,Level 3,$719.00,PM: Aspenware,"$296,659.00","$326,203.00"
PM: Aspenware,Lesson Comment,243518477,86769418,1/10/2027,O'Donnell,Dillon,5,g.odonnell3@gmail.com,12072006123,PM | Ski | Children's Seasonal Program | 26/27 | Sunday | 4-6yrs | 10am,NONE,NONE,NONE,NONE,Gregory O'Donnell,12072006123,1.00,,$719.00,PM: Aspenware,"$296,659.00","$326,203.00"
PM: Aspenware,Ability Level,243518477,86769421,1/10/2027,O'Donnell,Maeve,7,g.odonnell3@gmail.com,12072006123,PM | Ski | Children's Seasonal Program | 26/27 | Sunday | 7-12yrs | 10am,NONE,NONE,NONE,NONE,Gregory O'Donnell,12072006123,1.00,Level 3,$719.00,PM: Aspenware,"$296,659.00","$326,203.00"
PM: Aspenware,Lesson Comment,243518477,86769421,1/10/2027,O'Donnell,Maeve,7,g.odonnell3@gmail.com,12072006123,PM | Ski | Children's Seasonal Program | 26/27 | Sunday | 7-12yrs | 10am,NONE,NONE,NONE,NONE,Gregory O'Donnell,12072006123,1.00,,$719.00,PM: Aspenware,"$296,659.00","$326,203.00"
PM: Aspenware,Ability Level,243947699,80387272,1/10/2027,Brophy,Will,9,kate8brophy@gmail.com,2075775463,PM | Ski | Children's Seasonal Program | 26/27 | Sunday | 7-12yrs | 10am,NONE,NONE,NONE,NONE,Kate Brophy,12075775463,1.00,Level 7,$719.00,PM: Aspenware,"$296,659.00","$326,203.00"
PM: Aspenware,Lesson Comment,243947699,80387272,1/10/2027,Brophy,Will,9,kate8brophy@gmail.com,2075775463,PM | Ski | Children's Seasonal Program | 26/27 | Sunday | 7-12yrs | 10am,NONE,NONE,NONE,NONE,Kate Brophy,12075775463,1.00,,$719.00,PM: Aspenware,"$296,659.00","$326,203.00"
PM: Aspenware,Ability Level,243923576,83804405,1/10/2027,Gridley,Finn,8,colleengridley@gmail.com,12157385078,PM | Ski | Children's Seasonal Program | 26/27 | Sunday | 7-12yrs | Full Day,NONE,NONE,NONE,NONE,Colleen Gridley,12157385078,1.00,Level 6,$959.00,PM: Aspenware,"$296,659.00","$326,203.00"
PM: Aspenware,Lesson Comment,243923576,83804405,1/10/2027,Gridley,Finn,8,colleengridley@gmail.com,12157385078,PM | Ski | Children's Seasonal Program | 26/27 | Sunday | 7-12yrs | Full Day,NONE,NONE,NONE,NONE,Colleen Gridley,12157385078,1.00,,$959.00,PM: Aspenware,"$296,659.00","$326,203.00"
PM: Aspenware,Ability Level,243923576,83804408,1/10/2027,Gridley,Maisy,7,colleengridley@gmail.com,12157385078,PM | Ski | Children's Seasonal Program | 26/27 | Sunday | 7-12yrs | Full Day,NONE,NONE,NONE,NONE,Colleen Gridley,12157385078,1.00,Level 5,$959.00,PM: Aspenware,"$296,659.00","$326,203.00"
PM: Aspenware,Lesson Comment,243923576,83804408,1/10/2027,Gridley,Maisy,7,colleengridley@gmail.com,12157385078,PM | Ski | Children's Seasonal Program | 26/27 | Sunday | 7-12yrs | Full Day,NONE,NONE,NONE,NONE,Colleen Gridley,12157385078,1.00,,$959.00,PM: Aspenware,"$296,659.00","$326,203.00"
PM: Aspenware,Ability Level,244670695,83798442,1/10/2027,Grimaldi,Louis,5,kmoustrouphis@gmail.com,2078312626,PM | Ski | Children's Seasonal Program | 26/27 | Sunday | 4-6yrs | Full Day,NONE,NONE,NONE,NONE,Kristen Moustrouphis,12078312626,1.00,Level 2,$999.00,PM: Aspenware,"$296,659.00","$326,203.00"
PM: Aspenware,Lesson Comment,244670695,83798442,1/10/2027,Grimaldi,Louis,5,kmoustrouphis@gmail.com,2078312626,PM | Ski | Children's Seasonal Program | 26/27 | Sunday | 4-6yrs | Full Day,NONE,NONE,NONE,NONE,Kristen Moustrouphis,12078312626,1.00,,$999.00,PM: Aspenware,"$296,659.00","$326,203.00"
PM: Aspenware,Ability Level,244670695,82900028,1/10/2027,Grimaldi,Joseph,7,kmoustrouphis@gmail.com,2078312626,PM | Ski | Children's Seasonal Program | 26/27 | Sunday | 7-12yrs | 10am,NONE,NONE,NONE,NONE,Kristen Moustrouphis,12078312626,1.00,Level 6,$779.00,PM: Aspenware,"$296,659.00","$326,203.00"
PM: Aspenware,Lesson Comment,244670695,82900028,1/10/2027,Grimaldi,Joseph,7,kmoustrouphis@gmail.com,2078312626,PM | Ski | Children's Seasonal Program | 26/27 | Sunday | 7-12yrs | 10am,NONE,NONE,NONE,NONE,Kristen Moustrouphis,12078312626,1.00,,$779.00,PM: Aspenware,"$296,659.00","$326,203.00"
PM: Aspenware,Ability Level,244651211,85917179,1/10/2027,Fredette,Josie,11,akeibel@gmail.com,8609305781,PM | Ski | Children's Seasonal Program | 26/27 | Sunday | 7-12yrs | 1pm,Insulin,NONE,NONE,Type 1 diabetic,Andrew Keibel,18609305781,1.00,Level 4,$779.00,PM: Aspenware,"$296,659.00","$326,203.00"
PM: Aspenware,Lesson Comment,244651211,85917179,1/10/2027,Fredette,Josie,11,akeibel@gmail.com,8609305781,PM | Ski | Children's Seasonal Program | 26/27 | Sunday | 7-12yrs | 1pm,Insulin,NONE,NONE,Type 1 diabetic,Andrew Keibel,18609305781,1.00,,$779.00,PM: Aspenware,"$296,659.00","$326,203.00"
PM: Aspenware,Ability Level,243804475,86978144,1/10/2027,Treantos,Nickolas,5,gtreanto@gmail.com,9783140324,PM | Ski | Children's Seasonal Program | 26/27 | Sunday | 4-6yrs | 10am,NONE,NONE,NONE,NONE,Christopher Treantos,9783804802,1.00,Level 1,$719.00,PM: Aspenware,"$296,659.00","$326,203.00"
PM: Aspenware,Lesson Comment,243804475,86978144,1/10/2027,Treantos,Nickolas,5,gtreanto@gmail.com,9783140324,PM | Ski | Children's Seasonal Program | 26/27 | Sunday | 4-6yrs | 10am,NONE,NONE,NONE,NONE,Christopher Treantos,9783804802,1.00,,$719.00,PM: Aspenware,"$296,659.00","$326,203.00"
PM: Aspenware,Ability Level,243804475,86978151,1/10/2027,Treantos,Charles,4,gtreanto@gmail.com,9783140324,PM | Ski | Children's Seasonal Program | 26/27 | Sunday | 4-6yrs | 10am,NONE,NONE,NONE,NONE,Christopher Treantos,9783804802,1.00,Level 1,$719.00,PM: Aspenware,"$296,659.00","$326,203.00"
PM: Aspenware,Lesson Comment,243804475,86978151,1/10/2027,Treantos,Charles,4,gtreanto@gmail.com,9783140324,PM | Ski | Children's Seasonal Program | 26/27 | Sunday | 4-6yrs | 10am,NONE,NONE,NONE,NONE,Christopher Treantos,9783804802,1.00,,$719.00,PM: Aspenware,"$296,659.00","$326,203.00"
PM: Aspenware,Ability Level,243785466,84051027,1/10/2027,Sanford,Josephine,5,gates.sanford@gmail.com,8609308821,PM | Ski | Children's Seasonal Program | 26/27 | Sunday | 4-6yrs | 10am,NONE,NONE,NONE,NONE,Gates Sanford,8609308821,1.00,Level 3,$719.00,PM: Aspenware,"$296,659.00","$326,203.00"
PM: Aspenware,Lesson Comment,243785466,84051027,1/10/2027,Sanford,Josephine,5,gates.sanford@gmail.com,8609308821,PM | Ski | Children's Seasonal Program | 26/27 | Sunday | 4-6yrs | 10am,NONE,NONE,NONE,NONE,Gates Sanford,8609308821,1.00,,$719.00,PM: Aspenware,"$296,659.00","$326,203.00"
PM: Aspenware,Ability Level,243785466,81035779,1/10/2027,Sanford,Victor,8,gates.sanford@gmail.com,8609308821,PM | Ski | Children's Seasonal Program | 26/27 | Sunday | 7-12yrs | 10am,NONE,NONE,NONE,NONE,Gates Sanford,8609308821,1.00,Level 5,$719.00,PM: Aspenware,"$296,659.00","$326,203.00"
PM: Aspenware,Lesson Comment,243785466,81035779,1/10/2027,Sanford,Victor,8,gates.sanford@gmail.com,8609308821,PM | Ski | Children's Seasonal Program | 26/27 | Sunday | 7-12yrs | 10am,NONE,NONE,NONE,NONE,Gates Sanford,8609308821,1.00,,$719.00,PM: Aspenware,"$296,659.00","$326,203.00"
PM: Aspenware,Ability Level,243900422,82496592,1/10/2027,Grubb,Declan,13,raissiem@proton.me,4012187796,PM | Ski | Children's Seasonal Program | 26/27 | Sunday | 11-13yrs | 9am,NONE,NONE,NONE,NONE,Rachel Grubb,4012187796,1.00,Level 7,$799.00,PM: Aspenware,"$296,659.00","$326,203.00"
PM: Aspenware,Lesson Comment,243900422,82496592,1/10/2027,Grubb,Declan,13,raissiem@proton.me,4012187796,PM | Ski | Children's Seasonal Program | 26/27 | Sunday | 11-13yrs | 9am,NONE,NONE,NONE,NONE,Rachel Grubb,4012187796,1.00,,$799.00,PM: Aspenware,"$296,659.00","$326,203.00"
PM: Aspenware,Ability Level,243604443,82473384,1/10/2027,Henckel,Lilian,4,rafahenckel@gmail.com,5086155061,PM | Ski | Children's Seasonal Program | 26/27 | Sunday | 4-6yrs | 10am,NONE,NONE,NONE,NONE,Elizabeth Henckel,2076328042,1.00,Level 1,$719.00,PM: Aspenware,"$296,659.00","$326,203.00"
PM: Aspenware,Lesson Comment,243604443,82473384,1/10/2027,Henckel,Lilian,4,rafahenckel@gmail.com,5086155061,PM | Ski | Children's Seasonal Program | 26/27 | Sunday | 4-6yrs | 10am,NONE,NONE,NONE,NONE,Elizabeth Henckel,2076328042,1.00,,$719.00,PM: Aspenware,"$296,659.00","$326,203.00"
PM: Aspenware,Ability Level,243604443,81034490,1/10/2027,Henckel,Camila,9,rafahenckel@gmail.com,5086155061,PM | Ski | Children's Seasonal Program | 26/27 | Sunday | 7-12yrs | 10am,NONE,NONE,NONE,NONE,Elizabeth Henckel,207-632-8042,1.00,Level 6,$719.00,PM: Aspenware,"$296,659.00","$326,203.00"
PM: Aspenware,Lesson Comment,243604443,81034490,1/10/2027,Henckel,Camila,9,rafahenckel@gmail.com,5086155061,PM | Ski | Children's Seasonal Program | 26/27 | Sunday | 7-12yrs | 10am,NONE,NONE,NONE,NONE,Elizabeth Henckel,207-632-8042,1.00,,$719.00,PM: Aspenware,"$296,659.00","$326,203.00"
PM: Aspenware,Ability Level,244100024,81579189,1/10/2027,Condon,James,13,mjcondon79@gmail.com,7814249601,PM | Ski | Children's Seasonal Program | 26/27 | Sunday | 11-13yrs | 9am,"Guanfacine, Vyvanse, fluoxitine",None,None,James may get nervous / anxious... noted he struggled this past season as we had some personal stuff going on.  Should be good to go come next ski season!,Matthew Condon,7814249601,1.00,Level 7,$799.00,PM: Aspenware,"$296,659.00","$326,203.00"
PM: Aspenware,Lesson Comment,244100024,81579189,1/10/2027,Condon,James,13,mjcondon79@gmail.com,7814249601,PM | Ski | Children's Seasonal Program | 26/27 | Sunday | 11-13yrs | 9am,"Guanfacine, Vyvanse, fluoxitine",None,None,James may get nervous / anxious... noted he struggled this past season as we had some personal stuff going on.  Should be good to go come next ski season!,Matthew Condon,7814249601,1.00,,$799.00,PM: Aspenware,"$296,659.00","$326,203.00"
PM: Aspenware,Ability Level,244100024,82603281,1/10/2027,Condon,Bridget,11,mjcondon79@gmail.com,7814249601,PM | Ski | Children's Seasonal Program | 26/27 | Sunday | 11-13yrs | 9am,methylphenidate (ritalin),None,None,NONE,Matthew Condon,7814249601,1.00,Level 7,$799.00,PM: Aspenware,"$296,659.00","$326,203.00"
PM: Aspenware,Lesson Comment,244100024,82603281,1/10/2027,Condon,Bridget,11,mjcondon79@gmail.com,7814249601,PM | Ski | Children's Seasonal Program | 26/27 | Sunday | 11-13yrs | 9am,methylphenidate (ritalin),None,None,NONE,Matthew Condon,7814249601,1.00,,$799.00,PM: Aspenware,"$296,659.00","$326,203.00"
PM: Aspenware,Ability Level,243547712,81249481,1/10/2027,Turner,Jack,6,cgbturner@gmail.com,5404546621,PM | Ski | Children's Seasonal Program | 26/27 | Sunday | 4-6yrs | 10am,NONE,egg,NONE,NONE,Christopher Turner,15404546621,1.00,Level 4,$719.00,PM: Aspenware,"$296,659.00","$326,203.00"
PM: Aspenware,Lesson Comment,243547712,81249481,1/10/2027,Turner,Jack,6,cgbturner@gmail.com,5404546621,PM | Ski | Children's Seasonal Program | 26/27 | Sunday | 4-6yrs | 10am,NONE,egg,NONE,NONE,Christopher Turner,15404546621,1.00,,$719.00,PM: Aspenware,"$296,659.00","$326,203.00"
PM: Aspenware,Ability Level,244249011,84395466,1/10/2027,Nichols,Sadie,7,caseyelizabeth@gmail.com,6037596724,PM | Ski | Children's Seasonal Program | 26/27 | Sunday | 7-12yrs | 1pm,NONE,NONE,NONE,NONE,Casey Schwarz,16037596724,1.00,Level 4,$719.00,PM: Aspenware,"$296,659.00","$326,203.00"
PM: Aspenware,Lesson Comment,244249011,84395466,1/10/2027,Nichols,Sadie,7,caseyelizabeth@gmail.com,6037596724,PM | Ski | Children's Seasonal Program | 26/27 | Sunday | 7-12yrs | 1pm,NONE,NONE,NONE,NONE,Casey Schwarz,16037596724,1.00,,$719.00,PM: Aspenware,"$296,659.00","$326,203.00"
PM: Aspenware,Ability Level,244249011,81299814,1/10/2027,Nichols,Frances,10,caseyelizabeth@gmail.com,6037596724,PM | Ski | Children's Seasonal Program | 26/27 | Sunday | 7-12yrs | Full Day,NONE,NONE,NONE,NONE,Casey Schwarz,16037596724,1.00,Level 6,$959.00,PM: Aspenware,"$296,659.00","$326,203.00"
PM: Aspenware,Lesson Comment,244249011,81299814,1/10/2027,Nichols,Frances,10,caseyelizabeth@gmail.com,6037596724,PM | Ski | Children's Seasonal Program | 26/27 | Sunday | 7-12yrs | Full Day,NONE,NONE,NONE,NONE,Casey Schwarz,16037596724,1.00,,$959.00,PM: Aspenware,"$296,659.00","$326,203.00"
PM: Aspenware,Ability Level,244234836,81494932,1/10/2027,Cardone,Dominic,8,beth.cardone@gmail.com,6174625375,PM | Ski | Children's Seasonal Program | 26/27 | Sunday | 7-12yrs | Full Day,Albuterol Inhaler,NONE,Amoxicillin,Asthma,Beth Cardone,16174625375,1.00,Level 5,$959.00,PM: Aspenware,"$296,659.00","$326,203.00"
PM: Aspenware,Lesson Comment,244234836,81494932,1/10/2027,Cardone,Dominic,8,beth.cardone@gmail.com,6174625375,PM | Ski | Children's Seasonal Program | 26/27 | Sunday | 7-12yrs | Full Day,Albuterol Inhaler,NONE,Amoxicillin,Asthma,Beth Cardone,16174625375,1.00,,$959.00,PM: Aspenware,"$296,659.00","$326,203.00"
PM: Aspenware,Ability Level,244234836,81494933,1/10/2027,Cardone,Marie,7,beth.cardone@gmail.com,6174625375,PM | Ski | Children's Seasonal Program | 26/27 | Sunday | 7-12yrs | Full Day,NONE,NONE,NONE,NONE,Beth Cardone,16174625375,1.00,Level 4,$959.00,PM: Aspenware,"$296,659.00","$326,203.00"
PM: Aspenware,Lesson Comment,244234836,81494933,1/10/2027,Cardone,Marie,7,beth.cardone@gmail.com,6174625375,PM | Ski | Children's Seasonal Program | 26/27 | Sunday | 7-12yrs | Full Day,NONE,NONE,NONE,NONE,Beth Cardone,16174625375,1.00,,$959.00,PM: Aspenware,"$296,659.00","$326,203.00"
PM: Aspenware,Ability Level,243621107,84635459,1/10/2027,Card,Charlotte,5,joshmcard@gmail.com,7048040168,PM | Ski | Children's Seasonal Program | 26/27 | Sunday | 4-6yrs | 10am,NONE,NONE,NONE,NONE,Joshua Card,7048040168,1.00,Level 3,$719.00,PM: Aspenware,"$296,659.00","$326,203.00"
PM: Aspenware,Lesson Comment,243621107,84635459,1/10/2027,Card,Charlotte,5,joshmcard@gmail.com,7048040168,PM | Ski | Children's Seasonal Program | 26/27 | Sunday | 4-6yrs | 10am,NONE,NONE,NONE,NONE,Joshua Card,7048040168,1.00,,$719.00,PM: Aspenware,"$296,659.00","$326,203.00"
PM: Aspenware,Ability Level,243604262,81518065,1/10/2027,Boucher,Josephine,6,sarahjoconnolly@gmail.com,12076537491,PM | Ski | Children's Seasonal Program | 26/27 | Sunday | 4-6yrs | 10am,NONE,NONE,NONE,NONE,Sarah Boucher,207-653-7491,1.00,Level 4,$719.00,PM: Aspenware,"$296,659.00","$326,203.00"
PM: Aspenware,Lesson Comment,243604262,81518065,1/10/2027,Boucher,Josephine,6,sarahjoconnolly@gmail.com,12076537491,PM | Ski | Children's Seasonal Program | 26/27 | Sunday | 4-6yrs | 10am,NONE,NONE,NONE,NONE,Sarah Boucher,207-653-7491,1.00,,$719.00,PM: Aspenware,"$296,659.00","$326,203.00"
PM: Aspenware,Ability Level,243604262,81518062,1/10/2027,Boucher,Boden,9,sarahjoconnolly@gmail.com,12076537491,PM | Ski | Children's Seasonal Program | 26/27 | Sunday | 7-12yrs | 10am,NONE,NONE,NONE,NONE,Sarah Boucher,207-653-7491,1.00,Level 6,$719.00,PM: Aspenware,"$296,659.00","$326,203.00"
PM: Aspenware,Lesson Comment,243604262,81518062,1/10/2027,Boucher,Boden,9,sarahjoconnolly@gmail.com,12076537491,PM | Ski | Children's Seasonal Program | 26/27 | Sunday | 7-12yrs | 10am,NONE,NONE,NONE,NONE,Sarah Boucher,207-653-7491,1.00,,$719.00,PM: Aspenware,"$296,659.00","$326,203.00"
PM: Aspenware,Ability Level,243808497,81671886,1/10/2027,Davenport,Luke,10,ajstairs@gmail.com,12077764377,PM | Ski | Children's Seasonal Program | 26/27 | Sunday | 7-12yrs | 10am,Epi-pen,Peanuts and Tree Nuts,NONE,NONE,Andrea Stairs-Davenport,2077764377,1.00,Level 6,$719.00,PM: Aspenware,"$296,659.00","$326,203.00"
PM: Aspenware,Lesson Comment,243808497,81671886,1/10/2027,Davenport,Luke,10,ajstairs@gmail.com,12077764377,PM | Ski | Children's Seasonal Program | 26/27 | Sunday | 7-12yrs | 10am,Epi-pen,Peanuts and Tree Nuts,NONE,NONE,Andrea Stairs-Davenport,2077764377,1.00,,$719.00,PM: Aspenware,"$296,659.00","$326,203.00"
PM: Aspenware,Ability Level,244383067,81680055,1/10/2027,Laver,Finn,9,conorlaver@gmail.com,15103814110,PM | SB | Children's Seasonal Program | 26/27 | Sunday | 7-12yrs | 10am,NONE,NONE,NONE,NONE,Sarah Hipkens,15103814110,1.00,Level 6,$779.00,PM: Aspenware,"$296,659.00","$326,203.00"
PM: Aspenware,Lesson Comment,244383067,81680055,1/10/2027,Laver,Finn,9,conorlaver@gmail.com,15103814110,PM | SB | Children's Seasonal Program | 26/27 | Sunday | 7-12yrs | 10am,NONE,NONE,NONE,NONE,Sarah Hipkens,15103814110,1.00,,$779.00,PM: Aspenware,"$296,659.00","$326,203.00"
PM: Aspenware,Ability Level,243960101,82524125,1/10/2027,White,Charles,10,leonardcwhite@gmail.com,5184243711,PM | Ski | Children's Seasonal Program | 26/27 | Sunday | 7-12yrs | 10am,NONE,Peanut allergy. Charlie will have an epi-pen injector in the pocket of his snow pants or jacket.,NONE,NONE,Leonard White,5184243711,1.00,Level 7,$719.00,PM: Aspenware,"$296,659.00","$326,203.00"
PM: Aspenware,Lesson Comment,243960101,82524125,1/10/2027,White,Charles,10,leonardcwhite@gmail.com,5184243711,PM | Ski | Children's Seasonal Program | 26/27 | Sunday | 7-12yrs | 10am,NONE,Peanut allergy. Charlie will have an epi-pen injector in the pocket of his snow pants or jacket.,NONE,NONE,Leonard White,5184243711,1.00,,$719.00,PM: Aspenware,"$296,659.00","$326,203.00"
PM: Aspenware,Ability Level,243960101,82211687,1/10/2027,White,Nora,7,leonardcwhite@gmail.com,5184243711,PM | Ski | Children's Seasonal Program | 26/27 | Sunday | 7-12yrs | 10am,NONE,Tree nuts (pecans and walnuts). Nora will have an epi-pen injector in the pocket of her snow pants or jacket.,NONE,NONE,Leonard White,15184243711,1.00,Level 5,$719.00,PM: Aspenware,"$296,659.00","$326,203.00"
PM: Aspenware,Lesson Comment,243960101,82211687,1/10/2027,White,Nora,7,leonardcwhite@gmail.com,5184243711,PM | Ski | Children's Seasonal Program | 26/27 | Sunday | 7-12yrs | 10am,NONE,Tree nuts (pecans and walnuts). Nora will have an epi-pen injector in the pocket of her snow pants or jacket.,NONE,NONE,Leonard White,15184243711,1.00,,$719.00,PM: Aspenware,"$296,659.00","$326,203.00"
PM: Aspenware,Ability Level,243619906,82470382,1/10/2027,Holshouser,Olivia,6,sean.holshouser@gmail.com,2072528430,PM | Ski | Children's Seasonal Program | 26/27 | Sunday | 4-6yrs | 10am,NONE,NONE,NONE,NONE,Sean Holshouser,2072528430,1.00,Level 3,$719.00,PM: Aspenware,"$296,659.00","$326,203.00"
PM: Aspenware,Lesson Comment,243619906,82470382,1/10/2027,Holshouser,Olivia,6,sean.holshouser@gmail.com,2072528430,PM | Ski | Children's Seasonal Program | 26/27 | Sunday | 4-6yrs | 10am,NONE,NONE,NONE,NONE,Sean Holshouser,2072528430,1.00,,$719.00,PM: Aspenware,"$296,659.00","$326,203.00"
PM: Aspenware,Ability Level,243619926,81937541,1/10/2027,Holshouser,Megan,10,sean.holshouser@gmail.com,2072528430,PM | Ski | Children's Seasonal Program | 26/27 | Sunday | 7-12yrs | 10am,NONE,NONE,NONE,NONE,Sean Holshouser,2072528430,1.00,Level 6,$719.00,PM: Aspenware,"$296,659.00","$326,203.00"
PM: Aspenware,Lesson Comment,243619926,81937541,1/10/2027,Holshouser,Megan,10,sean.holshouser@gmail.com,2072528430,PM | Ski | Children's Seasonal Program | 26/27 | Sunday | 7-12yrs | 10am,NONE,NONE,NONE,NONE,Sean Holshouser,2072528430,1.00,,$719.00,PM: Aspenware,"$296,659.00","$326,203.00"
PM: Aspenware,Ability Level,244349590,85069702,1/10/2027,Beeler,Lewyn,5,chris.j.beeler@gmail.com,5853052909,PM | Ski | Children's Seasonal Program | 26/27 | Sunday | 4-6yrs | Full Day,NONE,NONE,NONE,NONE,Chris Beeler,7408157628,1.00,Level 2,$999.00,PM: Aspenware,"$296,659.00","$326,203.00"
PM: Aspenware,Lesson Comment,244349590,85069702,1/10/2027,Beeler,Lewyn,5,chris.j.beeler@gmail.com,5853052909,PM | Ski | Children's Seasonal Program | 26/27 | Sunday | 4-6yrs | Full Day,NONE,NONE,NONE,NONE,Chris Beeler,7408157628,1.00,,$999.00,PM: Aspenware,"$296,659.00","$326,203.00"
PM: Aspenware,Ability Level,244349590,81991463,1/10/2027,Beeler,Jay,8,chris.j.beeler@gmail.com,5853052909,PM | Ski | Children's Seasonal Program | 26/27 | Sunday | 7-12yrs | Full Day,NONE,NONE,NONE,NONE,Chris Beeler,7408157628,1.00,Level 3,$999.00,PM: Aspenware,"$296,659.00","$326,203.00"
PM: Aspenware,Lesson Comment,244349590,81991463,1/10/2027,Beeler,Jay,8,chris.j.beeler@gmail.com,5853052909,PM | Ski | Children's Seasonal Program | 26/27 | Sunday | 7-12yrs | Full Day,NONE,NONE,NONE,NONE,Chris Beeler,7408157628,1.00,,$999.00,PM: Aspenware,"$296,659.00","$326,203.00"
PM: Aspenware,Ability Level,243578323,85448803,1/10/2027,Crothers,August,8,eliza.bullis@gmail.com,7817716282,PM | Ski | Children's Seasonal Program | 26/27 | Sunday | 7-12yrs | Full Day,NONE,NONE,NONE,NONE,Jacob Crothers,12074006609,1.00,Level 4,$959.00,PM: Aspenware,"$296,659.00","$326,203.00"
PM: Aspenware,Lesson Comment,243578323,85448803,1/10/2027,Crothers,August,8,eliza.bullis@gmail.com,7817716282,PM | Ski | Children's Seasonal Program | 26/27 | Sunday | 7-12yrs | Full Day,NONE,NONE,NONE,NONE,Jacob Crothers,12074006609,1.00,,$959.00,PM: Aspenware,"$296,659.00","$326,203.00"
PM: Aspenware,Ability Level,243578323,83821231,1/10/2027,Crothers,Annika,4,gus.crothers@gmail.com,2074006609,PM | Ski | Children's Seasonal Program | 26/27 | Sunday | 4-6yrs | Full Day,NONE,NONE,NONE,NONE,Jacob Crothers,12074006609,1.00,Level 2,$959.00,PM: Aspenware,"$296,659.00","$326,203.00"
PM: Aspenware,Lesson Comment,243578323,83821231,1/10/2027,Crothers,Annika,4,gus.crothers@gmail.com,2074006609,PM | Ski | Children's Seasonal Program | 26/27 | Sunday | 4-6yrs | Full Day,NONE,NONE,NONE,NONE,Jacob Crothers,12074006609,1.00,,$959.00,PM: Aspenware,"$296,659.00","$326,203.00"
PM: Aspenware,Ability Level,243516562,86910581,1/10/2027,Day,William,4,caitlin.prentice@gmail.com,2076539965,PM | Ski | Children's Seasonal Program | 26/27 | Sunday | 4-6yrs | 10am,NONE,NONE,NONE,NONE,Caitlin Day,12076539965,1.00,Level 1,$719.00,PM: Aspenware,"$296,659.00","$326,203.00"
PM: Aspenware,Lesson Comment,243516562,86910581,1/10/2027,Day,William,4,caitlin.prentice@gmail.com,2076539965,PM | Ski | Children's Seasonal Program | 26/27 | Sunday | 4-6yrs | 10am,NONE,NONE,NONE,NONE,Caitlin Day,12076539965,1.00,,$719.00,PM: Aspenware,"$296,659.00","$326,203.00"
PM: Aspenware,Ability Level,243603402,82062924,1/10/2027,Creagan,Macklin,7,maggiekconnolly@gmail.com,2072337689,PM | Ski | Children's Seasonal Program | 26/27 | Sunday | 7-12yrs | 10am,NONE,NONE,NONE,NONE,Maggie Connolly,12072337689,1.00,Level 4,$719.00,PM: Aspenware,"$296,659.00","$326,203.00"
PM: Aspenware,Lesson Comment,243603402,82062924,1/10/2027,Creagan,Macklin,7,maggiekconnolly@gmail.com,2072337689,PM | Ski | Children's Seasonal Program | 26/27 | Sunday | 7-12yrs | 10am,NONE,NONE,NONE,NONE,Maggie Connolly,12072337689,1.00,,$719.00,PM: Aspenware,"$296,659.00","$326,203.00"
PM: Aspenware,Ability Level,244255719,82129259,1/10/2027,Chamberlin,Isabelle,10,jenn.chamberlin821@gmail.com,7817240117,PM | Ski | Children's Seasonal Program | 26/27 | Sunday | 7-12yrs | 10am,NONE,NONE,NONE,None,Jennifer Chamberlin,17817240117,1.00,Level 4,$719.00,PM: Aspenware,"$296,659.00","$326,203.00"
PM: Aspenware,Lesson Comment,244255719,82129259,1/10/2027,Chamberlin,Isabelle,10,jenn.chamberlin821@gmail.com,7817240117,PM | Ski | Children's Seasonal Program | 26/27 | Sunday | 7-12yrs | 10am,NONE,NONE,NONE,None,Jennifer Chamberlin,17817240117,1.00,,$719.00,PM: Aspenware,"$296,659.00","$326,203.00"
PM: Aspenware,Ability Level,243792696,86975366,1/10/2027,Hamilton,Luke,7,rosiefunk@gmail.com,2038580428,PM | Ski | Children's Seasonal Program | 26/27 | Sunday | 7-12yrs | 10am,NONE,NONE,NONE,Autism Spectrum (very high functioning),Rosie Funk,12038580428,1.00,Level 1,$719.00,PM: Aspenware,"$296,659.00","$326,203.00"
PM: Aspenware,Lesson Comment,243792696,86975366,1/10/2027,Hamilton,Luke,7,rosiefunk@gmail.com,2038580428,PM | Ski | Children's Seasonal Program | 26/27 | Sunday | 7-12yrs | 10am,NONE,NONE,NONE,Autism Spectrum (very high functioning),Rosie Funk,12038580428,1.00,,$719.00,PM: Aspenware,"$296,659.00","$326,203.00"
PM: Aspenware,Ability Level,243792696,86975369,1/10/2027,Hamilton,Grace,5,rosiefunk@gmail.com,2038580428,PM | Ski | Children's Seasonal Program | 26/27 | Sunday | 4-6yrs | 10am,NONE,NONE,NONE,NONE,Rosie Funk,12038580428,1.00,Level 1,$719.00,PM: Aspenware,"$296,659.00","$326,203.00"
PM: Aspenware,Lesson Comment,243792696,86975369,1/10/2027,Hamilton,Grace,5,rosiefunk@gmail.com,2038580428,PM | Ski | Children's Seasonal Program | 26/27 | Sunday | 4-6yrs | 10am,NONE,NONE,NONE,NONE,Rosie Funk,12038580428,1.00,,$719.00,PM: Aspenware,"$296,659.00","$326,203.00"
PM: Aspenware,Ability Level,244053738,82223640,1/10/2027,Spear,Elsie,7,porteram7@gmail.com,2076717207,PM | Ski | Children's Seasonal Program | 26/27 | Sunday | 7-12yrs | 1pm,NONE,NONE,NONE,NONE,Amanda Porter,12076717207,1.00,Level 5,$719.00,PM: Aspenware,"$296,659.00","$326,203.00"
PM: Aspenware,Lesson Comment,244053738,82223640,1/10/2027,Spear,Elsie,7,porteram7@gmail.com,2076717207,PM | Ski | Children's Seasonal Program | 26/27 | Sunday | 7-12yrs | 1pm,NONE,NONE,NONE,NONE,Amanda Porter,12076717207,1.00,,$719.00,PM: Aspenware,"$296,659.00","$326,203.00"
PM: Aspenware,Ability Level,244053738,85162955,1/10/2027,Spear,Willis E.,5,porteram7@gmail.com,2076717207,PM | Ski | Children's Seasonal Program | 26/27 | Sunday | 4-6yrs | 1pm,NONE,NONE,NONE,NONE,Amanda Porter,12076717207,1.00,Level 2,$719.00,PM: Aspenware,"$296,659.00","$326,203.00"
PM: Aspenware,Lesson Comment,244053738,85162955,1/10/2027,Spear,Willis E.,5,porteram7@gmail.com,2076717207,PM | Ski | Children's Seasonal Program | 26/27 | Sunday | 4-6yrs | 1pm,NONE,NONE,NONE,NONE,Amanda Porter,12076717207,1.00,,$719.00,PM: Aspenware,"$296,659.00","$326,203.00"
PM: Aspenware,Ability Level,244216909,82440019,1/10/2027,Dilger,Matilda,12,juliaevelynbrenner@gmail.com,19738203573,PM | Ski | Children's Seasonal Program | 26/27 | Sunday | 11-13yrs | 9am,NONE,NONE,NONE,NONE,Julia Dilger,9738203573,1.00,Level 7,$799.00,PM: Aspenware,"$296,659.00","$326,203.00"
PM: Aspenware,Lesson Comment,244216909,82440019,1/10/2027,Dilger,Matilda,12,juliaevelynbrenner@gmail.com,19738203573,PM | Ski | Children's Seasonal Program | 26/27 | Sunday | 11-13yrs | 9am,NONE,NONE,NONE,NONE,Julia Dilger,9738203573,1.00,,$799.00,PM: Aspenware,"$296,659.00","$326,203.00"
PM: Aspenware,Ability Level,244216909,82639677,1/10/2027,Dilger,Beatrice,7,juliaevelynbrenner@gmail.com,19738203573,PM | Ski | Children's Seasonal Program | 26/27 | Sunday | 7-12yrs | Full Day,NONE,NONE,NONE,NONE,Julia Dilger,19738203573,1.00,Level 4,$959.00,PM: Aspenware,"$296,659.00","$326,203.00"
PM: Aspenware,Lesson Comment,244216909,82639677,1/10/2027,Dilger,Beatrice,7,juliaevelynbrenner@gmail.com,19738203573,PM | Ski | Children's Seasonal Program | 26/27 | Sunday | 7-12yrs | Full Day,NONE,NONE,NONE,NONE,Julia Dilger,19738203573,1.00,,$959.00,PM: Aspenware,"$296,659.00","$326,203.00"
PM: Aspenware,Ability Level,243619955,82454907,1/10/2027,Kellner,Elliott,7,joeemti17@gmail.com,2079511946,PM | Ski | Children's Seasonal Program | 26/27 | Sunday | 7-12yrs | 10am,NONE,NONE,NONE,NONE,Joseph Kellner,12079511946,1.00,Level 4,$719.00,PM: Aspenware,"$296,659.00","$326,203.00"
PM: Aspenware,Lesson Comment,243619955,82454907,1/10/2027,Kellner,Elliott,7,joeemti17@gmail.com,2079511946,PM | Ski | Children's Seasonal Program | 26/27 | Sunday | 7-12yrs | 10am,NONE,NONE,NONE,NONE,Joseph Kellner,12079511946,1.00,,$719.00,PM: Aspenware,"$296,659.00","$326,203.00"
PM: Aspenware,Ability Level,243680790,82455425,1/10/2027,Peters,Jackson,7,tierneypeters827@gmail.com,5082379840,PM | Ski | Children's Seasonal Program | 26/27 | Sunday | 7-12yrs | 1pm,NONE,NONE,NONE,Wears glasses for strabismus.,Tierney Peters,5082379840,1.00,Level 4,$719.00,PM: Aspenware,"$296,659.00","$326,203.00"
PM: Aspenware,Lesson Comment,243680790,82455425,1/10/2027,Peters,Jackson,7,tierneypeters827@gmail.com,5082379840,PM | Ski | Children's Seasonal Program | 26/27 | Sunday | 7-12yrs | 1pm,NONE,NONE,NONE,Wears glasses for strabismus.,Tierney Peters,5082379840,1.00,,$719.00,PM: Aspenware,"$296,659.00","$326,203.00"
PM: Aspenware,Ability Level,244250206,82464770,1/10/2027,Cook,Penny,9,tdoh_2@hotmail.com,7738449860,PM | Ski | Children's Seasonal Program | 26/27 | Sunday | 7-12yrs | Full Day,NONE,NONE,NONE,Vegetarian,Travis Cook,7738449860,1.00,Level 6,$959.00,PM: Aspenware,"$296,659.00","$326,203.00"
PM: Aspenware,Lesson Comment,244250206,82464770,1/10/2027,Cook,Penny,9,tdoh_2@hotmail.com,7738449860,PM | Ski | Children's Seasonal Program | 26/27 | Sunday | 7-12yrs | Full Day,NONE,NONE,NONE,Vegetarian,Travis Cook,7738449860,1.00,,$959.00,PM: Aspenware,"$296,659.00","$326,203.00"
PM: Aspenware,Ability Level,243516734,82495231,1/10/2027,Webber,Ford,9,tgwebber16@gmail.com,2072338460,PM | Ski | Children's Seasonal Program | 26/27 | Sunday | 7-12yrs | Full Day,NONE,NONE,NONE,NONE,Tim Webber,2074159250,1.00,Level 6,$959.00,PM: Aspenware,"$296,659.00","$326,203.00"
PM: Aspenware,Lesson Comment,243516734,82495231,1/10/2027,Webber,Ford,9,tgwebber16@gmail.com,2072338460,PM | Ski | Children's Seasonal Program | 26/27 | Sunday | 7-12yrs | Full Day,NONE,NONE,NONE,NONE,Tim Webber,2074159250,1.00,,$959.00,PM: Aspenware,"$296,659.00","$326,203.00"
PM: Aspenware,Ability Level,243516734,83585931,1/10/2027,Webber,Maely,7,tgwebber16@gmail.com,2072338460,PM | Ski | Children's Seasonal Program | 26/27 | Sunday | 7-12yrs | 10am,NONE,NONE,NONE,She has selective mutism. Will respond with head motions but will likely not respond with words unless very comfortable. Has been improving and using words more.,Jenn Webber,12072338460,1.00,Level 4,$719.00,PM: Aspenware,"$296,659.00","$326,203.00"
PM: Aspenware,Lesson Comment,243516734,83585931,1/10/2027,Webber,Maely,7,tgwebber16@gmail.com,2072338460,PM | Ski | Children's Seasonal Program | 26/27 | Sunday | 7-12yrs | 10am,NONE,NONE,NONE,She has selective mutism. Will respond with head motions but will likely not respond with words unless very comfortable. Has been improving and using words more.,Jenn Webber,12072338460,1.00,,$719.00,PM: Aspenware,"$296,659.00","$326,203.00"
PM: Aspenware,Ability Level,243522786,82554433,1/10/2027,Burla,Vincenzo,7,marisaburla@gmail.com,6035051726,PM | Ski | Children's Seasonal Program | 26/27 | Sunday | 7-12yrs | 10am,"Qvar inhaler for asthma
Albuterol as needed",NONE,NONE,NONE,Marisa Burla,16035051726,1.00,Level 4,$719.00,PM: Aspenware,"$296,659.00","$326,203.00"
PM: Aspenware,Lesson Comment,243522786,82554433,1/10/2027,Burla,Vincenzo,7,marisaburla@gmail.com,6035051726,PM | Ski | Children's Seasonal Program | 26/27 | Sunday | 7-12yrs | 10am,"Qvar inhaler for asthma
Albuterol as needed",NONE,NONE,NONE,Marisa Burla,16035051726,1.00,,$719.00,PM: Aspenware,"$296,659.00","$326,203.00"
PM: Aspenware,Ability Level,243937110,86892042,1/10/2027,Barstow,Rowan,5,taylorbarstow@gmail.com,6175832987,PM | Ski | Children's Seasonal Program | 26/27 | Sunday | 4-6yrs | 1pm,NONE,NONE,NONE,NONE,Taylor Barstow,6175832987,1.00,Level 2,$719.00,PM: Aspenware,"$296,659.00","$326,203.00"
PM: Aspenware,Lesson Comment,243937110,86892042,1/10/2027,Barstow,Rowan,5,taylorbarstow@gmail.com,6175832987,PM | Ski | Children's Seasonal Program | 26/27 | Sunday | 4-6yrs | 1pm,NONE,NONE,NONE,NONE,Taylor Barstow,6175832987,1.00,,$719.00,PM: Aspenware,"$296,659.00","$326,203.00"
PM: Aspenware,Ability Level,244254844,82520936,1/10/2027,Sly,Zetta,7,rblairsly@gmail.com,15109199084,PM | Ski | Children's Seasonal Program | 26/27 | Sunday | 7-12yrs | 1pm,NONE,NONE,NONE,NONE,Richard Sly,5109199084,1.00,Level 4,$719.00,PM: Aspenware,"$296,659.00","$326,203.00"
PM: Aspenware,Lesson Comment,244254844,82520936,1/10/2027,Sly,Zetta,7,rblairsly@gmail.com,15109199084,PM | Ski | Children's Seasonal Program | 26/27 | Sunday | 7-12yrs | 1pm,NONE,NONE,NONE,NONE,Richard Sly,5109199084,1.00,,$719.00,PM: Aspenware,"$296,659.00","$326,203.00"
PM: Aspenware,Ability Level,244174754,82544551,1/10/2027,Gensheimer,Anna,4,rjgensheimer@gmail.com,2077128838,PM | Ski | Children's Seasonal Program | 26/27 | Sunday | 4-6yrs | Full Day,NONE,NONE,NONE,NONE,Jim Gensheimer,2077128838,1.00,Level 1,$959.00,PM: Aspenware,"$296,659.00","$326,203.00"
PM: Aspenware,Lesson Comment,244174754,82544551,1/10/2027,Gensheimer,Anna,4,rjgensheimer@gmail.com,2077128838,PM | Ski | Children's Seasonal Program | 26/27 | Sunday | 4-6yrs | Full Day,NONE,NONE,NONE,NONE,Jim Gensheimer,2077128838,1.00,,$959.00,PM: Aspenware,"$296,659.00","$326,203.00"
PM: Aspenware,Ability Level,244174754,82544548,1/10/2027,Gensheimer,Jack,7,rjgensheimer@gmail.com,2077128838,PM | Ski | Children's Seasonal Program | 26/27 | Sunday | 7-12yrs | 10am,NONE,NONE,NONE,NONE,Jim Gensheimer,12077128838,1.00,Level 5,$719.00,PM: Aspenware,"$296,659.00","$326,203.00"
PM: Aspenware,Lesson Comment,244174754,82544548,1/10/2027,Gensheimer,Jack,7,rjgensheimer@gmail.com,2077128838,PM | Ski | Children's Seasonal Program | 26/27 | Sunday | 7-12yrs | 10am,NONE,NONE,NONE,NONE,Jim Gensheimer,12077128838,1.00,,$719.00,PM: Aspenware,"$296,659.00","$326,203.00"
PM: Aspenware,Ability Level,244494226,82597100,1/10/2027,Cote,Carter,6,kellyelyo@yahoo.com,15087289636,PM | SB | Children's Seasonal Program | 26/27 | Sunday | 4-6yrs | 10am,None,NONE,NONE,Asthma,Kelly Cote,15087289636,1.00,Level 3,$779.00,PM: Aspenware,"$296,659.00","$326,203.00"
PM: Aspenware,Lesson Comment,244494226,82597100,1/10/2027,Cote,Carter,6,kellyelyo@yahoo.com,15087289636,PM | SB | Children's Seasonal Program | 26/27 | Sunday | 4-6yrs | 10am,None,NONE,NONE,Asthma,Kelly Cote,15087289636,1.00,,$779.00,PM: Aspenware,"$296,659.00","$326,203.00"
PM: Aspenware,Ability Level,243546354,82635044,1/10/2027,Pulsifer,Reagan,7,jillian.e.pulsifer@gmail.com,2076515368,PM | Ski | Children's Seasonal Program | 26/27 | Sunday | 7-12yrs | 10am,NONE,NONE,NONE,NONE,Jillian Pulsifer,2076515368,1.00,Level 4,$719.00,PM: Aspenware,"$296,659.00","$326,203.00"
PM: Aspenware,Lesson Comment,243546354,82635044,1/10/2027,Pulsifer,Reagan,7,jillian.e.pulsifer@gmail.com,2076515368,PM | Ski | Children's Seasonal Program | 26/27 | Sunday | 7-12yrs | 10am,NONE,NONE,NONE,NONE,Jillian Pulsifer,2076515368,1.00,,$719.00,PM: Aspenware,"$296,659.00","$326,203.00"
PM: Aspenware,Ability Level,244324177,82942844,1/10/2027,Kjeldgaard,Emmy,10,oleachkr@gmail.com,14134415360,PM | Ski | Children's Seasonal Program | 26/27 | Sunday | 7-12yrs | Full Day,NONE,NONE,NONE,NONE,Olivia Kjeldgaard,14134415360,1.00,Level 6,$999.00,PM: Aspenware,"$296,659.00","$326,203.00"
PM: Aspenware,Lesson Comment,244324177,82942844,1/10/2027,Kjeldgaard,Emmy,10,oleachkr@gmail.com,14134415360,PM | Ski | Children's Seasonal Program | 26/27 | Sunday | 7-12yrs | Full Day,NONE,NONE,NONE,NONE,Olivia Kjeldgaard,14134415360,1.00,,$999.00,PM: Aspenware,"$296,659.00","$326,203.00"
PM: Aspenware,Ability Level,244324177,82942845,1/10/2027,Kjeldgaard,Isabelle,7,oleachkr@gmail.com,14134415360,PM | Ski | Children's Seasonal Program | 26/27 | Sunday | 7-12yrs | Full Day,NONE,NONE,NONE,NONE,Olivia Kjeldgaard,14134415360,1.00,Level 5,$999.00,PM: Aspenware,"$296,659.00","$326,203.00"
PM: Aspenware,Lesson Comment,244324177,82942845,1/10/2027,Kjeldgaard,Isabelle,7,oleachkr@gmail.com,14134415360,PM | Ski | Children's Seasonal Program | 26/27 | Sunday | 7-12yrs | Full Day,NONE,NONE,NONE,NONE,Olivia Kjeldgaard,14134415360,1.00,,$999.00,PM: Aspenware,"$296,659.00","$326,203.00"
PM: Aspenware,Ability Level,244676159,83142040,1/10/2027,Foote,Peyton,7,allifoote13@gmail.com,3122020996,PM | Ski | Children's Seasonal Program | 26/27 | Sunday | 7-12yrs | 10am,NONE,NONE,NONE,NONE,Alli Foote,3122020996,1.00,Level 4,$779.00,PM: Aspenware,"$296,659.00","$326,203.00"
PM: Aspenware,Lesson Comment,244676159,83142040,1/10/2027,Foote,Peyton,7,allifoote13@gmail.com,3122020996,PM | Ski | Children's Seasonal Program | 26/27 | Sunday | 7-12yrs | 10am,NONE,NONE,NONE,NONE,Alli Foote,3122020996,1.00,,$779.00,PM: Aspenware,"$296,659.00","$326,203.00"
PM: Aspenware,Ability Level,243668901,83219377,1/10/2027,Geant,Griffin,6,Katie.geant@gmail.com,2628534021,PM | Ski | Children's Seasonal Program | 26/27 | Sunday | 4-6yrs | 10am,NONE,NONE,NONE,NONE,Katherine geant,2628534021,1.00,Level 5,$719.00,PM: Aspenware,"$296,659.00","$326,203.00"
PM: Aspenware,Lesson Comment,243668901,83219377,1/10/2027,Geant,Griffin,6,Katie.geant@gmail.com,2628534021,PM | Ski | Children's Seasonal Program | 26/27 | Sunday | 4-6yrs | 10am,NONE,NONE,NONE,NONE,Katherine geant,2628534021,1.00,,$719.00,PM: Aspenware,"$296,659.00","$326,203.00"
PM: Aspenware,Ability Level,243620565,83507594,1/10/2027,Newell,Jonas,4,jessie.riggin@gmail.com,8057055602,PM | Ski | Children's Seasonal Program | 26/27 | Sunday | 4-6yrs | 1pm,NONE,NONE,NONE,NONE,Walker Newell,18057055602,1.00,Level 1,$719.00,PM: Aspenware,"$296,659.00","$326,203.00"
PM: Aspenware,Lesson Comment,243620565,83507594,1/10/2027,Newell,Jonas,4,jessie.riggin@gmail.com,8057055602,PM | Ski | Children's Seasonal Program | 26/27 | Sunday | 4-6yrs | 1pm,NONE,NONE,NONE,NONE,Walker Newell,18057055602,1.00,,$719.00,PM: Aspenware,"$296,659.00","$326,203.00"
PM: Aspenware,Ability Level,243620565,83439179,1/10/2027,Newell,Eloise,7,jessie.riggin@gmail.com,8057055602,PM | Ski | Children's Seasonal Program | 26/27 | Sunday | 7-12yrs | 1pm,NONE,NONE,NONE,NONE,Walker Newell,18057055602,1.00,Level 3,$719.00,PM: Aspenware,"$296,659.00","$326,203.00"
PM: Aspenware,Lesson Comment,243620565,83439179,1/10/2027,Newell,Eloise,7,jessie.riggin@gmail.com,8057055602,PM | Ski | Children's Seasonal Program | 26/27 | Sunday | 7-12yrs | 1pm,NONE,NONE,NONE,NONE,Walker Newell,18057055602,1.00,,$719.00,PM: Aspenware,"$296,659.00","$326,203.00"
PM: Aspenware,Ability Level,243517396,86112171,1/10/2027,Pierce,Abigail,6,kathrynbelz@gmail.com,2075022312,PM | Ski | Children's Seasonal Program | 26/27 | Sunday | 4-6yrs | 10am,NONE,NONE,NONE,NONE,Kathryn Pierce,12075022312,1.00,Level 3,$719.00,PM: Aspenware,"$296,659.00","$326,203.00"
PM: Aspenware,Lesson Comment,243517396,86112171,1/10/2027,Pierce,Abigail,6,kathrynbelz@gmail.com,2075022312,PM | Ski | Children's Seasonal Program | 26/27 | Sunday | 4-6yrs | 10am,NONE,NONE,NONE,NONE,Kathryn Pierce,12075022312,1.00,,$719.00,PM: Aspenware,"$296,659.00","$326,203.00"
PM: Aspenware,Ability Level,243517396,86112173,1/10/2027,Pierce,Mae,4,kathrynbelz@gmail.com,2075022312,PM | Ski | Children's Seasonal Program | 26/27 | Sunday | 4-6yrs | 10am,NONE,NONE,NONE,NONE,Kathryn Pierce,12075022312,1.00,Level 2,$719.00,PM: Aspenware,"$296,659.00","$326,203.00"
PM: Aspenware,Lesson Comment,243517396,86112173,1/10/2027,Pierce,Mae,4,kathrynbelz@gmail.com,2075022312,PM | Ski | Children's Seasonal Program | 26/27 | Sunday | 4-6yrs | 10am,NONE,NONE,NONE,NONE,Kathryn Pierce,12075022312,1.00,,$719.00,PM: Aspenware,"$296,659.00","$326,203.00"
PM: Aspenware,Ability Level,243919590,83447811,1/10/2027,Moehlen,Clare,9,howard.elizabeth@gmail.com,2075778466,PM | Ski | Children's Seasonal Program | 26/27 | Sunday | 7-12yrs | Full Day,NONE,NONE,NONE,NONE,Elizabeth Moehlen,207-577-8466,1.00,Level 5,$959.00,PM: Aspenware,"$296,659.00","$326,203.00"
PM: Aspenware,Lesson Comment,243919590,83447811,1/10/2027,Moehlen,Clare,9,howard.elizabeth@gmail.com,2075778466,PM | Ski | Children's Seasonal Program | 26/27 | Sunday | 7-12yrs | Full Day,NONE,NONE,NONE,NONE,Elizabeth Moehlen,207-577-8466,1.00,,$959.00,PM: Aspenware,"$296,659.00","$326,203.00"
PM: Aspenware,Ability Level,243919590,83447805,1/10/2027,Moehlen,William,10,howard.elizabeth@gmail.com,2075778466,PM | Ski | Children's Seasonal Program | 26/27 | Sunday | 7-12yrs | 10am,NONE,NONE,NONE,NONE,Elizabeth Moehlen,207-577-8466,1.00,Level 6,$719.00,PM: Aspenware,"$296,659.00","$326,203.00"
PM: Aspenware,Lesson Comment,243919590,83447805,1/10/2027,Moehlen,William,10,howard.elizabeth@gmail.com,2075778466,PM | Ski | Children's Seasonal Program | 26/27 | Sunday | 7-12yrs | 10am,NONE,NONE,NONE,NONE,Elizabeth Moehlen,207-577-8466,1.00,,$719.00,PM: Aspenware,"$296,659.00","$326,203.00"
PM: Aspenware,Ability Level,243619295,83547434,1/10/2027,Maresh,Eleanor,8,kliu9700@gmail.com,3603059398,PM | Ski | Children's Seasonal Program | 26/27 | Sunday | 7-12yrs | Full Day,NONE,NONE,NONE,NONE,Katie Liu,13603059398,1.00,Level 5,$959.00,PM: Aspenware,"$296,659.00","$326,203.00"
PM: Aspenware,Lesson Comment,243619295,83547434,1/10/2027,Maresh,Eleanor,8,kliu9700@gmail.com,3603059398,PM | Ski | Children's Seasonal Program | 26/27 | Sunday | 7-12yrs | Full Day,NONE,NONE,NONE,NONE,Katie Liu,13603059398,1.00,,$959.00,PM: Aspenware,"$296,659.00","$326,203.00"
PM: Aspenware,Ability Level,243619295,84844843,1/10/2027,Maresh,Beatrice,4,kliu9700@gmail.com,3603059398,PM | Ski | Children's Seasonal Program | 26/27 | Sunday | 4-6yrs | Full Day,NONE,NONE,NONE,NONE,Katherine Liu,3603059398,1.00,Level 2,$959.00,PM: Aspenware,"$296,659.00","$326,203.00"
PM: Aspenware,Lesson Comment,243619295,84844843,1/10/2027,Maresh,Beatrice,4,kliu9700@gmail.com,3603059398,PM | Ski | Children's Seasonal Program | 26/27 | Sunday | 4-6yrs | Full Day,NONE,NONE,NONE,NONE,Katherine Liu,3603059398,1.00,,$959.00,PM: Aspenware,"$296,659.00","$326,203.00"
PM: Aspenware,Ability Level,243641306,84031506,1/10/2027,Sobel,Rose,6,caitlin.r.stanton@gmail.com,6032292456,PM | Ski | Children's Seasonal Program | 26/27 | Sunday | 4-6yrs | 10am,NONE,NONE,NONE,NONE,Caitlin Stanton,16032292456,1.00,Level 5,$719.00,PM: Aspenware,"$296,659.00","$326,203.00"
PM: Aspenware,Lesson Comment,243641306,84031506,1/10/2027,Sobel,Rose,6,caitlin.r.stanton@gmail.com,6032292456,PM | Ski | Children's Seasonal Program | 26/27 | Sunday | 4-6yrs | 10am,NONE,NONE,NONE,NONE,Caitlin Stanton,16032292456,1.00,,$719.00,PM: Aspenware,"$296,659.00","$326,203.00"
PM: Aspenware,Ability Level,243516511,85409179,1/10/2027,Shinay,Alexander,6,JonShinay@hotmail.com,2072323613,PM | Ski | Children's Seasonal Program | 26/27 | Sunday | 4-6yrs | 10am,NONE,NONE,NONE,NONE,Jonathan Shinay,12072323613,1.00,Level 4,$719.00,PM: Aspenware,"$296,659.00","$326,203.00"
PM: Aspenware,Lesson Comment,243516511,85409179,1/10/2027,Shinay,Alexander,6,JonShinay@hotmail.com,2072323613,PM | Ski | Children's Seasonal Program | 26/27 | Sunday | 4-6yrs | 10am,NONE,NONE,NONE,NONE,Jonathan Shinay,12072323613,1.00,,$719.00,PM: Aspenware,"$296,659.00","$326,203.00"
PM: Aspenware,Ability Level,243516511,83806041,1/10/2027,Shinay,Benjamin,8,JonShinay@hotmail.com,2072323613,PM | Ski | Children's Seasonal Program | 26/27 | Sunday | 7-12yrs | 10am,NONE,NONE,NONE,NONE,Jonathan Shinay,12072323613,1.00,Level 5,$719.00,PM: Aspenware,"$296,659.00","$326,203.00"
PM: Aspenware,Lesson Comment,243516511,83806041,1/10/2027,Shinay,Benjamin,8,JonShinay@hotmail.com,2072323613,PM | Ski | Children's Seasonal Program | 26/27 | Sunday | 7-12yrs | 10am,NONE,NONE,NONE,NONE,Jonathan Shinay,12072323613,1.00,,$719.00,PM: Aspenware,"$296,659.00","$326,203.00"
PM: Aspenware,Ability Level,243532067,84844295,1/10/2027,Leslie,Blair,4,genevieve.leslie@gmail.com,2075779027,PM | Ski | Children's Seasonal Program | 26/27 | Sunday | 4-6yrs | Full Day,NONE,NONE,NONE,NONE,Genevieve Leslie,2075779027,1.00,Level 1,$959.00,PM: Aspenware,"$296,659.00","$326,203.00"
PM: Aspenware,Lesson Comment,243532067,84844295,1/10/2027,Leslie,Blair,4,genevieve.leslie@gmail.com,2075779027,PM | Ski | Children's Seasonal Program | 26/27 | Sunday | 4-6yrs | Full Day,NONE,NONE,NONE,NONE,Genevieve Leslie,2075779027,1.00,,$959.00,PM: Aspenware,"$296,659.00","$326,203.00"
PM: Aspenware,Ability Level,243532067,83993560,1/10/2027,Leslie,Read,6,genevieve.leslie@gmail.com,2075779027,PM | Ski | Children's Seasonal Program | 26/27 | Sunday | 4-6yrs | Full Day,NONE,NONE,NONE,NONE,Genevieve Leslie,12075779027,1.00,Level 5,$959.00,PM: Aspenware,"$296,659.00","$326,203.00"
PM: Aspenware,Lesson Comment,243532067,83993560,1/10/2027,Leslie,Read,6,genevieve.leslie@gmail.com,2075779027,PM | Ski | Children's Seasonal Program | 26/27 | Sunday | 4-6yrs | Full Day,NONE,NONE,NONE,NONE,Genevieve Leslie,12075779027,1.00,,$959.00,PM: Aspenware,"$296,659.00","$326,203.00"
PM: Aspenware,Ability Level,243999375,87016102,1/10/2027,Gauthier,James,5,lgauthier5@yahoo.com,2072395677,PM | Ski | Children's Seasonal Program | 26/27 | Sunday | 4-6yrs | 1pm,NONE,NONE,NONE,NONE,Lee Gauthier,2072395677,1.00,Level 1,$719.00,PM: Aspenware,"$296,659.00","$326,203.00"
PM: Aspenware,Lesson Comment,243999375,87016102,1/10/2027,Gauthier,James,5,lgauthier5@yahoo.com,2072395677,PM | Ski | Children's Seasonal Program | 26/27 | Sunday | 4-6yrs | 1pm,NONE,NONE,NONE,NONE,Lee Gauthier,2072395677,1.00,,$719.00,PM: Aspenware,"$296,659.00","$326,203.00"
PM: Aspenware,Ability Level,243538492,84423977,1/10/2027,Doyle,Eve,5,elyseschwarzberg@gmail.com,8636982743,PM | Ski | Children's Seasonal Program | 26/27 | Sunday | 4-6yrs | 1pm,NONE,NONE,NONE,NONE,Elyse Schwarzberg,18636982743,1.00,Level 4,$719.00,PM: Aspenware,"$296,659.00","$326,203.00"
PM: Aspenware,Lesson Comment,243538492,84423977,1/10/2027,Doyle,Eve,5,elyseschwarzberg@gmail.com,8636982743,PM | Ski | Children's Seasonal Program | 26/27 | Sunday | 4-6yrs | 1pm,NONE,NONE,NONE,NONE,Elyse Schwarzberg,18636982743,1.00,,$719.00,PM: Aspenware,"$296,659.00","$326,203.00"
PM: Aspenware,Ability Level,243547225,84424720,1/10/2027,Lowrance,Wilder,5,kmlowrance2@gmail.com,2078007007,PM | SB | Children's Seasonal Program | 26/27 | Sunday | 4-6yrs | 1pm,NONE,NONE,NONE,NONE,Kristin Lowrance,12078007007,1.00,Level 1,$719.00,PM: Aspenware,"$296,659.00","$326,203.00"
PM: Aspenware,Lesson Comment,243547225,84424720,1/10/2027,Lowrance,Wilder,5,kmlowrance2@gmail.com,2078007007,PM | SB | Children's Seasonal Program | 26/27 | Sunday | 4-6yrs | 1pm,NONE,NONE,NONE,NONE,Kristin Lowrance,12078007007,1.00,,$719.00,PM: Aspenware,"$296,659.00","$326,203.00"
PM: Aspenware,Ability Level,243854289,84443260,1/10/2027,Stuckey,Dean,5,chris.stuckey3@gmail.com,2402718495,PM | Ski | Children's Seasonal Program | 26/27 | Sunday | 4-6yrs | 1pm,NONE,NONE,NONE,NONE,Christopher Stuckey,12402718495,1.00,Level 1,$719.00,PM: Aspenware,"$296,659.00","$326,203.00"
PM: Aspenware,Lesson Comment,243854289,84443260,1/10/2027,Stuckey,Dean,5,chris.stuckey3@gmail.com,2402718495,PM | Ski | Children's Seasonal Program | 26/27 | Sunday | 4-6yrs | 1pm,NONE,NONE,NONE,NONE,Christopher Stuckey,12402718495,1.00,,$719.00,PM: Aspenware,"$296,659.00","$326,203.00"
PM: Aspenware,Ability Level,243854289,84595512,1/10/2027,Stuckey,William,7,chris.stuckey3@gmail.com,2402718495,PM | Ski | Children's Seasonal Program | 26/27 | Sunday | 7-12yrs | 1pm,NONE,NONE,NONE,NONE,Christopher Stuckey,12402718495,1.00,Level 4,$719.00,PM: Aspenware,"$296,659.00","$326,203.00"
PM: Aspenware,Lesson Comment,243854289,84595512,1/10/2027,Stuckey,William,7,chris.stuckey3@gmail.com,2402718495,PM | Ski | Children's Seasonal Program | 26/27 | Sunday | 7-12yrs | 1pm,NONE,NONE,NONE,NONE,Christopher Stuckey,12402718495,1.00,,$719.00,PM: Aspenware,"$296,659.00","$326,203.00"
PM: Aspenware,Ability Level,243523449,84546689,1/10/2027,Ricci,Lorenzo,12,kchapman304@yahoo.com,2079394718,PM | Ski | Children's Seasonal Program | 26/27 | Sunday | 7-12yrs | 10am,NONE,Peanuts,NONE,NONE,Kristin Ricci,2079394718,1.00,Level 7,$719.00,PM: Aspenware,"$296,659.00","$326,203.00"
PM: Aspenware,Lesson Comment,243523449,84546689,1/10/2027,Ricci,Lorenzo,12,kchapman304@yahoo.com,2079394718,PM | Ski | Children's Seasonal Program | 26/27 | Sunday | 7-12yrs | 10am,NONE,Peanuts,NONE,NONE,Kristin Ricci,2079394718,1.00,,$719.00,PM: Aspenware,"$296,659.00","$326,203.00"
PM: Aspenware,Ability Level,243523449,85464723,1/10/2027,Ricci,Philomena,12,kchapman304@yahoo.com,2079394718,PM | Ski | Children's Seasonal Program | 26/27 | Sunday | 7-12yrs | 10am,NONE,NONE,NONE,NONE,Kristin Ricci,2079394718,1.00,Level 5,$719.00,PM: Aspenware,"$296,659.00","$326,203.00"
PM: Aspenware,Lesson Comment,243523449,85464723,1/10/2027,Ricci,Philomena,12,kchapman304@yahoo.com,2079394718,PM | Ski | Children's Seasonal Program | 26/27 | Sunday | 7-12yrs | 10am,NONE,NONE,NONE,NONE,Kristin Ricci,2079394718,1.00,,$719.00,PM: Aspenware,"$296,659.00","$326,203.00"
PM: Aspenware,Ability Level,244549730,84867982,1/10/2027,Solomito,Cooper,4,cnsolomito@gmail.com,6173657789,PM | SB | Children's Seasonal Program | 26/27 | Sunday | 4-6yrs | 1pm,NONE,NONE,NONE,NONE,Courtney Solomito,6173657789,1.00,Level 1,$779.00,PM: Aspenware,"$296,659.00","$326,203.00"
PM: Aspenware,Lesson Comment,244549730,84867982,1/10/2027,Solomito,Cooper,4,cnsolomito@gmail.com,6173657789,PM | SB | Children's Seasonal Program | 26/27 | Sunday | 4-6yrs | 1pm,NONE,NONE,NONE,NONE,Courtney Solomito,6173657789,1.00,,$779.00,PM: Aspenware,"$296,659.00","$326,203.00"
PM: Aspenware,Ability Level,244549730,84867985,1/10/2027,Solomito,Blair,7,cnsolomito@gmail.com,6173657789,PM | SB | Children's Seasonal Program | 26/27 | Sunday | 7-12yrs | 1pm,NONE,NONE,NONE,NONE,Courtney Solomito,6173657789,1.00,Level 3,$779.00,PM: Aspenware,"$296,659.00","$326,203.00"
PM: Aspenware,Lesson Comment,244549730,84867985,1/10/2027,Solomito,Blair,7,cnsolomito@gmail.com,6173657789,PM | SB | Children's Seasonal Program | 26/27 | Sunday | 7-12yrs | 1pm,NONE,NONE,NONE,NONE,Courtney Solomito,6173657789,1.00,,$779.00,PM: Aspenware,"$296,659.00","$326,203.00"
PM: Aspenware,Ability Level,243532913,84895031,1/10/2027,Bushman Willcox,Ellowyn,4,nathan.willcox@gmail.com,2156273672,PM | Ski | Children's Seasonal Program | 26/27 | Sunday | 4-6yrs | 10am,NONE,NONE,NONE,NONE,Nathan Willcox,2156273672,1.00,Level 1,$719.00,PM: Aspenware,"$296,659.00","$326,203.00"
PM: Aspenware,Lesson Comment,243532913,84895031,1/10/2027,Bushman Willcox,Ellowyn,4,nathan.willcox@gmail.com,2156273672,PM | Ski | Children's Seasonal Program | 26/27 | Sunday | 4-6yrs | 10am,NONE,NONE,NONE,NONE,Nathan Willcox,2156273672,1.00,,$719.00,PM: Aspenware,"$296,659.00","$326,203.00"
PM: Aspenware,Ability Level,244676057,84940008,1/10/2027,Dibiase,Madelyn,7,coraleerae22@yahoo.com,2076530026,PM | Ski | Children's Seasonal Program | 26/27 | Sunday | 7-12yrs | 10am,NONE,NONE,NONE,NONE,Coralee Dibiase,2076530026,1.00,Level 2,$779.00,PM: Aspenware,"$296,659.00","$326,203.00"
PM: Aspenware,Lesson Comment,244676057,84940008,1/10/2027,Dibiase,Madelyn,7,coraleerae22@yahoo.com,2076530026,PM | Ski | Children's Seasonal Program | 26/27 | Sunday | 7-12yrs | 10am,NONE,NONE,NONE,NONE,Coralee Dibiase,2076530026,1.00,,$779.00,PM: Aspenware,"$296,659.00","$326,203.00"
PM: Aspenware,Ability Level,243523454,85409237,1/10/2027,Sargent,Adeline,10,kate.a.hodgdon@gmail.com,2076926293,PM | Ski | Children's Seasonal Program | 26/27 | Sunday | 7-12yrs | 10am,NONE,NONE,NONE,NONE,Kate Sargent,2076926293,1.00,Level 5,$719.00,PM: Aspenware,"$296,659.00","$326,203.00"
PM: Aspenware,Lesson Comment,243523454,85409237,1/10/2027,Sargent,Adeline,10,kate.a.hodgdon@gmail.com,2076926293,PM | Ski | Children's Seasonal Program | 26/27 | Sunday | 7-12yrs | 10am,NONE,NONE,NONE,NONE,Kate Sargent,2076926293,1.00,,$719.00,PM: Aspenware,"$296,659.00","$326,203.00"
PM: Aspenware,Ability Level,243523454,85409239,1/10/2027,Sargent,Lucy,8,kate.a.hodgdon@gmail.com,2076926293,PM | Ski | Children's Seasonal Program | 26/27 | Sunday | 7-12yrs | 10am,NONE,NONE,NONE,NONE,Kate Sargent,2076926293,1.00,Level 5,$719.00,PM: Aspenware,"$296,659.00","$326,203.00"
PM: Aspenware,Lesson Comment,243523454,85409239,1/10/2027,Sargent,Lucy,8,kate.a.hodgdon@gmail.com,2076926293,PM | Ski | Children's Seasonal Program | 26/27 | Sunday | 7-12yrs | 10am,NONE,NONE,NONE,NONE,Kate Sargent,2076926293,1.00,,$719.00,PM: Aspenware,"$296,659.00","$326,203.00"
PM: Aspenware,Ability Level,244486262,84965221,1/10/2027,Dean,Isaac,7,sukied@gmail.com,9163979369,PM | Ski | Children's Seasonal Program | 26/27 | Sunday | 7-12yrs | Full Day,NONE,NONE,NONE,NONE,Sukie Dean,9163979369,1.00,Level 4,$999.00,PM: Aspenware,"$296,659.00","$326,203.00"
PM: Aspenware,Lesson Comment,244486262,84965221,1/10/2027,Dean,Isaac,7,sukied@gmail.com,9163979369,PM | Ski | Children's Seasonal Program | 26/27 | Sunday | 7-12yrs | Full Day,NONE,NONE,NONE,NONE,Sukie Dean,9163979369,1.00,,$999.00,PM: Aspenware,"$296,659.00","$326,203.00"
PM: Aspenware,Ability Level,243599538,84978875,1/10/2027,Howard,Noah,5,artyj24@gmail.com,2062802992,PM | Ski | Children's Seasonal Program | 26/27 | Sunday | 4-6yrs | 10am,NONE,NONE,NONE,NONE,AJ Howard,2062802992,1.00,Level 2,$719.00,PM: Aspenware,"$296,659.00","$326,203.00"
PM: Aspenware,Lesson Comment,243599538,84978875,1/10/2027,Howard,Noah,5,artyj24@gmail.com,2062802992,PM | Ski | Children's Seasonal Program | 26/27 | Sunday | 4-6yrs | 10am,NONE,NONE,NONE,NONE,AJ Howard,2062802992,1.00,,$719.00,PM: Aspenware,"$296,659.00","$326,203.00"
PM: Aspenware,Ability Level,243599538,84978838,1/10/2027,Howard,Madeline,8,artyj24@gmail.com,2062802992,PM | Ski | Children's Seasonal Program | 26/27 | Sunday | 7-12yrs | 10am,NONE,NONE,NONE,NONE,AJ Howard,2062802992,1.00,Level 4,$719.00,PM: Aspenware,"$296,659.00","$326,203.00"
PM: Aspenware,Lesson Comment,243599538,84978838,1/10/2027,Howard,Madeline,8,artyj24@gmail.com,2062802992,PM | Ski | Children's Seasonal Program | 26/27 | Sunday | 7-12yrs | 10am,NONE,NONE,NONE,NONE,AJ Howard,2062802992,1.00,,$719.00,PM: Aspenware,"$296,659.00","$326,203.00"
PM: Aspenware,Ability Level,243517000,85079179,1/10/2027,Mediratta,Amar,5,sophiahoesch@gmail.com,3606062803,PM | Ski | Children's Seasonal Program | 26/27 | Sunday | 4-6yrs | 10am,NONE,NONE,NONE,Sometimes needs to be redirected and eats a lot of snow.,Sophia Mediratta,3606062803,1.00,Level 1,$719.00,PM: Aspenware,"$296,659.00","$326,203.00"
PM: Aspenware,Lesson Comment,243517000,85079179,1/10/2027,Mediratta,Amar,5,sophiahoesch@gmail.com,3606062803,PM | Ski | Children's Seasonal Program | 26/27 | Sunday | 4-6yrs | 10am,NONE,NONE,NONE,Sometimes needs to be redirected and eats a lot of snow.,Sophia Mediratta,3606062803,1.00,,$719.00,PM: Aspenware,"$296,659.00","$326,203.00"
PM: Aspenware,Ability Level,243517951,85268298,1/10/2027,Ghantous,George,7,kbwood10@gmail.com,6123067092,PM | Ski | Children's Seasonal Program | 26/27 | Sunday | 7-12yrs | 1pm,NONE,NONE,Amoxicillin,NONE,Kat Ghantous,6123067092,1.00,Level 4,$719.00,PM: Aspenware,"$296,659.00","$326,203.00"
PM: Aspenware,Lesson Comment,243517951,85268298,1/10/2027,Ghantous,George,7,kbwood10@gmail.com,6123067092,PM | Ski | Children's Seasonal Program | 26/27 | Sunday | 7-12yrs | 1pm,NONE,NONE,Amoxicillin,NONE,Kat Ghantous,6123067092,1.00,,$719.00,PM: Aspenware,"$296,659.00","$326,203.00"
PM: Aspenware,Ability Level,244641048,85302149,1/10/2027,Dyer,Dustin,5,caitlyn.butterfield@gmail.com,2073186166,PM | Ski | Children's Seasonal Program | 26/27 | Sunday | 4-6yrs | Full Day,NONE,NONE,NONE,NONE,Caitlyn Dyer,2073186166,1.00,Level 4,$999.00,PM: Aspenware,"$296,659.00","$326,203.00"
PM: Aspenware,Lesson Comment,244641048,85302149,1/10/2027,Dyer,Dustin,5,caitlyn.butterfield@gmail.com,2073186166,PM | Ski | Children's Seasonal Program | 26/27 | Sunday | 4-6yrs | Full Day,NONE,NONE,NONE,NONE,Caitlyn Dyer,2073186166,1.00,,$999.00,PM: Aspenware,"$296,659.00","$326,203.00"
PM: Aspenware,Ability Level,244641048,85302148,1/10/2027,Dyer,Dylan,7,caitlyn.butterfield@gmail.com,2073186166,PM | Ski | Children's Seasonal Program | 26/27 | Sunday | 7-12yrs | 10am,NONE,NONE,NONE,NONE,Caitlyn Dyer,2073186166,1.00,Level 5,$779.00,PM: Aspenware,"$296,659.00","$326,203.00"
PM: Aspenware,Lesson Comment,244641048,85302148,1/10/2027,Dyer,Dylan,7,caitlyn.butterfield@gmail.com,2073186166,PM | Ski | Children's Seasonal Program | 26/27 | Sunday | 7-12yrs | 10am,NONE,NONE,NONE,NONE,Caitlyn Dyer,2073186166,1.00,,$779.00,PM: Aspenware,"$296,659.00","$326,203.00"
PM: Aspenware,Ability Level,243525307,85397486,1/10/2027,Fraser,Joy,11,robertfraser2002@gmail.com,2072284792,PM | Ski | Children's Seasonal Program | 26/27 | Sunday | 11-13yrs | 9am,NONE,NONE,NONE,NONE,Robert Fraser,2072284792,1.00,Level 7,$799.00,PM: Aspenware,"$296,659.00","$326,203.00"
PM: Aspenware,Lesson Comment,243525307,85397486,1/10/2027,Fraser,Joy,11,robertfraser2002@gmail.com,2072284792,PM | Ski | Children's Seasonal Program | 26/27 | Sunday | 11-13yrs | 9am,NONE,NONE,NONE,NONE,Robert Fraser,2072284792,1.00,,$799.00,PM: Aspenware,"$296,659.00","$326,203.00"
PM: Aspenware,Ability Level,243772087,86970532,1/10/2027,Jackson,Parker,5,michellearacine@gmail.com,2073035298,PM | Ski | Children's Seasonal Program | 26/27 | Sunday | 4-6yrs | 10am,NONE,NONE,NONE,NONE,Michelle Jackson,2073035298,1.00,Level 4,$719.00,PM: Aspenware,"$296,659.00","$326,203.00"
PM: Aspenware,Lesson Comment,243772087,86970532,1/10/2027,Jackson,Parker,5,michellearacine@gmail.com,2073035298,PM | Ski | Children's Seasonal Program | 26/27 | Sunday | 4-6yrs | 10am,NONE,NONE,NONE,NONE,Michelle Jackson,2073035298,1.00,,$719.00,PM: Aspenware,"$296,659.00","$326,203.00"
PM: Aspenware,Ability Level,243772087,86970530,1/10/2027,Jackson,Avery,9,michellearacine@gmail.com,2073035298,PM | Ski | Children's Seasonal Program | 26/27 | Sunday | 7-12yrs | 10am,NONE,NONE,NONE,NONE,Michelle Jackson,2073035298,1.00,Level 5,$719.00,PM: Aspenware,"$296,659.00","$326,203.00"
PM: Aspenware,Lesson Comment,243772087,86970530,1/10/2027,Jackson,Avery,9,michellearacine@gmail.com,2073035298,PM | Ski | Children's Seasonal Program | 26/27 | Sunday | 7-12yrs | 10am,NONE,NONE,NONE,NONE,Michelle Jackson,2073035298,1.00,,$719.00,PM: Aspenware,"$296,659.00","$326,203.00"
PM: Aspenware,Ability Level,243772087,86970531,1/10/2027,Jackson,Callie,7,michellearacine@gmail.com,2073035298,PM | Ski | Children's Seasonal Program | 26/27 | Sunday | 7-12yrs | 10am,Symbicort Inhaler (takes at home),NONE,NONE,Asthma,Michelle Jackson,2073035298,1.00,Level 5,$719.00,PM: Aspenware,"$296,659.00","$326,203.00"
PM: Aspenware,Lesson Comment,243772087,86970531,1/10/2027,Jackson,Callie,7,michellearacine@gmail.com,2073035298,PM | Ski | Children's Seasonal Program | 26/27 | Sunday | 7-12yrs | 10am,Symbicort Inhaler (takes at home),NONE,NONE,Asthma,Michelle Jackson,2073035298,1.00,,$719.00,PM: Aspenware,"$296,659.00","$326,203.00"
PM: Aspenware,Ability Level,244711816,85533046,1/10/2027,Lawrence,Micah,7,danielle.deason@gmail.com,7657160752,PM | Ski | Children's Seasonal Program | 26/27 | Sunday | 7-12yrs | 10am,NONE,NONE,NONE,NONE,Danielle Deason,7657160752,1.00,Level 4,$779.00,PM: Aspenware,"$296,659.00","$326,203.00"
PM: Aspenware,Lesson Comment,244711816,85533046,1/10/2027,Lawrence,Micah,7,danielle.deason@gmail.com,7657160752,PM | Ski | Children's Seasonal Program | 26/27 | Sunday | 7-12yrs | 10am,NONE,NONE,NONE,NONE,Danielle Deason,7657160752,1.00,,$779.00,PM: Aspenware,"$296,659.00","$326,203.00"
PM: Aspenware,Ability Level,243620512,85604134,1/10/2027,Miller,Maddie,5,kimberley.l.dekker@gmail.com,9178338061,PM | Ski | Children's Seasonal Program | 26/27 | Sunday | 4-6yrs | 1pm,NONE,NONE,NONE,NONE,Kim Dekker,9178338061,1.00,Level 2,$719.00,PM: Aspenware,"$296,659.00","$326,203.00"
PM: Aspenware,Lesson Comment,243620512,85604134,1/10/2027,Miller,Maddie,5,kimberley.l.dekker@gmail.com,9178338061,PM | Ski | Children's Seasonal Program | 26/27 | Sunday | 4-6yrs | 1pm,NONE,NONE,NONE,NONE,Kim Dekker,9178338061,1.00,,$719.00,PM: Aspenware,"$296,659.00","$326,203.00"
PM: Aspenware,Ability Level,243620512,85604121,1/10/2027,Miller,Henry,8,kimberley.l.dekker@gmail.com,9178338061,PM | Ski | Children's Seasonal Program | 26/27 | Sunday | 7-12yrs | 1pm,NONE,NONE,NONE,NONE,Kim Dekker,9178338061,1.00,Level 3,$719.00,PM: Aspenware,"$296,659.00","$326,203.00"
PM: Aspenware,Lesson Comment,243620512,85604121,1/10/2027,Miller,Henry,8,kimberley.l.dekker@gmail.com,9178338061,PM | Ski | Children's Seasonal Program | 26/27 | Sunday | 7-12yrs | 1pm,NONE,NONE,NONE,NONE,Kim Dekker,9178338061,1.00,,$719.00,PM: Aspenware,"$296,659.00","$326,203.00"
PM: Aspenware,Ability Level,243689979,85681554,1/10/2027,Brooks,Sophia,5,joannewing@msn.com,2074238710,PM | Ski | Children's Seasonal Program | 26/27 | Sunday | 4-6yrs | 10am,NONE,NONE,NONE,NONE,Joanne Wing,2074238710,1.00,Level 3,$719.00,PM: Aspenware,"$296,659.00","$326,203.00"
PM: Aspenware,Lesson Comment,243689979,85681554,1/10/2027,Brooks,Sophia,5,joannewing@msn.com,2074238710,PM | Ski | Children's Seasonal Program | 26/27 | Sunday | 4-6yrs | 10am,NONE,NONE,NONE,NONE,Joanne Wing,2074238710,1.00,,$719.00,PM: Aspenware,"$296,659.00","$326,203.00"
PM: Aspenware,Ability Level,243516542,85848477,1/10/2027,Webster,Oakes,6,ehgwebster@gmail.com,2072727229,PM | Ski | Children's Seasonal Program | 26/27 | Sunday | 4-6yrs | Full Day,NONE,NONE,NONE,NONE,Elizabeth Webster,2072727229,1.00,Level 3,$959.00,PM: Aspenware,"$296,659.00","$326,203.00"
PM: Aspenware,Lesson Comment,243516542,85848477,1/10/2027,Webster,Oakes,6,ehgwebster@gmail.com,2072727229,PM | Ski | Children's Seasonal Program | 26/27 | Sunday | 4-6yrs | Full Day,NONE,NONE,NONE,NONE,Elizabeth Webster,2072727229,1.00,,$959.00,PM: Aspenware,"$296,659.00","$326,203.00"
PM: Aspenware,Ability Level,243516542,85848481,1/10/2027,Webster,Sylvie,4,ehgwebster@gmail.com,2072727229,PM | Ski | Children's Seasonal Program | 26/27 | Sunday | 4-6yrs | Full Day,NONE,NONE,NONE,NONE,Elizabeth Webster,2072727229,1.00,Level 2,$959.00,PM: Aspenware,"$296,659.00","$326,203.00"
PM: Aspenware,Lesson Comment,243516542,85848481,1/10/2027,Webster,Sylvie,4,ehgwebster@gmail.com,2072727229,PM | Ski | Children's Seasonal Program | 26/27 | Sunday | 4-6yrs | Full Day,NONE,NONE,NONE,NONE,Elizabeth Webster,2072727229,1.00,,$959.00,PM: Aspenware,"$296,659.00","$326,203.00"
PM: Aspenware,Ability Level,243789659,85917398,1/10/2027,Swarthout,Zoe,10,melissa.a.ryerson@gmail.com,4129511514,PM | Ski | Children's Seasonal Program | 26/27 | Sunday | 7-12yrs | 1pm,NONE,NONE,NONE,NONE,Melissa Ryerson,4129511514,1.00,Level 5,$719.00,PM: Aspenware,"$296,659.00","$326,203.00"
PM: Aspenware,Lesson Comment,243789659,85917398,1/10/2027,Swarthout,Zoe,10,melissa.a.ryerson@gmail.com,4129511514,PM | Ski | Children's Seasonal Program | 26/27 | Sunday | 7-12yrs | 1pm,NONE,NONE,NONE,NONE,Melissa Ryerson,4129511514,1.00,,$719.00,PM: Aspenware,"$296,659.00","$326,203.00"
PM: Aspenware,Ability Level,243789659,85917395,1/10/2027,Swarthout,Will,6,melissa.a.ryerson@gmail.com,4129511514,PM | Ski | Children's Seasonal Program | 26/27 | Sunday | 4-6yrs | 1pm,NONE,tree nuts,NONE,NONE,Melissa Ryerson,4129511514,1.00,Level 5,$719.00,PM: Aspenware,"$296,659.00","$326,203.00"
PM: Aspenware,Lesson Comment,243789659,85917395,1/10/2027,Swarthout,Will,6,melissa.a.ryerson@gmail.com,4129511514,PM | Ski | Children's Seasonal Program | 26/27 | Sunday | 4-6yrs | 1pm,NONE,tree nuts,NONE,NONE,Melissa Ryerson,4129511514,1.00,,$719.00,PM: Aspenware,"$296,659.00","$326,203.00"
PM: Aspenware,Ability Level,244402788,86133181,1/10/2027,Hunt,Emery,8,margdunn@gmail.com,9073017191,PM | Ski | Children's Seasonal Program | 26/27 | Sunday | 7-12yrs | 1pm,NONE,NONE,NONE,NONE,Margaret Hunt,9073017191,1.00,Level 5,$779.00,PM: Aspenware,"$296,659.00","$326,203.00"
PM: Aspenware,Lesson Comment,244402788,86133181,1/10/2027,Hunt,Emery,8,margdunn@gmail.com,9073017191,PM | Ski | Children's Seasonal Program | 26/27 | Sunday | 7-12yrs | 1pm,NONE,NONE,NONE,NONE,Margaret Hunt,9073017191,1.00,,$779.00,PM: Aspenware,"$296,659.00","$326,203.00"
PM: Aspenware,Ability Level,244402788,86133182,1/10/2027,Hunt,Olive,6,margdunn@gmail.com,9073017191,PM | Ski | Children's Seasonal Program | 26/27 | Sunday | 4-6yrs | 1pm,NONE,NONE,NONE,NONE,Margaret Hunt,9073017191,1.00,Level 4,$779.00,PM: Aspenware,"$296,659.00","$326,203.00"
PM: Aspenware,Lesson Comment,244402788,86133182,1/10/2027,Hunt,Olive,6,margdunn@gmail.com,9073017191,PM | Ski | Children's Seasonal Program | 26/27 | Sunday | 4-6yrs | 1pm,NONE,NONE,NONE,NONE,Margaret Hunt,9073017191,1.00,,$779.00,PM: Aspenware,"$296,659.00","$326,203.00"
PM: Aspenware,Ability Level,243635394,86140733,1/10/2027,Alcott,Maggie,5,trevor.i.alcott@gmail.com,6039862906,PM | SB | Children's Seasonal Program | 26/27 | Sunday | 4-6yrs | Full Day,NONE,NONE,NONE,NONE,Trevor Alcott,6039862906,1.00,Level 4,$959.00,PM: Aspenware,"$296,659.00","$326,203.00"
PM: Aspenware,Lesson Comment,243635394,86140733,1/10/2027,Alcott,Maggie,5,trevor.i.alcott@gmail.com,6039862906,PM | SB | Children's Seasonal Program | 26/27 | Sunday | 4-6yrs | Full Day,NONE,NONE,NONE,NONE,Trevor Alcott,6039862906,1.00,,$959.00,PM: Aspenware,"$296,659.00","$326,203.00"
PM: Aspenware,Ability Level,244277636,87032161,1/10/2027,Jordan,Natalie,7,jordannancy3@gmail.com,9783374143,PM | Ski | Children's Seasonal Program | 26/27 | Sunday | 7-12yrs | 1pm,NONE,NONE,NONE,NONE,Nancy Jordan,9783374143,1.00,Level 1,$779.00,PM: Aspenware,"$296,659.00","$326,203.00"
PM: Aspenware,Lesson Comment,244277636,87032161,1/10/2027,Jordan,Natalie,7,jordannancy3@gmail.com,9783374143,PM | Ski | Children's Seasonal Program | 26/27 | Sunday | 7-12yrs | 1pm,NONE,NONE,NONE,NONE,Nancy Jordan,9783374143,1.00,,$779.00,PM: Aspenware,"$296,659.00","$326,203.00"
PM: Aspenware,Ability Level,244349761,86173626,1/10/2027,Douglass,Preston,4,bailybdouglass@gmail.com,9414085368,PM | Ski | Children's Seasonal Program | 26/27 | Sunday | 4-6yrs | Full Day,NONE,NONE,NONE,NONE,Baily Douglass,9414085368,1.00,Level 2,$999.00,PM: Aspenware,"$296,659.00","$326,203.00"
PM: Aspenware,Lesson Comment,244349761,86173626,1/10/2027,Douglass,Preston,4,bailybdouglass@gmail.com,9414085368,PM | Ski | Children's Seasonal Program | 26/27 | Sunday | 4-6yrs | Full Day,NONE,NONE,NONE,NONE,Baily Douglass,9414085368,1.00,,$999.00,PM: Aspenware,"$296,659.00","$326,203.00"
PM: Aspenware,Ability Level,244349761,86173630,1/10/2027,Douglass,Winnie,6,bailybdouglass@gmail.com,9414085368,PM | Ski | Children's Seasonal Program | 26/27 | Sunday | 4-6yrs | Full Day,NONE,NONE,NONE,NONE,Baily Douglass,9414085368,1.00,Level 3,$999.00,PM: Aspenware,"$296,659.00","$326,203.00"
PM: Aspenware,Lesson Comment,244349761,86173630,1/10/2027,Douglass,Winnie,6,bailybdouglass@gmail.com,9414085368,PM | Ski | Children's Seasonal Program | 26/27 | Sunday | 4-6yrs | Full Day,NONE,NONE,NONE,NONE,Baily Douglass,9414085368,1.00,,$999.00,PM: Aspenware,"$296,659.00","$326,203.00"
PM: Aspenware,Ability Level,244349761,86173633,1/10/2027,Douglass,Guerin,6,bailybdouglass@gmail.com,9414085368,PM | Ski | Children's Seasonal Program | 26/27 | Sunday | 4-6yrs | Full Day,NONE,NONE,NONE,NONE,Baily Douglass,9414085368,1.00,Level 3,$999.00,PM: Aspenware,"$296,659.00","$326,203.00"
PM: Aspenware,Lesson Comment,244349761,86173633,1/10/2027,Douglass,Guerin,6,bailybdouglass@gmail.com,9414085368,PM | Ski | Children's Seasonal Program | 26/27 | Sunday | 4-6yrs | Full Day,NONE,NONE,NONE,NONE,Baily Douglass,9414085368,1.00,,$999.00,PM: Aspenware,"$296,659.00","$326,203.00"
PM: Aspenware,Ability Level,243937268,87006198,1/10/2027,Milligan,August,5,rpimilligan@gmail.com,2074680190,PM | Ski | Children's Seasonal Program | 26/27 | Sunday | 4-6yrs | 1pm,NONE,NONE,NONE,NONE,Michael Milligan,2074680190,1.00,Level 2,$719.00,PM: Aspenware,"$296,659.00","$326,203.00"
PM: Aspenware,Lesson Comment,243937268,87006198,1/10/2027,Milligan,August,5,rpimilligan@gmail.com,2074680190,PM | Ski | Children's Seasonal Program | 26/27 | Sunday | 4-6yrs | 1pm,NONE,NONE,NONE,NONE,Michael Milligan,2074680190,1.00,,$719.00,PM: Aspenware,"$296,659.00","$326,203.00"
PM: Aspenware,Ability Level,244364456,86188971,1/10/2027,Tackett,Ezra,5,ztack004@gmail.com,2076537132,PM | Ski | Children's Seasonal Program | 26/27 | Sunday | 4-6yrs | Full Day,NONE,NONE,NONE,NONE,Zachary Tackett,2077521810,1.00,Level 1,$999.00,PM: Aspenware,"$296,659.00","$326,203.00"
PM: Aspenware,Lesson Comment,244364456,86188971,1/10/2027,Tackett,Ezra,5,ztack004@gmail.com,2076537132,PM | Ski | Children's Seasonal Program | 26/27 | Sunday | 4-6yrs | Full Day,NONE,NONE,NONE,NONE,Zachary Tackett,2077521810,1.00,,$999.00,PM: Aspenware,"$296,659.00","$326,203.00"
PM: Aspenware,Ability Level,244364456,86188969,1/10/2027,Tackett,Isaiah,8,ztack004@gmail.com,2076537132,PM | Ski | Children's Seasonal Program | 26/27 | Sunday | 7-12yrs | Full Day,NONE,NONE,NONE,NONE,Zachary Tackett,2077521810,1.00,Level 3,$999.00,PM: Aspenware,"$296,659.00","$326,203.00"
PM: Aspenware,Lesson Comment,244364456,86188969,1/10/2027,Tackett,Isaiah,8,ztack004@gmail.com,2076537132,PM | Ski | Children's Seasonal Program | 26/27 | Sunday | 7-12yrs | Full Day,NONE,NONE,NONE,NONE,Zachary Tackett,2077521810,1.00,,$999.00,PM: Aspenware,"$296,659.00","$326,203.00"
PM: Aspenware,Ability Level,244349896,86366618,1/10/2027,Filson,Teddy,6,brookethorpefilson@gmail.com,8603013727,PM | Ski | Children's Seasonal Program | 26/27 | Sunday | 4-6yrs | Full Day,NONE,NONE,NONE,NONE,Tig Filson,8603013727,1.00,Level 3,$999.00,PM: Aspenware,"$296,659.00","$326,203.00"
PM: Aspenware,Lesson Comment,244349896,86366618,1/10/2027,Filson,Teddy,6,brookethorpefilson@gmail.com,8603013727,PM | Ski | Children's Seasonal Program | 26/27 | Sunday | 4-6yrs | Full Day,NONE,NONE,NONE,NONE,Tig Filson,8603013727,1.00,,$999.00,PM: Aspenware,"$296,659.00","$326,203.00"
PM: Aspenware,Ability Level,244349896,86366625,1/10/2027,Filson,Maya,11,brookethorpefilson@gmail.com,8603013727,PM | Ski | Children's Seasonal Program | 26/27 | Sunday | 7-12yrs | 10am,NONE,NONE,NONE,NONE,Tig Filson,8603013727,1.00,Level 4,$779.00,PM: Aspenware,"$296,659.00","$326,203.00"
PM: Aspenware,Lesson Comment,244349896,86366625,1/10/2027,Filson,Maya,11,brookethorpefilson@gmail.com,8603013727,PM | Ski | Children's Seasonal Program | 26/27 | Sunday | 7-12yrs | 10am,NONE,NONE,NONE,NONE,Tig Filson,8603013727,1.00,,$779.00,PM: Aspenware,"$296,659.00","$326,203.00"
PM: Aspenware,Ability Level,243819558,86675838,1/10/2027,Chabot,Lilia,5,nsovetsky@gmail.com,2074323304,PM | Ski | Children's Seasonal Program | 26/27 | Sunday | 4-6yrs | 1pm,NONE,NONE,NONE,NONE,Natacha Chabot,2074323304,1.00,Level 1,$719.00,PM: Aspenware,"$296,659.00","$326,203.00"
PM: Aspenware,Lesson Comment,243819558,86675838,1/10/2027,Chabot,Lilia,5,nsovetsky@gmail.com,2074323304,PM | Ski | Children's Seasonal Program | 26/27 | Sunday | 4-6yrs | 1pm,NONE,NONE,NONE,NONE,Natacha Chabot,2074323304,1.00,,$719.00,PM: Aspenware,"$296,659.00","$326,203.00"
PM: Aspenware,Ability Level,243819558,86675835,1/10/2027,Chabot,Lydia,12,nsovetsky@gmail.com,2074323304,PM | Ski | Children's Seasonal Program | 26/27 | Sunday | 7-12yrs | 1pm,NONE,NONE,NONE,NONE,Natacha Chabot,2074323304,1.00,Level 2,$719.00,PM: Aspenware,"$296,659.00","$326,203.00"
PM: Aspenware,Lesson Comment,243819558,86675835,1/10/2027,Chabot,Lydia,12,nsovetsky@gmail.com,2074323304,PM | Ski | Children's Seasonal Program | 26/27 | Sunday | 7-12yrs | 1pm,NONE,NONE,NONE,NONE,Natacha Chabot,2074323304,1.00,,$719.00,PM: Aspenware,"$296,659.00","$326,203.00"
PM: Aspenware,Ability Level,244694625,86820392,1/10/2027,O'Connell,Elizabeth,10,alexandria.betz@gmail.com,4437223488,PM | Ski | Children's Seasonal Program | 26/27 | Sunday | 7-12yrs | 10am,NONE,NONE,NONE,NONE,Andie Betz,4437223488,1.00,Level 1,$779.00,PM: Aspenware,"$296,659.00","$326,203.00"
PM: Aspenware,Lesson Comment,244694625,86820392,1/10/2027,O'Connell,Elizabeth,10,alexandria.betz@gmail.com,4437223488,PM | Ski | Children's Seasonal Program | 26/27 | Sunday | 7-12yrs | 10am,NONE,NONE,NONE,NONE,Andie Betz,4437223488,1.00,,$779.00,PM: Aspenware,"$296,659.00","$326,203.00"
PM: Aspenware,Ability Level,244694625,86820394,1/10/2027,O'Connell,Victoria,7,alexandria.betz@gmail.com,4437223488,PM | Ski | Children's Seasonal Program | 26/27 | Sunday | 7-12yrs | 10am,NONE,NONE,NONE,NONE,Andie Betz,4437223488,1.00,Level 1,$779.00,PM: Aspenware,"$296,659.00","$326,203.00"
PM: Aspenware,Lesson Comment,244694625,86820394,1/10/2027,O'Connell,Victoria,7,alexandria.betz@gmail.com,4437223488,PM | Ski | Children's Seasonal Program | 26/27 | Sunday | 7-12yrs | 10am,NONE,NONE,NONE,NONE,Andie Betz,4437223488,1.00,,$779.00,PM: Aspenware,"$296,659.00","$326,203.00"
PM: Aspenware,Ability Level,243680255,86874234,1/10/2027,Nalabothula,Poorvi Kshetra,5,nvadithya@gmail.com,2163336822,PM | Ski | Children's Seasonal Program | 26/27 | Sunday | 4-6yrs | 10am,NONE,NONE,NONE,NONE,Aditya Nalabothula Vasista,2163336822,1.00,Level 1,$719.00,PM: Aspenware,"$296,659.00","$326,203.00"
PM: Aspenware,Lesson Comment,243680255,86874234,1/10/2027,Nalabothula,Poorvi Kshetra,5,nvadithya@gmail.com,2163336822,PM | Ski | Children's Seasonal Program | 26/27 | Sunday | 4-6yrs | 10am,NONE,NONE,NONE,NONE,Aditya Nalabothula Vasista,2163336822,1.00,,$719.00,PM: Aspenware,"$296,659.00","$326,203.00"
PM: Aspenware,Ability Level,243532607,86914754,1/10/2027,Steinberg,Isaac,7,olson.emily@gmail.com,6123861172,PM | Ski | Children's Seasonal Program | 26/27 | Sunday | 7-12yrs | 10am,"Symbicort, albuterol",NONE,NONE,"ADHD, asthma",Emily Steinberg,6123861172,1.00,Level 1,$719.00,PM: Aspenware,"$296,659.00","$326,203.00"
PM: Aspenware,Lesson Comment,243532607,86914754,1/10/2027,Steinberg,Isaac,7,olson.emily@gmail.com,6123861172,PM | Ski | Children's Seasonal Program | 26/27 | Sunday | 7-12yrs | 10am,"Symbicort, albuterol",NONE,NONE,"ADHD, asthma",Emily Steinberg,6123861172,1.00,,$719.00,PM: Aspenware,"$296,659.00","$326,203.00"
PM: Aspenware,Ability Level,243532607,86914758,1/10/2027,Steinberg,Lev,7,olson.emily@gmail.com,6123861172,PM | Ski | Children's Seasonal Program | 26/27 | Sunday | 7-12yrs | 10am,"Quillivant, symbicort, albuterol",NONE,NONE,"Asthma, ADHD",Emily Steinberg,6123861172,1.00,Level 1,$719.00,PM: Aspenware,"$296,659.00","$326,203.00"
PM: Aspenware,Lesson Comment,243532607,86914758,1/10/2027,Steinberg,Lev,7,olson.emily@gmail.com,6123861172,PM | Ski | Children's Seasonal Program | 26/27 | Sunday | 7-12yrs | 10am,"Quillivant, symbicort, albuterol",NONE,NONE,"Asthma, ADHD",Emily Steinberg,6123861172,1.00,,$719.00,PM: Aspenware,"$296,659.00","$326,203.00"
PM: Aspenware,Ability Level,243532607,86914760,1/10/2027,Steinberg,Reuben,4,olson.emily@gmail.com,6123861172,PM | Ski | Children's Seasonal Program | 26/27 | Sunday | 4-6yrs | 10am,Albuterol,NONE,NONE,Asthma,Emily Steinberg,6123861172,1.00,Level 1,$719.00,PM: Aspenware,"$296,659.00","$326,203.00"
PM: Aspenware,Lesson Comment,243532607,86914760,1/10/2027,Steinberg,Reuben,4,olson.emily@gmail.com,6123861172,PM | Ski | Children's Seasonal Program | 26/27 | Sunday | 4-6yrs | 10am,Albuterol,NONE,NONE,Asthma,Emily Steinberg,6123861172,1.00,,$719.00,PM: Aspenware,"$296,659.00","$326,203.00"
PM: Aspenware,Ability Level,243923100,87003156,1/10/2027,Doyon,John,4,samantha.peczka@gmail.com,4132448842,PM | Ski | Children's Seasonal Program | 26/27 | Sunday | 4-6yrs | 1pm,NONE,NONE,NONE,NONE,Samantha Doyon,4132448842,1.00,Level 1,$719.00,PM: Aspenware,"$296,659.00","$326,203.00"
PM: Aspenware,Lesson Comment,243923100,87003156,1/10/2027,Doyon,John,4,samantha.peczka@gmail.com,4132448842,PM | Ski | Children's Seasonal Program | 26/27 | Sunday | 4-6yrs | 1pm,NONE,NONE,NONE,NONE,Samantha Doyon,4132448842,1.00,,$719.00,PM: Aspenware,"$296,659.00","$326,203.00"
PM: Aspenware,Ability Level,243599817,86930390,1/10/2027,Randall,Reese,4,krista.demario@gmail.com,2076028488,PM | Ski | Children's Seasonal Program | 26/27 | Sunday | 4-6yrs | 10am,NONE,NONE,NONE,NONE,Krista Randall,2076028488,1.00,Level 1,$719.00,PM: Aspenware,"$296,659.00","$326,203.00"
PM: Aspenware,Lesson Comment,243599817,86930390,1/10/2027,Randall,Reese,4,krista.demario@gmail.com,2076028488,PM | Ski | Children's Seasonal Program | 26/27 | Sunday | 4-6yrs | 10am,NONE,NONE,NONE,NONE,Krista Randall,2076028488,1.00,,$719.00,PM: Aspenware,"$296,659.00","$326,203.00"
PM: Aspenware,Ability Level,243620238,86934645,1/10/2027,Condrey,Mae,4,kaliedunn@gmail.com,2076537130,PM | Ski | Children's Seasonal Program | 26/27 | Sunday | 4-6yrs | 10am,NONE,NONE,NONE,NONE,Kalie Dunn,2076537130,1.00,Level 2,$719.00,PM: Aspenware,"$296,659.00","$326,203.00"
PM: Aspenware,Lesson Comment,243620238,86934645,1/10/2027,Condrey,Mae,4,kaliedunn@gmail.com,2076537130,PM | Ski | Children's Seasonal Program | 26/27 | Sunday | 4-6yrs | 10am,NONE,NONE,NONE,NONE,Kalie Dunn,2076537130,1.00,,$719.00,PM: Aspenware,"$296,659.00","$326,203.00"
PM: Aspenware,Ability Level,243776963,86971732,1/10/2027,Gancsos,Juniper,7,emma.raynes@gmail.com,6175154397,PM | Ski | Children's Seasonal Program | 26/27 | Sunday | 7-12yrs | 10am,NONE,NONE,NONE,NONE,Emma Raynes,6175154397,1.00,Level 2,$719.00,PM: Aspenware,"$296,659.00","$326,203.00"
PM: Aspenware,Lesson Comment,243776963,86971732,1/10/2027,Gancsos,Juniper,7,emma.raynes@gmail.com,6175154397,PM | Ski | Children's Seasonal Program | 26/27 | Sunday | 7-12yrs | 10am,NONE,NONE,NONE,NONE,Emma Raynes,6175154397,1.00,,$719.00,PM: Aspenware,"$296,659.00","$326,203.00"
PM: Aspenware,Ability Level,244163155,87021720,1/10/2027,Zubrow,Riley,10,kristinjaundrill@gmail.com,2035001345,PM | Ski | Children's Seasonal Program | 26/27 | Sunday | 7-12yrs | 10am,NONE,NONE,NONE,NONE,Kristin Zubrow,2035001345,1.00,Level 5,$719.00,PM: Aspenware,"$296,659.00","$326,203.00"
PM: Aspenware,Lesson Comment,244163155,87021720,1/10/2027,Zubrow,Riley,10,kristinjaundrill@gmail.com,2035001345,PM | Ski | Children's Seasonal Program | 26/27 | Sunday | 7-12yrs | 10am,NONE,NONE,NONE,NONE,Kristin Zubrow,2035001345,1.00,,$719.00,PM: Aspenware,"$296,659.00","$326,203.00"
PM: Aspenware,Ability Level,244163155,87021721,1/10/2027,Zubrow,Ellie,7,kristinjaundrill@gmail.com,2035001345,PM | Ski | Children's Seasonal Program | 26/27 | Sunday | 7-12yrs | 10am,NONE,NONE,NONE,NONE,Kristin Zubrow,2035001345,1.00,Level 5,$719.00,PM: Aspenware,"$296,659.00","$326,203.00"
PM: Aspenware,Lesson Comment,244163155,87021721,1/10/2027,Zubrow,Ellie,7,kristinjaundrill@gmail.com,2035001345,PM | Ski | Children's Seasonal Program | 26/27 | Sunday | 7-12yrs | 10am,NONE,NONE,NONE,NONE,Kristin Zubrow,2035001345,1.00,,$719.00,PM: Aspenware,"$296,659.00","$326,203.00"
PM: Aspenware,Ability Level,244137301,87020861,1/10/2027,Markham,Michaela,6,doherty.meghan@gmail.com,6177594375,PM | Ski | Children's Seasonal Program | 26/27 | Sunday | 4-6yrs | Full Day,NONE,NONE,NONE,NONE,Meghan Doherty,6177594375,1.00,Level 1,$959.00,PM: Aspenware,"$296,659.00","$326,203.00"
PM: Aspenware,Lesson Comment,244137301,87020861,1/10/2027,Markham,Michaela,6,doherty.meghan@gmail.com,6177594375,PM | Ski | Children's Seasonal Program | 26/27 | Sunday | 4-6yrs | Full Day,NONE,NONE,NONE,NONE,Meghan Doherty,6177594375,1.00,,$959.00,PM: Aspenware,"$296,659.00","$326,203.00"
PM: Aspenware,Ability Level,244137301,87020860,1/10/2027,Markham,Jesse,8,doherty.meghan@gmail.com,6177594375,PM | Ski | Children's Seasonal Program | 26/27 | Sunday | 7-12yrs | Full Day,NONE,NONE,NONE,NONE,Meghan Doherty,6177594375,1.00,Level 2,$959.00,PM: Aspenware,"$296,659.00","$326,203.00"
PM: Aspenware,Lesson Comment,244137301,87020860,1/10/2027,Markham,Jesse,8,doherty.meghan@gmail.com,6177594375,PM | Ski | Children's Seasonal Program | 26/27 | Sunday | 7-12yrs | Full Day,NONE,NONE,NONE,NONE,Meghan Doherty,6177594375,1.00,,$959.00,PM: Aspenware,"$296,659.00","$326,203.00"
PM: Aspenware,Ability Level,244345588,87043167,1/10/2027,Haimes,Josie,8,essiehaimes@gmail.com,6463271180,PM | Ski | Children's Seasonal Program | 26/27 | Sunday | 7-12yrs | 10am,NONE,NONE,NONE,Please group with Charlie Golden,Essie Haimes,6463271180,1.00,Level 2,$779.00,PM: Aspenware,"$296,659.00","$326,203.00"
PM: Aspenware,Lesson Comment,244345588,87043167,1/10/2027,Haimes,Josie,8,essiehaimes@gmail.com,6463271180,PM | Ski | Children's Seasonal Program | 26/27 | Sunday | 7-12yrs | 10am,NONE,NONE,NONE,Please group with Charlie Golden,Essie Haimes,6463271180,1.00,,$779.00,PM: Aspenware,"$296,659.00","$326,203.00"
PM: Aspenware,Ability Level,244609341,87160338,1/10/2027,Block,Birdie,6,seeteabee@gmail.com,7819102701,PM | Ski | Children's Seasonal Program | 26/27 | Sunday | 4-6yrs | Full Day,NONE,NONE,NONE,NONE,Colin Block,7819102701,1.00,Level 2,$999.00,PM: Aspenware,"$296,659.00","$326,203.00"
PM: Aspenware,Lesson Comment,244609341,87160338,1/10/2027,Block,Birdie,6,seeteabee@gmail.com,7819102701,PM | Ski | Children's Seasonal Program | 26/27 | Sunday | 4-6yrs | Full Day,NONE,NONE,NONE,NONE,Colin Block,7819102701,1.00,,$999.00,PM: Aspenware,"$296,659.00","$326,203.00"
PM: Aspenware,Ability Level,244559913,87134390,1/16/2027,Jackso,Cooper,5,swcabot@gmail.com,5085050719,PM: Ski | Children's Group Lesson | Full Day 10:30am - 3:30pm | Lesson | 4-6yrs,NONE,NONE,NONE,NONE,Stephanie Jackson,5085050719,1.00,Level 1,$219.00,PM: Aspenware,"$296,659.00","$326,203.00"
PM: Aspenware,Lesson Comment,244559913,87134390,1/16/2027,Jackso,Cooper,5,swcabot@gmail.com,5085050719,PM: Ski | Children's Group Lesson | Full Day 10:30am - 3:30pm | Lesson | 4-6yrs,NONE,NONE,NONE,NONE,Stephanie Jackson,5085050719,1.00,,$219.00,PM: Aspenware,"$296,659.00","$326,203.00"
PM: Aspenware,Ability Level,244559913,87134393,1/16/2027,Jackson,Lily,6,swcabot@gmail.com,5085050719,PM: Ski | Children's Group Lesson | Full Day 10:30am - 3:30pm | Lesson | 4-6yrs,NONE,"Mangoes,
Chocolate, pistachios and cashews",NONE,NONE,Stephanie Jackson,5085050719,1.00,Level 3,$219.00,PM: Aspenware,"$296,659.00","$326,203.00"
PM: Aspenware,Lesson Comment,244559913,87134393,1/16/2027,Jackson,Lily,6,swcabot@gmail.com,5085050719,PM: Ski | Children's Group Lesson | Full Day 10:30am - 3:30pm | Lesson | 4-6yrs,NONE,"Mangoes,
Chocolate, pistachios and cashews",NONE,NONE,Stephanie Jackson,5085050719,1.00,,$219.00,PM: Aspenware,"$296,659.00","$326,203.00"
PM: Aspenware,Ability Level,244559913,87134391,1/16/2027,Jackson,Gideon,4,swcabot@gmail.com,5085050719,PM: Ski | Children's Group Lesson | Full Day 10:30am - 3:30pm | Lesson | 4-6yrs,NONE,NONE,NONE,NONE,Stephanie Jackson,5085050719,1.00,Level 1,$219.00,PM: Aspenware,"$296,659.00","$326,203.00"
PM: Aspenware,Lesson Comment,244559913,87134391,1/16/2027,Jackson,Gideon,4,swcabot@gmail.com,5085050719,PM: Ski | Children's Group Lesson | Full Day 10:30am - 3:30pm | Lesson | 4-6yrs,NONE,NONE,NONE,NONE,Stephanie Jackson,5085050719,1.00,,$219.00,PM: Aspenware,"$296,659.00","$326,203.00"
PM: Aspenware,Ability Level,244641048,85867704,2/5/2027,Dyer,Declan,3,caitlyn.butterfield@gmail.com,2073186166,PM | Ski | Children's Seasonal Program | 26/27 | 2-5yrs | Friday | Session 2,NONE,NONE,NONE,NONE,Caitlyn Dyer,2073186166,1.00,Level 3,$389.00,PM: Aspenware,"$296,659.00","$326,203.00"
PM: Aspenware,Lesson Comment,244641048,85867704,2/5/2027,Dyer,Declan,3,caitlyn.butterfield@gmail.com,2073186166,PM | Ski | Children's Seasonal Program | 26/27 | 2-5yrs | Friday | Session 2,NONE,NONE,NONE,NONE,Caitlyn Dyer,2073186166,1.00,,$389.00,PM: Aspenware,"$296,659.00","$326,203.00"
PM: Aspenware,Ability Level,244683365,87201765,2/5/2027,Schoen,Emilia,4,tylrschoen@gmail.com,2073177242,PM | Ski | Children's Seasonal Program | 26/27 | 2-5yrs | Friday | Session 2,NONE,NONE,NONE,NONE,Tyler Schoen,2073177242,1.00,Level 1,$389.00,PM: Aspenware,"$296,659.00","$326,203.00"
PM: Aspenware,Lesson Comment,244683365,87201765,2/5/2027,Schoen,Emilia,4,tylrschoen@gmail.com,2073177242,PM | Ski | Children's Seasonal Program | 26/27 | 2-5yrs | Friday | Session 2,NONE,NONE,NONE,NONE,Tyler Schoen,2073177242,1.00,,$389.00,PM: Aspenware,"$296,659.00","$326,203.00"
PM: Aspenware,Ability Level,244693818,79818340,2/16/2027,Dresser,MacKenzie,9,sethdresser@gmail.com,2072334935,PM: Ski | Adventure Camp | Feb | 7-12yrs,NONE,NONE,NONE,NONE,Seth Dresser,207-233-4935,1.00,Level 5,$579.00,PM: Aspenware,"$296,659.00","$326,203.00"
PM: Aspenware,Lesson Comment,244693818,79818340,2/16/2027,Dresser,MacKenzie,9,sethdresser@gmail.com,2072334935,PM: Ski | Adventure Camp | Feb | 7-12yrs,NONE,NONE,NONE,NONE,Seth Dresser,207-233-4935,1.00,,$579.00,PM: Aspenware,"$296,659.00","$326,203.00"
PM: Aspenware,Ability Level,244610288,85581959,2/16/2027,Parker,Arden,7,parkerpainting@hotmail.com,7819646677,PM: Ski | Adventure Camp | Feb | 7-12yrs,NONE,NONE,NONE,NONE,Nicholas Parker,7819646677,1.00,Level 5,$579.00,PM: Aspenware,"$296,659.00","$326,203.00"
PM: Aspenware,Lesson Comment,244610288,85581959,2/16/2027,Parker,Arden,7,parkerpainting@hotmail.com,7819646677,PM: Ski | Adventure Camp | Feb | 7-12yrs,NONE,NONE,NONE,NONE,Nicholas Parker,7819646677,1.00,,$579.00,PM: Aspenware,"$296,659.00","$326,203.00"
PM: Aspenware,Ability Level,244622662,85581958,2/16/2027,Parker,Riley,4,parkerpainting@hotmail.com,7819646677,PM: Ski | Adventure Camp | Feb | 4-6yrs,NONE,NONE,NONE,NONE,Nicholas Parker,7819646677,1.00,Level 3,$579.00,PM: Aspenware,"$296,659.00","$326,203.00"
PM: Aspenware,Lesson Comment,244622662,85581958,2/16/2027,Parker,Riley,4,parkerpainting@hotmail.com,7819646677,PM: Ski | Adventure Camp | Feb | 4-6yrs,NONE,NONE,NONE,NONE,Nicholas Parker,7819646677,1.00,,$579.00,PM: Aspenware,"$296,659.00","$326,203.00"
PM: Guest Services,Ability Level,244573834,86170390,1/8/2027,Hawkes,Fiona,3,perkinsellie95@gmail.com,2072298539,PM | SB | Children's Seasonal Program | 26/27 | 2-5yrs | Friday | Session 1,,,,,,,1.00,,$389.00,PM: Guest Services,"$29,544.00","$326,203.00"
PM: Guest Services,Lesson Comment,244573834,86170390,1/8/2027,Hawkes,Fiona,3,perkinsellie95@gmail.com,2072298539,PM | SB | Children's Seasonal Program | 26/27 | 2-5yrs | Friday | Session 1,,,,,,,1.00,,$389.00,PM: Guest Services,"$29,544.00","$326,203.00"
PM: Guest Services,Ability Level,244573834,86385038,1/8/2027,Hawkes,Vansen,2,perkinsellie95@gmail.com,2072298539,PM | SB | Children's Seasonal Program | 26/27 | 2-5yrs | Friday | Session 1,,,,,,,1.00,,$389.00,PM: Guest Services,"$29,544.00","$326,203.00"
PM: Guest Services,Lesson Comment,244573834,86385038,1/8/2027,Hawkes,Vansen,2,perkinsellie95@gmail.com,2072298539,PM | SB | Children's Seasonal Program | 26/27 | 2-5yrs | Friday | Session 1,,,,,,,1.00,,$389.00,PM: Guest Services,"$29,544.00","$326,203.00"
PM: Guest Services,Ability Level,243761816,83681327,1/9/2027,Rego,Emily,5,mmrego87@gmail.com,6037316842,PM | Ski | Children's Seasonal Program | 26/27 | Saturday | 4-6yrs | 10am,NONE,Oranges,NONE,NONE,Matthew Rego,6037316842,1.00,,$719.00,PM: Guest Services,"$29,544.00","$326,203.00"
PM: Guest Services,Lesson Comment,243761816,83681327,1/9/2027,Rego,Emily,5,mmrego87@gmail.com,6037316842,PM | Ski | Children's Seasonal Program | 26/27 | Saturday | 4-6yrs | 10am,NONE,Oranges,NONE,NONE,Matthew Rego,6037316842,1.00,level 4,$719.00,PM: Guest Services,"$29,544.00","$326,203.00"
PM: Guest Services,Ability Level,243761816,80743542,1/9/2027,Rego,Alison,8,mmrego87@gmail.com,6037316842,PM | Ski | Children's Seasonal Program | 26/27 | Saturday | 7-12yrs | 10am,NONE,Bananas,NONE,NONE,Meredith Rego,2076324112,1.00,,$719.00,PM: Guest Services,"$29,544.00","$326,203.00"
PM: Guest Services,Lesson Comment,243761816,80743542,1/9/2027,Rego,Alison,8,mmrego87@gmail.com,6037316842,PM | Ski | Children's Seasonal Program | 26/27 | Saturday | 7-12yrs | 10am,NONE,Bananas,NONE,NONE,Meredith Rego,2076324112,1.00,level 6,$719.00,PM: Guest Services,"$29,544.00","$326,203.00"
PM: Guest Services,Ability Level,243756726,84010558,1/9/2027,Ramirez Garganese,Nicolai,4,maineurologist@gmail.com,2072831602,PM | Ski | Children's Seasonal Program | 26/27 | Saturday | 4-6yrs | 10am,,,,,,,1.00,,$719.00,PM: Guest Services,"$29,544.00","$326,203.00"
PM: Guest Services,Lesson Comment,243756726,84010558,1/9/2027,Ramirez Garganese,Nicolai,4,maineurologist@gmail.com,2072831602,PM | Ski | Children's Seasonal Program | 26/27 | Saturday | 4-6yrs | 10am,,,,,,,1.00,,$719.00,PM: Guest Services,"$29,544.00","$326,203.00"
PM: Guest Services,Ability Level,243756726,84010553,1/9/2027,Ramirez Garganese,Zylea,8,maineurologist@gmail.com,2072831602,PM | Ski | Children's Seasonal Program | 26/27 | Saturday | 7-12yrs | 10am,NONE,NONE,NONE,NONE,Michelle Ramirez,20789561702,1.00,,$719.00,PM: Guest Services,"$29,544.00","$326,203.00"
PM: Guest Services,Lesson Comment,243756726,84010553,1/9/2027,Ramirez Garganese,Zylea,8,maineurologist@gmail.com,2072831602,PM | Ski | Children's Seasonal Program | 26/27 | Saturday | 7-12yrs | 10am,NONE,NONE,NONE,NONE,Michelle Ramirez,20789561702,1.00,,$719.00,PM: Guest Services,"$29,544.00","$326,203.00"
PM: Guest Services,Ability Level,243625046,85466672,1/9/2027,Piper,James,4,isabel.chapin.mcdonald@gmail.com,9179404591,PM | Ski | Children's Seasonal Program | 26/27 | Saturday | 4-6yrs | Full Day,,,,,,,1.00,,$959.00,PM: Guest Services,"$29,544.00","$326,203.00"
PM: Guest Services,Lesson Comment,243625046,85466672,1/9/2027,Piper,James,4,isabel.chapin.mcdonald@gmail.com,9179404591,PM | Ski | Children's Seasonal Program | 26/27 | Saturday | 4-6yrs | Full Day,,,,,,,1.00,level 3,$959.00,PM: Guest Services,"$29,544.00","$326,203.00"
PM: Guest Services,Ability Level,244328930,80571937,1/9/2027,Dibiase,Roman,7,sdibiase79@gmail.com,2074097552,PM | Ski | Children's Seasonal Program | 26/27 | Saturday | 7-12yrs | 10am,NONE,NONE,NONE,NONE,Shelley Dibiase,2074097552,1.00,,$779.00,PM: Guest Services,"$29,544.00","$326,203.00"
PM: Guest Services,Lesson Comment,244328930,80571937,1/9/2027,Dibiase,Roman,7,sdibiase79@gmail.com,2074097552,PM | Ski | Children's Seasonal Program | 26/27 | Saturday | 7-12yrs | 10am,NONE,NONE,NONE,NONE,Shelley Dibiase,2074097552,1.00,Level 3,$779.00,PM: Guest Services,"$29,544.00","$326,203.00"
PM: Guest Services,Ability Level,244616504,82082870,1/9/2027,Colacchio,Teddy,6,ncolacchio@gmail.com,8022335905,PM | Ski | Children's Seasonal Program | 26/27 | Saturday | 4-6yrs | Full Day,NONE,NONE,NONE,NONE,Nicholas Colacchio,8022335905,1.00,,$999.00,PM: Guest Services,"$29,544.00","$326,203.00"
PM: Guest Services,Lesson Comment,244616504,82082870,1/9/2027,Colacchio,Teddy,6,ncolacchio@gmail.com,8022335905,PM | Ski | Children's Seasonal Program | 26/27 | Saturday | 4-6yrs | Full Day,NONE,NONE,NONE,NONE,Nicholas Colacchio,8022335905,1.00,Level 2,$999.00,PM: Guest Services,"$29,544.00","$326,203.00"
PM: Guest Services,Ability Level,244616504,86575865,1/9/2027,Colacchio,Davis,4,ncolacchio@gmail.com,8022335905,PM | Ski | Children's Seasonal Program | 26/27 | Saturday | 4-6yrs | Full Day,NONE,NONE,NONE,NONE,Nicholas Colacchio,8022335905,1.00,,$999.00,PM: Guest Services,"$29,544.00","$326,203.00"
PM: Guest Services,Lesson Comment,244616504,86575865,1/9/2027,Colacchio,Davis,4,ncolacchio@gmail.com,8022335905,PM | Ski | Children's Seasonal Program | 26/27 | Saturday | 4-6yrs | Full Day,NONE,NONE,NONE,NONE,Nicholas Colacchio,8022335905,1.00,Level 1,$999.00,PM: Guest Services,"$29,544.00","$326,203.00"
PM: Guest Services,Ability Level,243787846,84051780,1/9/2027,Fronczke,William,4,fronczkem@gmail.com,6303470330,PM | Ski | Children's Seasonal Program | 26/27 | Saturday | 4-6yrs | Full Day,,,,,,,1.00,,$959.00,PM: Guest Services,"$29,544.00","$326,203.00"
PM: Guest Services,Lesson Comment,243787846,84051780,1/9/2027,Fronczke,William,4,fronczkem@gmail.com,6303470330,PM | Ski | Children's Seasonal Program | 26/27 | Saturday | 4-6yrs | Full Day,,,,,,,1.00,,$959.00,PM: Guest Services,"$29,544.00","$326,203.00"
PM: Guest Services,Ability Level,244616527,80484891,1/9/2027,Fellers,Josephine,6,mefellers@gmail.com,5033082941,PM | Ski | Children's Seasonal Program | 26/27 | Saturday | 4-6yrs | Full Day,Amoxicillin,NONE,NONE,NONE,Mary-Beth Fellers,5033082941,1.00,,$999.00,PM: Guest Services,"$29,544.00","$326,203.00"
PM: Guest Services,Lesson Comment,244616527,80484891,1/9/2027,Fellers,Josephine,6,mefellers@gmail.com,5033082941,PM | Ski | Children's Seasonal Program | 26/27 | Saturday | 4-6yrs | Full Day,Amoxicillin,NONE,NONE,NONE,Mary-Beth Fellers,5033082941,1.00,Level 4,$999.00,PM: Guest Services,"$29,544.00","$326,203.00"
PM: Guest Services,Ability Level,244616527,78113943,1/9/2027,Fellers,August,9,mefellers@gmail.com,5033082941,PM | Ski | Children's Seasonal Program | 26/27 | Saturday | 7-12yrs | Full Day,NONE,NONE,NONE,NONE,Mary-Beth Fellers,5033082941,1.00,,$999.00,PM: Guest Services,"$29,544.00","$326,203.00"
PM: Guest Services,Lesson Comment,244616527,78113943,1/9/2027,Fellers,August,9,mefellers@gmail.com,5033082941,PM | Ski | Children's Seasonal Program | 26/27 | Saturday | 7-12yrs | Full Day,NONE,NONE,NONE,NONE,Mary-Beth Fellers,5033082941,1.00,Level 5,$999.00,PM: Guest Services,"$29,544.00","$326,203.00"
PM: Guest Services,Ability Level,244614465,82929758,1/9/2027,Walkwitz,Blake,6,walkwitz66@me.com,2078373000,PM | Ski | Children's Seasonal Program | 26/27 | Saturday | 4-6yrs | Full Day,NONE,NONE,NONE,NONE,Scott Walkwitz,12078373000,1.00,,$999.00,PM: Guest Services,"$29,544.00","$326,203.00"
PM: Guest Services,Lesson Comment,244614465,82929758,1/9/2027,Walkwitz,Blake,6,walkwitz66@me.com,2078373000,PM | Ski | Children's Seasonal Program | 26/27 | Saturday | 4-6yrs | Full Day,NONE,NONE,NONE,NONE,Scott Walkwitz,12078373000,1.00,Level 4,$999.00,PM: Guest Services,"$29,544.00","$326,203.00"
PM: Guest Services,Ability Level,243569272,84675590,1/9/2027,Gill,Sophia,8,rupindersean@gmail.com,2073170873,PM | Ski | Children's Seasonal Program | 26/27 | Saturday | 7-12yrs | Full Day,NONE,NONE,NONE,NONE,Rupinder Gill,12073170873,1.00,,$959.00,PM: Guest Services,"$29,544.00","$326,203.00"
PM: Guest Services,Lesson Comment,243569272,84675590,1/9/2027,Gill,Sophia,8,rupindersean@gmail.com,2073170873,PM | Ski | Children's Seasonal Program | 26/27 | Saturday | 7-12yrs | Full Day,NONE,NONE,NONE,NONE,Rupinder Gill,12073170873,1.00,Level 3,$959.00,PM: Guest Services,"$29,544.00","$326,203.00"
PM: Guest Services,Ability Level,243569272,84675585,1/9/2027,Gill,Amelia,8,rupindersean@gmail.com,2073170873,PM | Ski | Children's Seasonal Program | 26/27 | Saturday | 7-12yrs | Full Day,NONE,NONE,NONE,NONE,Rupinder Gill,12073170873,1.00,,$959.00,PM: Guest Services,"$29,544.00","$326,203.00"
PM: Guest Services,Lesson Comment,243569272,84675585,1/9/2027,Gill,Amelia,8,rupindersean@gmail.com,2073170873,PM | Ski | Children's Seasonal Program | 26/27 | Saturday | 7-12yrs | Full Day,NONE,NONE,NONE,NONE,Rupinder Gill,12073170873,1.00,Level 4,$959.00,PM: Guest Services,"$29,544.00","$326,203.00"
PM: Guest Services,Ability Level,244676942,83462052,1/9/2027,Stanton,Lucca,8,Paulafayme@gmail.com,2073188328,PM | Ski | Children's Seasonal Program | 26/27 | Saturday | 7-12yrs | 10am,NONE,NONE,NONE,NONE,Paula Stanton,12073188328,1.00,,$779.00,PM: Guest Services,"$29,544.00","$326,203.00"
PM: Guest Services,Lesson Comment,244676942,83462052,1/9/2027,Stanton,Lucca,8,Paulafayme@gmail.com,2073188328,PM | Ski | Children's Seasonal Program | 26/27 | Saturday | 7-12yrs | 10am,NONE,NONE,NONE,NONE,Paula Stanton,12073188328,1.00,Level 6,$779.00,PM: Guest Services,"$29,544.00","$326,203.00"
PM: Guest Services,Ability Level,243575776,83911223,1/9/2027,Kimball,Easton,10,jmw.kimball@gmail.com,12072518872,PM | Ski | Children's Seasonal Program | 26/27 | Saturday | 11-13yrs | 9am,NONE,NONE,NONE,NONE,Jessica Kimball,12072518872,1.00,,$799.00,PM: Guest Services,"$29,544.00","$326,203.00"
PM: Guest Services,Lesson Comment,243575776,83911223,1/9/2027,Kimball,Easton,10,jmw.kimball@gmail.com,12072518872,PM | Ski | Children's Seasonal Program | 26/27 | Saturday | 11-13yrs | 9am,NONE,NONE,NONE,NONE,Jessica Kimball,12072518872,1.00,,$799.00,PM: Guest Services,"$29,544.00","$326,203.00"
PM: Guest Services,Ability Level,243575776,83911230,1/9/2027,Kimball,Cora,6,jmw.kimball@gmail.com,12072518872,PM | Ski | Children's Seasonal Program | 26/27 | Saturday | 4-6yrs | 10am,NONE,NONE,NONE,NONE,Jessica Kimball,12072518872,1.00,,$719.00,PM: Guest Services,"$29,544.00","$326,203.00"
PM: Guest Services,Lesson Comment,243575776,83911230,1/9/2027,Kimball,Cora,6,jmw.kimball@gmail.com,12072518872,PM | Ski | Children's Seasonal Program | 26/27 | Saturday | 4-6yrs | 10am,NONE,NONE,NONE,NONE,Jessica Kimball,12072518872,1.00,Level 5,$719.00,PM: Guest Services,"$29,544.00","$326,203.00"
PM: Guest Services,Ability Level,244369859,79413724,1/10/2027,Ryan,Nova,6,br@alpinesolns.com,2039155760,PM | Ski | Children's Seasonal Program | 26/27 | Sunday | 4-6yrs | Full Day,NONE,NONE,NONE,Red 1074 Anna 3/13/23,BRENDAN RYAN,2039155760,1.00,,$499.50,PM: Guest Services,"$29,544.00","$326,203.00"
PM: Guest Services,Lesson Comment,244369859,79413724,1/10/2027,Ryan,Nova,6,br@alpinesolns.com,2039155760,PM | Ski | Children's Seasonal Program | 26/27 | Sunday | 4-6yrs | Full Day,NONE,NONE,NONE,Red 1074 Anna 3/13/23,BRENDAN RYAN,2039155760,1.00,,$499.50,PM: Guest Services,"$29,544.00","$326,203.00"
PM: Guest Services,Ability Level,244369859,79413720,1/10/2027,Ryan,Parker,8,brendan.ryan@boyneresorts.com,2039155760,PM | Ski | Children's Seasonal Program | 26/27 | Sunday | 7-12yrs | Full Day,None,None,None,Green 1178 Lane/Nikki 3/13/23,Stephanie Ryan,802-681-8410,1.00,,$499.50,PM: Guest Services,"$29,544.00","$326,203.00"
PM: Guest Services,Lesson Comment,244369859,79413720,1/10/2027,Ryan,Parker,8,brendan.ryan@boyneresorts.com,2039155760,PM | Ski | Children's Seasonal Program | 26/27 | Sunday | 7-12yrs | Full Day,None,None,None,Green 1178 Lane/Nikki 3/13/23,Stephanie Ryan,802-681-8410,1.00,,$499.50,PM: Guest Services,"$29,544.00","$326,203.00"
PM: Guest Services,Ability Level,244251218,87026682,1/10/2027,Mills,Charlotte,4,laurenblair7@gmail.com,6034969498,PM | Ski | Children's Seasonal Program | 26/27 | Sunday | 4-6yrs | 10am,NONE,NONE,NONE,NONE,LAUREN BLAIR,6034969498,1.00,,$719.00,PM: Guest Services,"$29,544.00","$326,203.00"
PM: Guest Services,Lesson Comment,244251218,87026682,1/10/2027,Mills,Charlotte,4,laurenblair7@gmail.com,6034969498,PM | Ski | Children's Seasonal Program | 26/27 | Sunday | 4-6yrs | 10am,NONE,NONE,NONE,NONE,LAUREN BLAIR,6034969498,1.00,,$719.00,PM: Guest Services,"$29,544.00","$326,203.00"
PM: Guest Services,Ability Level,244247312,87028534,1/10/2027,Quinn,Ebba,5,squinn134@gmail.com,2076507321,PM | Ski | Children's Seasonal Program | 26/27 | Sunday | 4-6yrs | 1pm,NONE,NONE,NONE,NONE,Stanley Quinn,2076507321,1.00,,$719.00,PM: Guest Services,"$29,544.00","$326,203.00"
PM: Guest Services,Lesson Comment,244247312,87028534,1/10/2027,Quinn,Ebba,5,squinn134@gmail.com,2076507321,PM | Ski | Children's Seasonal Program | 26/27 | Sunday | 4-6yrs | 1pm,NONE,NONE,NONE,NONE,Stanley Quinn,2076507321,1.00,1,$719.00,PM: Guest Services,"$29,544.00","$326,203.00"
PM: Guest Services,Ability Level,244247312,86917160,1/10/2027,Quinn,Leo,10,squinn134@gmail.com,2076507321,PM | Ski | Children's Seasonal Program | 26/27 | Sunday | 7-12yrs | 1pm,none,none,none,none,Stanley Quinn,2076507321,1.00,,$719.00,PM: Guest Services,"$29,544.00","$326,203.00"
PM: Guest Services,Lesson Comment,244247312,86917160,1/10/2027,Quinn,Leo,10,squinn134@gmail.com,2076507321,PM | Ski | Children's Seasonal Program | 26/27 | Sunday | 7-12yrs | 1pm,none,none,none,none,Stanley Quinn,2076507321,1.00,1,$719.00,PM: Guest Services,"$29,544.00","$326,203.00"
PM: Guest Services,Ability Level,244247312,86917171,1/10/2027,Quinn,Remy,8,squinn134@gmail.com,2076507321,PM | Ski | Children's Seasonal Program | 26/27 | Sunday | 7-12yrs | 1pm,none,none,none,none,Stanley Quinn,2076507321,1.00,,$719.00,PM: Guest Services,"$29,544.00","$326,203.00"
PM: Guest Services,Lesson Comment,244247312,86917171,1/10/2027,Quinn,Remy,8,squinn134@gmail.com,2076507321,PM | Ski | Children's Seasonal Program | 26/27 | Sunday | 7-12yrs | 1pm,none,none,none,none,Stanley Quinn,2076507321,1.00,1,$719.00,PM: Guest Services,"$29,544.00","$326,203.00"
PM: Guest Services,Ability Level,243519721,83626360,1/10/2027,Atwood,Vivian,3,mae.ogorzaly@gmail.com,5129717607,PM | Ski | Children's Seasonal Program | 26/27 | Sunday | 4-6yrs | 10am,NONE,Gluten,NONE,NONE,Mae Ogorzaly,5129717607,1.00,,$719.00,PM: Guest Services,"$29,544.00","$326,203.00"
PM: Guest Services,Lesson Comment,243519721,83626360,1/10/2027,Atwood,Vivian,3,mae.ogorzaly@gmail.com,5129717607,PM | Ski | Children's Seasonal Program | 26/27 | Sunday | 4-6yrs | 10am,NONE,Gluten,NONE,NONE,Mae Ogorzaly,5129717607,1.00,level 2,$719.00,PM: Guest Services,"$29,544.00","$326,203.00"
PM: Guest Services,Ability Level,244326020,82536664,1/10/2027,Wesolowski,Casimir,6,mwesolowski@gmail.com,4132651710,PM | Ski | Children's Seasonal Program | 26/27 | Sunday | 4-6yrs | 10am,NONE,NONE,NONE,NONE,Marty Wesolowski,4132651710,1.00,,$719.00,PM: Guest Services,"$29,544.00","$326,203.00"
PM: Guest Services,Lesson Comment,244326020,82536664,1/10/2027,Wesolowski,Casimir,6,mwesolowski@gmail.com,4132651710,PM | Ski | Children's Seasonal Program | 26/27 | Sunday | 4-6yrs | 10am,NONE,NONE,NONE,NONE,Marty Wesolowski,4132651710,1.00,Level 3,$719.00,PM: Guest Services,"$29,544.00","$326,203.00"
PM: Guest Services,Ability Level,244219229,84052337,1/10/2027,Botler,Calvin,5,tim.botler@gmail.com,12077127589,PM | Ski | Children's Seasonal Program | 26/27 | Sunday | 4-6yrs | Full Day,NONE,NONE,NONE,NONE,Tim Botler,2077127589,1.00,,$959.00,PM: Guest Services,"$29,544.00","$326,203.00"
PM: Guest Services,Lesson Comment,244219229,84052337,1/10/2027,Botler,Calvin,5,tim.botler@gmail.com,12077127589,PM | Ski | Children's Seasonal Program | 26/27 | Sunday | 4-6yrs | Full Day,NONE,NONE,NONE,NONE,Tim Botler,2077127589,1.00,Level 3,$959.00,PM: Guest Services,"$29,544.00","$326,203.00"
PM: Guest Services,Ability Level,244219229,82903590,1/10/2027,Botler,Theo,7,tim.botler@gmail.com,12077127589,PM | Ski | Children's Seasonal Program | 26/27 | Sunday | 7-12yrs | Full Day,NONE,NONE but picky,NONE,NONE- fyi I entered level 4 but don’t remember exact skill levels. He can load a chairlift and ski independently.,Tim Botler,2077127589,1.00,,$959.00,PM: Guest Services,"$29,544.00","$326,203.00"
PM: Guest Services,Lesson Comment,244219229,82903590,1/10/2027,Botler,Theo,7,tim.botler@gmail.com,12077127589,PM | Ski | Children's Seasonal Program | 26/27 | Sunday | 7-12yrs | Full Day,NONE,NONE but picky,NONE,NONE- fyi I entered level 4 but don’t remember exact skill levels. He can load a chairlift and ski independently.,Tim Botler,2077127589,1.00,Level 4,$959.00,PM: Guest Services,"$29,544.00","$326,203.00"
PM: Guest Services,Ability Level,243598589,83880197,1/10/2027,Cox,Isla,11,heathersmacneil@gmail.com,7817892503,PM | Ski | Children's Seasonal Program | 26/27 | Sunday | 7-12yrs | Full Day,NONE,NONE,NONE,NONE,Heather Macneil,7817892503,1.00,,$959.00,PM: Guest Services,"$29,544.00","$326,203.00"
PM: Guest Services,Lesson Comment,243598589,83880197,1/10/2027,Cox,Isla,11,heathersmacneil@gmail.com,7817892503,PM | Ski | Children's Seasonal Program | 26/27 | Sunday | 7-12yrs | Full Day,NONE,NONE,NONE,NONE,Heather Macneil,7817892503,1.00,,$959.00,PM: Guest Services,"$29,544.00","$326,203.00"
PM: Guest Services,Ability Level,243598589,83880199,1/10/2027,Cox,Maisy,8,heathersmacneil@gmail.com,7817892503,PM | Ski | Children's Seasonal Program | 26/27 | Sunday | 7-12yrs | Full Day,NONE,NONE,NONE,NONE,Heather Macneil,7817892503,1.00,,$959.00,PM: Guest Services,"$29,544.00","$326,203.00"
PM: Guest Services,Lesson Comment,243598589,83880199,1/10/2027,Cox,Maisy,8,heathersmacneil@gmail.com,7817892503,PM | Ski | Children's Seasonal Program | 26/27 | Sunday | 7-12yrs | Full Day,NONE,NONE,NONE,NONE,Heather Macneil,7817892503,1.00,,$959.00,PM: Guest Services,"$29,544.00","$326,203.00"
PM: Guest Services,Ability Level,243517706,85161574,1/10/2027,Wallach,Emmylou,6,kathleen.e.wallach@gmail.com,2072866120,PM | Ski | Children's Seasonal Program | 26/27 | Sunday | 4-6yrs | 10am,NONE,NONE,NONE,NONE,Kathleen Wallach,2072866120,1.00,,$719.00,PM: Guest Services,"$29,544.00","$326,203.00"
PM: Guest Services,Lesson Comment,243517706,85161574,1/10/2027,Wallach,Emmylou,6,kathleen.e.wallach@gmail.com,2072866120,PM | Ski | Children's Seasonal Program | 26/27 | Sunday | 4-6yrs | 10am,NONE,NONE,NONE,NONE,Kathleen Wallach,2072866120,1.00,Level 2,$719.00,PM: Guest Services,"$29,544.00","$326,203.00"
PM: Guest Services,Ability Level,243517706,85161576,1/10/2027,Wallach,Charlie,4,kathleen.e.wallach@gmail.com,2072866120,PM | Ski | Children's Seasonal Program | 26/27 | Sunday | 4-6yrs | 10am,NONE,NONE,NONE,NONE,Kathleen Wallach,2072866120,1.00,,$719.00,PM: Guest Services,"$29,544.00","$326,203.00"
PM: Guest Services,Lesson Comment,243517706,85161576,1/10/2027,Wallach,Charlie,4,kathleen.e.wallach@gmail.com,2072866120,PM | Ski | Children's Seasonal Program | 26/27 | Sunday | 4-6yrs | 10am,NONE,NONE,NONE,NONE,Kathleen Wallach,2072866120,1.00,Level 2,$719.00,PM: Guest Services,"$29,544.00","$326,203.00"
PM: Guest Services,Ability Level,243599337,85697576,1/10/2027,Griffin,Layla,8,,7813256060,PM | SB | Children's Seasonal Program | 26/27 | Sunday | 7-12yrs | 10am,,,,,,,1.00,,$719.00,PM: Guest Services,"$29,544.00","$326,203.00"
PM: Guest Services,Lesson Comment,243599337,85697576,1/10/2027,Griffin,Layla,8,,7813256060,PM | SB | Children's Seasonal Program | 26/27 | Sunday | 7-12yrs | 10am,,,,,,,1.00,,$719.00,PM: Guest Services,"$29,544.00","$326,203.00"
PM: Guest Services,Ability Level,243608750,86595718,1/10/2027,Quesada,Pondie,7,tonymiga2@gmail.com,4155093882,PM | Ski | Children's Seasonal Program | 26/27 | Sunday | 7-12yrs | Full Day,NONE,NONE,NONE,NONE,Anthony Quesada,4155093882,1.00,,$959.00,PM: Guest Services,"$29,544.00","$326,203.00"
PM: Guest Services,Lesson Comment,243608750,86595718,1/10/2027,Quesada,Pondie,7,tonymiga2@gmail.com,4155093882,PM | Ski | Children's Seasonal Program | 26/27 | Sunday | 7-12yrs | Full Day,NONE,NONE,NONE,NONE,Anthony Quesada,4155093882,1.00,,$959.00,PM: Guest Services,"$29,544.00","$326,203.00"
PM: Guest Services,Ability Level,243747021,86942444,1/10/2027,Aicher,Amelie,5,sarahkatechamp@gmail.com,2077104807,PM | Ski | Children's Seasonal Program | 26/27 | Sunday | 4-6yrs | 10am,NONE,NONE,NONE,NONE,Sarah Champion,2077104807,1.00,,$719.00,PM: Guest Services,"$29,544.00","$326,203.00"
PM: Guest Services,Lesson Comment,243747021,86942444,1/10/2027,Aicher,Amelie,5,sarahkatechamp@gmail.com,2077104807,PM | Ski | Children's Seasonal Program | 26/27 | Sunday | 4-6yrs | 10am,NONE,NONE,NONE,NONE,Sarah Champion,2077104807,1.00,,$719.00,PM: Guest Services,"$29,544.00","$326,203.00"
PM: Guest Services,Ability Level,244616546,87160337,1/10/2027,Block,Ellis,8,seeteabee@gmail.com,7819102701,PM | Ski | Children's Seasonal Program | 26/27 | Sunday | 7-12yrs | Full Day,Albuterol,NONE,NONE,NONE,Colin Block,7819102701,1.00,,$999.00,PM: Guest Services,"$29,544.00","$326,203.00"
PM: Guest Services,Lesson Comment,244616546,87160337,1/10/2027,Block,Ellis,8,seeteabee@gmail.com,7819102701,PM | Ski | Children's Seasonal Program | 26/27 | Sunday | 7-12yrs | Full Day,Albuterol,NONE,NONE,NONE,Colin Block,7819102701,1.00,Level 4,$999.00,PM: Guest Services,"$29,544.00","$326,203.00"

