HeaderRowA0,textbox3,textbox14,textbox6,Textbox20,HeaderRowA1,HeaderRowA2,HeaderRowA3,HeaderRowA4,HeaderRowA5,HeaderRowA6,DetailRowC0,CustomerName,textbox15,textbox7,PhoneNumber,LineCustomerName,Textbox21,DetailRowC1,DetailRowC2,DetailRowC3,DetailRowC4,DetailRowC5,DetailRowC6,FooterRowA0,FooterRowA3,FooterRowA5
Customer IP,Customer Name,Address,EMail,Age,Sale / Order Date,Product Date,Qty,Product,Net Amount,Transaction Type / Reservation Status,83806040,"Shinay, Jonathan","62 Peaceful Way Cumberland Center, ME 04021",JonShinay@hotmail.com,2072323613,"Shinay, Alexander",6,3/12/2026,1/10/2027,1,PM | Ski | Children's Seasonal Program | 26/27 | Sunday | 4-6yrs | 10am,$719.00,Type:Sale; Status:Open,Report Total,454,"$354,797.00"
Customer IP,Customer Name,Address,EMail,Age,Sale / Order Date,Product Date,Qty,Product,Net Amount,Transaction Type / Reservation Status,83806040,"Shinay, Jonathan","62 Peaceful Way Cumberland Center, ME 04021",JonShinay@hotmail.com,2072323613,"Shinay, Benjamin",8,3/12/2026,1/10/2027,1,PM | Ski | Children's Seasonal Program | 26/27 | Sunday | 7-12yrs | 10am,$719.00,Type:Sale; Status:Open,Report Total,454,"$354,797.00"
Customer IP,Customer Name,Address,EMail,Age,Sale / Order Date,Product Date,Qty,Product,Net Amount,Transaction Type / Reservation Status,85848455,"Webster, Elizabeth","103 Seaborne Drive Yarmouth, ME 04096",ehgwebster@gmail.com,2072727229,"Webster, Oakes",6,3/12/2026,1/10/2027,1,PM | Ski | Children's Seasonal Program | 26/27 | Sunday | 4-6yrs | Full Day,$959.00,Type:Sale; Status:Open,Report Total,454,"$354,797.00"
Customer IP,Customer Name,Address,EMail,Age,Sale / Order Date,Product Date,Qty,Product,Net Amount,Transaction Type / Reservation Status,85848455,"Webster, Elizabeth","103 Seaborne Drive Yarmouth, ME 04096",ehgwebster@gmail.com,2072727229,"Webster, Sylvie",4,3/12/2026,1/10/2027,1,PM | Ski | Children's Seasonal Program | 26/27 | Sunday | 4-6yrs | Full Day,$959.00,Type:Sale; Status:Open,Report Total,454,"$354,797.00"
Customer IP,Customer Name,Address,EMail,Age,Sale / Order Date,Product Date,Qty,Product,Net Amount,Transaction Type / Reservation Status,82060238,"Day, Caitlin","276 Main st Cumberland Center, ME 04021",caitlin.prentice@gmail.com,2076539965,"Day, William",4,3/12/2026,1/10/2027,1,PM | Ski | Children's Seasonal Program | 26/27 | Sunday | 4-6yrs | 10am,$719.00,Type:Sale; Status:Open,Report Total,454,"$354,797.00"
Customer IP,Customer Name,Address,EMail,Age,Sale / Order Date,Product Date,Qty,Product,Net Amount,Transaction Type / Reservation Status,86910577,"Coffin, Melissa","2 Broad Cove Way Cumberland Foreside, ME 04110",mkaycoffin@gmail.com,7406241969,"Coffin, Zoe",6,3/12/2026,1/10/2027,1,PM | Ski | Children's Seasonal Program | 26/27 | Sunday | 4-6yrs | 10am,$719.00,Type:Sale; Status:Open,Report Total,454,"$354,797.00"
Customer IP,Customer Name,Address,EMail,Age,Sale / Order Date,Product Date,Qty,Product,Net Amount,Transaction Type / Reservation Status,86910577,"Coffin, Melissa","2 Broad Cove Way Cumberland Foreside, ME 04110",mkaycoffin@gmail.com,7406241969,"Coffin, Ezra",4,3/12/2026,1/10/2027,1,PM | Ski | Children's Seasonal Program | 26/27 | Sunday | 4-6yrs | 10am,$719.00,Type:Sale; Status:Open,Report Total,454,"$354,797.00"
Customer IP,Customer Name,Address,EMail,Age,Sale / Order Date,Product Date,Qty,Product,Net Amount,Transaction Type / Reservation Status,78195989,"Burns, Ben","50 Peaceful Way Cumberland Center, ME 04021",ben@qcmaine.com,14355034320,"Burns, Wilder",6,3/12/2026,1/10/2027,1,PM | Ski | Children's Seasonal Program | 26/27 | Sunday | 4-6yrs | 10am,$719.00,Type:Sale; Status:Open,Report Total,454,"$354,797.00"
Customer IP,Customer Name,Address,EMail,Age,Sale / Order Date,Product Date,Qty,Product,Net Amount,Transaction Type / Reservation Status,78195989,"Burns, Ben","50 Peaceful Way Cumberland Center, ME 04021",ben@qcmaine.com,14355034320,"Burns, Callum",4,3/12/2026,1/10/2027,1,PM | Ski | Children's Seasonal Program | 26/27 | Sunday | 4-6yrs | 10am,$719.00,Type:Sale; Status:Open,Report Total,454,"$354,797.00"
Customer IP,Customer Name,Address,EMail,Age,Sale / Order Date,Product Date,Qty,Product,Net Amount,Transaction Type / Reservation Status,78195989,"Burns, Ben","50 Peaceful Way Cumberland Center, ME 04021",ben@qcmaine.com,14355034320,"Burns, Maxwell",4,3/12/2026,1/10/2027,1,PM | Ski | Children's Seasonal Program | 26/27 | Sunday | 4-6yrs | 10am,$719.00,Type:Sale; Status:Open,Report Total,454,"$354,797.00"
Customer IP,Customer Name,Address,EMail,Age,Sale / Order Date,Product Date,Qty,Product,Net Amount,Transaction Type / Reservation Status,79019682,"Wiernek, Szymon","9 MacKenzie Lane Falmouth, ME 04105",swiernek@yahoo.com,2035399988,"Wiernek, Julia",6,3/12/2026,1/9/2027,1,PM | Ski | Children's Seasonal Program | 26/27 | Saturday | 7-12yrs | Full Day,$959.00,Type:Sale; Status:Open,Report Total,454,"$354,797.00"
Customer IP,Customer Name,Address,EMail,Age,Sale / Order Date,Product Date,Qty,Product,Net Amount,Transaction Type / Reservation Status,77986542,"COrbett, Sean","62 Hawthorne Dr Windham, ME 04062",Seanc8180@yahoo.com,2073182298,"Corbett, Cora",6,3/12/2026,1/10/2027,1,PM | Ski | Children's Seasonal Program | 26/27 | Sunday | 4-6yrs | 10am,$719.00,Type:Sale; Status:Open,Report Total,454,"$354,797.00"
Customer IP,Customer Name,Address,EMail,Age,Sale / Order Date,Product Date,Qty,Product,Net Amount,Transaction Type / Reservation Status,82495226,"Webber, Jenn","38 Glenview Rd Cumberland Center, ME 04021",tgwebber16@gmail.com,2072338460,"Webber, Ford",8,3/12/2026,1/10/2027,1,PM | Ski | Children's Seasonal Program | 26/27 | Sunday | 7-12yrs | Full Day,$959.00,Type:Sale; Status:Open,Report Total,454,"$354,797.00"
Customer IP,Customer Name,Address,EMail,Age,Sale / Order Date,Product Date,Qty,Product,Net Amount,Transaction Type / Reservation Status,82495226,"Webber, Jenn","38 Glenview Rd Cumberland Center, ME 04021",tgwebber16@gmail.com,2072338460,"Webber, Maely",7,3/12/2026,1/10/2027,1,PM | Ski | Children's Seasonal Program | 26/27 | Sunday | 7-12yrs | 10am,$719.00,Type:Sale; Status:Open,Report Total,454,"$354,797.00"
Customer IP,Customer Name,Address,EMail,Age,Sale / Order Date,Product Date,Qty,Product,Net Amount,Transaction Type / Reservation Status,84465786,"KilCommons, Kayla","14 Otis Lilley Drive Scarborough, ME 04074",kkilcommons@northernlight.org,17743161124,"KilCommons, Walker",4,3/12/2026,1/10/2027,1,PM | Ski | Children's Seasonal Program | 26/27 | Sunday | 4-6yrs | 10am,$719.00,Type:Sale; Status:Open,Report Total,454,"$354,797.00"
Customer IP,Customer Name,Address,EMail,Age,Sale / Order Date,Product Date,Qty,Product,Net Amount,Transaction Type / Reservation Status,84465786,"KilCommons, Kayla","14 Otis Lilley Drive Scarborough, ME 04074",kkilcommons@northernlight.org,17743161124,"KilCommons, Lauren",5,3/12/2026,1/10/2027,1,PM | Ski | Children's Seasonal Program | 26/27 | Sunday | 4-6yrs | 10am,$719.00,Type:Sale; Status:Open,Report Total,454,"$354,797.00"
Customer IP,Customer Name,Address,EMail,Age,Sale / Order Date,Product Date,Qty,Product,Net Amount,Transaction Type / Reservation Status,85079158,"Mediratta, Sophia","39 Shady Run Ln Cumberland Center, ME 04021",sophiahoesch@gmail.com,3606062803,"Mediratta, Amar",4,3/12/2026,1/10/2027,1,PM | Ski | Children's Seasonal Program | 26/27 | Sunday | 4-6yrs | 10am,$719.00,Type:Sale; Status:Open,Report Total,454,"$354,797.00"
Customer IP,Customer Name,Address,EMail,Age,Sale / Order Date,Product Date,Qty,Product,Net Amount,Transaction Type / Reservation Status,1507289,"DOUGLAS, JOSH","6 Evergreen Dr Falmouth, ME 04105",joshdouglasrentals@yahoo.com,2078075004,"Douglas, Kensie",6,3/12/2026,1/10/2027,1,PM | Ski | Children's Seasonal Program | 26/27 | Sunday | 4-6yrs | 10am,$719.00,Type:Sale; Status:Open,Report Total,454,"$354,797.00"
Customer IP,Customer Name,Address,EMail,Age,Sale / Order Date,Product Date,Qty,Product,Net Amount,Transaction Type / Reservation Status,79471195,"Anson, Haley","54 Hamblet Ave Portland, ME 04103",hayleyanson@gmail.com,2073129376,"Speyer, Lucy",6,3/12/2026,1/10/2027,1,PM | Ski | Children's Seasonal Program | 26/27 | Sunday | 4-6yrs | 10am,$719.00,Type:Sale; Status:Open,Report Total,454,"$354,797.00"
Customer IP,Customer Name,Address,EMail,Age,Sale / Order Date,Product Date,Qty,Product,Net Amount,Transaction Type / Reservation Status,79471195,"Anson, Haley","54 Hamblet Ave Portland, ME 04103",hayleyanson@gmail.com,2073129376,"Speyer, Annie",3,3/12/2026,1/10/2027,1,PM | Ski | Children's Seasonal Program | 26/27 | Sunday | 4-6yrs | 10am,$719.00,Type:Sale; Status:Open,Report Total,454,"$354,797.00"
Customer IP,Customer Name,Address,EMail,Age,Sale / Order Date,Product Date,Qty,Product,Net Amount,Transaction Type / Reservation Status,83420523,"Pierce, Kathryn","80 Highland St Portland, ME 04103",kathrynbelz@gmail.com,2075022312,"Pierce, Abigail",6,3/12/2026,1/10/2027,1,PM | Ski | Children's Seasonal Program | 26/27 | Sunday | 4-6yrs | 10am,$719.00,Type:Sale; Status:Open,Report Total,454,"$354,797.00"
Customer IP,Customer Name,Address,EMail,Age,Sale / Order Date,Product Date,Qty,Product,Net Amount,Transaction Type / Reservation Status,83420523,"Pierce, Kathryn","80 Highland St Portland, ME 04103",kathrynbelz@gmail.com,2075022312,"Pierce, Mae",4,3/12/2026,1/10/2027,1,PM | Ski | Children's Seasonal Program | 26/27 | Sunday | 4-6yrs | 10am,$719.00,Type:Sale; Status:Open,Report Total,454,"$354,797.00"
Customer IP,Customer Name,Address,EMail,Age,Sale / Order Date,Product Date,Qty,Product,Net Amount,Transaction Type / Reservation Status,83713902,"Saotome, Hiroki","115 Stewart Drive Scarborough, ME 04074",hfsaotome@gmail.com,19898599154,"Saotome, Kaira",5,3/12/2026,1/9/2027,1,PM | Ski | Children's Seasonal Program | 26/27 | Saturday | 4-6yrs | 1pm,$719.00,Type:Sale; Status:Open,Report Total,454,"$354,797.00"
Customer IP,Customer Name,Address,EMail,Age,Sale / Order Date,Product Date,Qty,Product,Net Amount,Transaction Type / Reservation Status,85695258,"Fox, Sandra","18 Kerryman Cir SCARBOROUGH, ME 04074",sandrajillfox@gmail.com,6178492813,"Fox, Violet",4,3/12/2026,1/9/2027,1,PM | Ski | Children's Seasonal Program | 26/27 | Saturday | 4-6yrs | 1pm,$719.00,Type:Sale; Status:Open,Report Total,454,"$354,797.00"
Customer IP,Customer Name,Address,EMail,Age,Sale / Order Date,Product Date,Qty,Product,Net Amount,Transaction Type / Reservation Status,85695258,"Fox, Sandra","18 Kerryman Cir SCARBOROUGH, ME 04074",sandrajillfox@gmail.com,6178492813,"Fox, Sienna",6,3/12/2026,1/9/2027,1,PM | Ski | Children's Seasonal Program | 26/27 | Saturday | 7-12yrs | 1pm,$719.00,Type:Sale; Status:Open,Report Total,454,"$354,797.00"
Customer IP,Customer Name,Address,EMail,Age,Sale / Order Date,Product Date,Qty,Product,Net Amount,Transaction Type / Reservation Status,77442361,"Lewis, Craig","29 Columbus Rd Portland, ME 04107",Lewis.craigk@gmail.com,2078071224,"Lewis, Thomas",3,3/12/2026,1/10/2027,1,PM | Ski | Children's Seasonal Program | 26/27 | Sunday | 4-6yrs | 1pm,$719.00,Type:Sale; Status:Open,Report Total,454,"$354,797.00"
Customer IP,Customer Name,Address,EMail,Age,Sale / Order Date,Product Date,Qty,Product,Net Amount,Transaction Type / Reservation Status,77442361,"Lewis, Craig","29 Columbus Rd Portland, ME 04107",Lewis.craigk@gmail.com,2078071224,"Lewis, Teddy",6,3/12/2026,1/10/2027,1,PM | Ski | Children's Seasonal Program | 26/27 | Sunday | 4-6yrs | 1pm,$719.00,Type:Sale; Status:Open,Report Total,454,"$354,797.00"
Customer IP,Customer Name,Address,EMail,Age,Sale / Order Date,Product Date,Qty,Product,Net Amount,Transaction Type / Reservation Status,85161555,"Wallach, Kathleen","408 West Elm Street Yarmouth, ME 04096",kathleen.e.wallach@gmail.com,2072866120,"Wallach, Emmylou",6,3/12/2026,1/10/2027,1,PM | Ski | Children's Seasonal Program | 26/27 | Sunday | 4-6yrs | 10am,$719.00,Type:Sale; Status:Open,Report Total,454,"$354,797.00"
Customer IP,Customer Name,Address,EMail,Age,Sale / Order Date,Product Date,Qty,Product,Net Amount,Transaction Type / Reservation Status,85161555,"Wallach, Kathleen","408 West Elm Street Yarmouth, ME 04096",kathleen.e.wallach@gmail.com,2072866120,"Wallach, Charlie",4,3/12/2026,1/10/2027,1,PM | Ski | Children's Seasonal Program | 26/27 | Sunday | 4-6yrs | 10am,$719.00,Type:Sale; Status:Open,Report Total,454,"$354,797.00"
Customer IP,Customer Name,Address,EMail,Age,Sale / Order Date,Product Date,Qty,Product,Net Amount,Transaction Type / Reservation Status,85192184,"Ghantous, Kat","7 Ryans Mdws Gorham, ME 04038",kbwood10@gmail.com,6123067092,"Ghantous, George",6,3/12/2026,1/10/2027,1,PM | Ski | Children's Seasonal Program | 26/27 | Sunday | 7-12yrs | 1pm,$719.00,Type:Sale; Status:Open,Report Total,454,"$354,797.00"
Customer IP,Customer Name,Address,EMail,Age,Sale / Order Date,Product Date,Qty,Product,Net Amount,Transaction Type / Reservation Status,78230728,"Kern, Benjamin","39 Cunningham St Wilmington, MA 01887",benjamin.d.kern@pwc.com,5189281553,"Kern, Cameron",4,3/12/2026,1/9/2027,1,PM | Ski | Children's Seasonal Program | 26/27 | Saturday | 4-6yrs | Full Day,$959.00,Type:Sale; Status:Open,Report Total,454,"$354,797.00"
Customer IP,Customer Name,Address,EMail,Age,Sale / Order Date,Product Date,Qty,Product,Net Amount,Transaction Type / Reservation Status,78230728,"Kern, Benjamin","39 Cunningham St Wilmington, MA 01887",benjamin.d.kern@pwc.com,5189281553,"Kern, Madison",7,3/12/2026,1/9/2027,1,PM | Ski | Children's Seasonal Program | 26/27 | Saturday | 7-12yrs | Full Day,$959.00,Type:Sale; Status:Open,Report Total,454,"$354,797.00"
Customer IP,Customer Name,Address,EMail,Age,Sale / Order Date,Product Date,Qty,Product,Net Amount,Transaction Type / Reservation Status,79843996,"O'Donnell, Gregory","88 Goudy St South Portland, ME 04106",g.odonnell3@gmail.com,12072006123,"O'Donnell, Dillon",5,3/12/2026,1/10/2027,1,PM | Ski | Children's Seasonal Program | 26/27 | Sunday | 4-6yrs | 10am,$719.00,Type:Sale; Status:Open,Report Total,454,"$354,797.00"
Customer IP,Customer Name,Address,EMail,Age,Sale / Order Date,Product Date,Qty,Product,Net Amount,Transaction Type / Reservation Status,79843996,"O'Donnell, Gregory","88 Goudy St South Portland, ME 04106",g.odonnell3@gmail.com,12072006123,"O'Donnell, Maeve",7,3/12/2026,1/10/2027,1,PM | Ski | Children's Seasonal Program | 26/27 | Sunday | 7-12yrs | 10am,$719.00,Type:Sale; Status:Open,Report Total,454,"$354,797.00"
Customer IP,Customer Name,Address,EMail,Age,Sale / Order Date,Product Date,Qty,Product,Net Amount,Transaction Type / Reservation Status,78880306,"Merrill, Elizabeth","379 Middle Road FALMOUTH, ME 04105",egmerrill@gmail.com,4153078258,"Rudasill, Leia",7,3/12/2026,1/10/2027,1,PM | Ski | Children's Seasonal Program | 26/27 | Sunday | 7-12yrs | 10am,$719.00,Type:Sale; Status:Open,Report Total,454,"$354,797.00"
Customer IP,Customer Name,Address,EMail,Age,Sale / Order Date,Product Date,Qty,Product,Net Amount,Transaction Type / Reservation Status,78880306,"Merrill, Elizabeth","379 Middle Road FALMOUTH, ME 04105",egmerrill@gmail.com,4153078258,"Rudasill, Avi",5,3/12/2026,1/10/2027,1,PM | Ski | Children's Seasonal Program | 26/27 | Sunday | 4-6yrs | 10am,$719.00,Type:Sale; Status:Open,Report Total,454,"$354,797.00"
Customer IP,Customer Name,Address,EMail,Age,Sale / Order Date,Product Date,Qty,Product,Net Amount,Transaction Type / Reservation Status,81665381,"Migliori, Jill","5 Curriers Cove Portsmouth, NH 03801",jill.migliori@gmail.com,8576362096,"Migliori, Hannah",5,3/12/2026,1/9/2027,1,PM | Ski | Children's Seasonal Program | 26/27 | Saturday | 4-6yrs | 10am,$719.00,Type:Sale; Status:Open,Report Total,454,"$354,797.00"
Customer IP,Customer Name,Address,EMail,Age,Sale / Order Date,Product Date,Qty,Product,Net Amount,Transaction Type / Reservation Status,77925126,"Cange, Christina 9","4 Longmeadow Road Scarborough, ME 04074",christinacange@gmail.com,2077302793,"Ferreira, Connor",3,3/12/2026,1/9/2027,1,PM | Ski | Children's Seasonal Program | 26/27 | Saturday | 4-6yrs | 10am,$719.00,Type:Sale; Status:Open,Report Total,454,"$354,797.00"
Customer IP,Customer Name,Address,EMail,Age,Sale / Order Date,Product Date,Qty,Product,Net Amount,Transaction Type / Reservation Status,77925126,"Cange, Christina 9","4 Longmeadow Road Scarborough, ME 04074",christinacange@gmail.com,2077302793,"Ferreira, Ellie",6,3/12/2026,1/9/2027,1,PM | Ski | Children's Seasonal Program | 26/27 | Saturday | 7-12yrs | 10am,$719.00,Type:Sale; Status:Open,Report Total,454,"$354,797.00"
Customer IP,Customer Name,Address,EMail,Age,Sale / Order Date,Product Date,Qty,Product,Net Amount,Transaction Type / Reservation Status,77319878,"Ogorzaly, Mae","17 Harding Ave Falmouth, ME 04105",mae.ogorzaly@gmail.com,5129717607,"Atwood, Ava",6,3/12/2026,1/10/2027,1,PM | Ski | Children's Seasonal Program | 26/27 | Sunday | 4-6yrs | 10am,$719.00,Type:Sale; Status:Open,Report Total,454,"$354,797.00"
Customer IP,Customer Name,Address,EMail,Age,Sale / Order Date,Product Date,Qty,Product,Net Amount,Transaction Type / Reservation Status,77157728,"White, Brittany","16 Hayfield Ln Windham, ME 04062",brittanymaricia@gmail.com,2078386992,"Levasseur, Ledgy",3,3/12/2026,1/9/2027,1,PM | Ski | Children's Seasonal Program | 26/27 | Saturday | 4-6yrs | 10am,$719.00,Type:Sale; Status:Open,Report Total,454,"$354,797.00"
Customer IP,Customer Name,Address,EMail,Age,Sale / Order Date,Product Date,Qty,Product,Net Amount,Transaction Type / Reservation Status,77157728,"White, Brittany","16 Hayfield Ln Windham, ME 04062",brittanymaricia@gmail.com,2078386992,"Levasseur, Isla",6,3/12/2026,1/9/2027,1,PM | Ski | Children's Seasonal Program | 26/27 | Saturday | 7-12yrs | 10am,$719.00,Type:Sale; Status:Open,Report Total,454,"$354,797.00"
Customer IP,Customer Name,Address,EMail,Age,Sale / Order Date,Product Date,Qty,Product,Net Amount,Transaction Type / Reservation Status,1338850,"Legere, Mark","49 Brentwood Rd Windham, ME 04062",mrlegere@gmail.com,2077560117,"Legere, Leverette",6,3/12/2026,1/10/2027,1,PM | Ski | Children's Seasonal Program | 26/27 | Sunday | 7-12yrs | 10am,$719.00,Type:Sale; Status:Open,Report Total,454,"$354,797.00"
Customer IP,Customer Name,Address,EMail,Age,Sale / Order Date,Product Date,Qty,Product,Net Amount,Transaction Type / Reservation Status,77319878,"Ogorzaly, Mae","17 Harding Ave Falmouth, ME 04105",mae.ogorzaly@gmail.com,5129717607,"Atwood, Vivian",3,3/12/2026,1/10/2027,1,PM | Ski | Children's Seasonal Program | 26/27 | Sunday | 4-6yrs | 10am,$719.00,Type:Sale; Status:Open,Report Total,454,"$354,797.00"
Customer IP,Customer Name,Address,EMail,Age,Sale / Order Date,Product Date,Qty,Product,Net Amount,Transaction Type / Reservation Status,77715349,"McCluskey, Jason","15 Deering Run Dr Portland, ME 04103",mccluskey.jason@gmail.com,2072130777,"McCluskey, Nash",8,3/12/2026,1/9/2027,1,PM | Ski | Children's Seasonal Program | 26/27 | Saturday | 7-12yrs | 10am,$719.00,Type:Sale; Status:Open,Report Total,454,"$354,797.00"
Customer IP,Customer Name,Address,EMail,Age,Sale / Order Date,Product Date,Qty,Product,Net Amount,Transaction Type / Reservation Status,86639781,"Leen, Barbara","321 Spurwink Ave Cape Elizabeth, ME 04107",barbaraleen@gmail.com,5712256795,"Leen, Jack",11,3/12/2026,1/9/2027,1,PM | Ski | Children's Seasonal Program | 26/27 | Saturday | 11-13yrs | 9am,$799.00,Type:Sale; Status:Open,Report Total,454,"$354,797.00"
Customer IP,Customer Name,Address,EMail,Age,Sale / Order Date,Product Date,Qty,Product,Net Amount,Transaction Type / Reservation Status,77922297,"Jacobson, Meaghan","55 Ocean Greens Dr Saco, ME 04072",mjacobson9818@gmail.com,2076152315,"Jacobson, Camden",5,3/12/2026,1/9/2027,1,PM | Ski | Children's Seasonal Program | 26/27 | Saturday | 4-6yrs | 10am,$719.00,Type:Sale; Status:Open,Report Total,454,"$354,797.00"
Customer IP,Customer Name,Address,EMail,Age,Sale / Order Date,Product Date,Qty,Product,Net Amount,Transaction Type / Reservation Status,78835390,"Verrico, Kristen","23 Farmhouse Rd Scarborough, ME 04074",kristen.s.verrico@pwc.com,2073291438,"Verrico, Allie",8,3/12/2026,1/10/2027,1,PM | Ski | Children's Seasonal Program | 26/27 | Sunday | 7-12yrs | 10am,$719.00,Type:Sale; Status:Open,Report Total,454,"$354,797.00"
Customer IP,Customer Name,Address,EMail,Age,Sale / Order Date,Product Date,Qty,Product,Net Amount,Transaction Type / Reservation Status,78835390,"Verrico, Kristen","23 Farmhouse Rd Scarborough, ME 04074",kristen.s.verrico@pwc.com,2073291438,"Verrico, Jacob",11,3/12/2026,1/10/2027,1,PM | Ski | Children's Seasonal Program | 26/27 | Sunday | 7-12yrs | 10am,$719.00,Type:Sale; Status:Open,Report Total,454,"$354,797.00"
Customer IP,Customer Name,Address,EMail,Age,Sale / Order Date,Product Date,Qty,Product,Net Amount,Transaction Type / Reservation Status,82104368,"Kadnar, Anthony","22 Hidden Creek Dr Scarborough, ME 04074",anthonysk05@hotmail.com,2489531006,"Kadnar, Elliot",5,3/12/2026,1/10/2027,1,PM | Ski | Children's Seasonal Program | 26/27 | Sunday | 4-6yrs | 10am,$719.00,Type:Sale; Status:Open,Report Total,454,"$354,797.00"
Customer IP,Customer Name,Address,EMail,Age,Sale / Order Date,Product Date,Qty,Product,Net Amount,Transaction Type / Reservation Status,82496495,"Burla, Marisa","25 Schooner Rd SCARBOROUGH, ME 04074",marisaburla@gmail.com,6035051726,"Burla, Vincenzo",7,3/12/2026,1/10/2027,1,PM | Ski | Children's Seasonal Program | 26/27 | Sunday | 7-12yrs | 10am,$719.00,Type:Sale; Status:Open,Report Total,454,"$354,797.00"
Customer IP,Customer Name,Address,EMail,Age,Sale / Order Date,Product Date,Qty,Product,Net Amount,Transaction Type / Reservation Status,84780442,"Selim, Joseph","11 Rock Crest Dr Cape Elizabeth, ME 04107",jselim@gmail.com,2075188899,"Selim, Holden",5,3/12/2026,1/9/2027,1,PM | Ski | Children's Seasonal Program | 26/27 | Saturday | 4-6yrs | Full Day,$959.00,Type:Sale; Status:Open,Report Total,454,"$354,797.00"
Customer IP,Customer Name,Address,EMail,Age,Sale / Order Date,Product Date,Qty,Product,Net Amount,Transaction Type / Reservation Status,84780442,"Selim, Joseph","11 Rock Crest Dr Cape Elizabeth, ME 04107",jselim@gmail.com,2075188899,"Selim, Finn",8,3/12/2026,1/9/2027,1,PM | Ski | Children's Seasonal Program | 26/27 | Saturday | 7-12yrs | Full Day,$959.00,Type:Sale; Status:Open,Report Total,454,"$354,797.00"
Customer IP,Customer Name,Address,EMail,Age,Sale / Order Date,Product Date,Qty,Product,Net Amount,Transaction Type / Reservation Status,84546675,"Ricci, Kristin","17 ARBOR VIEW LN Scarborough, ME 04074",kchapman304@yahoo.com,2079394718,"Ricci, Lorenzo",11,3/12/2026,1/10/2027,1,PM | Ski | Children's Seasonal Program | 26/27 | Sunday | 7-12yrs | 10am,$719.00,Type:Sale; Status:Open,Report Total,454,"$354,797.00"
Customer IP,Customer Name,Address,EMail,Age,Sale / Order Date,Product Date,Qty,Product,Net Amount,Transaction Type / Reservation Status,84546675,"Ricci, Kristin","17 ARBOR VIEW LN Scarborough, ME 04074",kchapman304@yahoo.com,2079394718,"Ricci, Philomena",11,3/12/2026,1/10/2027,1,PM | Ski | Children's Seasonal Program | 26/27 | Sunday | 7-12yrs | 10am,$719.00,Type:Sale; Status:Open,Report Total,454,"$354,797.00"
Customer IP,Customer Name,Address,EMail,Age,Sale / Order Date,Product Date,Qty,Product,Net Amount,Transaction Type / Reservation Status,84963940,"Sargent, Kate","5 Galleon Lane SCARBOROUGH, ME 04074",kate.a.hodgdon@gmail.com,2076926293,"Sargent, Adeline",10,3/12/2026,1/10/2027,1,PM | Ski | Children's Seasonal Program | 26/27 | Sunday | 7-12yrs | 10am,$719.00,Type:Sale; Status:Open,Report Total,454,"$354,797.00"
Customer IP,Customer Name,Address,EMail,Age,Sale / Order Date,Product Date,Qty,Product,Net Amount,Transaction Type / Reservation Status,84963940,"Sargent, Kate","5 Galleon Lane SCARBOROUGH, ME 04074",kate.a.hodgdon@gmail.com,2076926293,"Sargent, Lucy",7,3/12/2026,1/10/2027,1,PM | Ski | Children's Seasonal Program | 26/27 | Sunday | 7-12yrs | 10am,$719.00,Type:Sale; Status:Open,Report Total,454,"$354,797.00"
Customer IP,Customer Name,Address,EMail,Age,Sale / Order Date,Product Date,Qty,Product,Net Amount,Transaction Type / Reservation Status,81034945,"Resnick, Lizzie","72 Decker St MILTON, MA 02186",elizabethbradley9@gmail.com,4136952360,"Resnick, Maddie",9,3/12/2026,1/9/2027,1,PM | Ski | Children's Seasonal Program | 26/27 | Saturday | 7-12yrs | 10am,$719.00,Type:Sale; Status:Open,Report Total,454,"$354,797.00"
Customer IP,Customer Name,Address,EMail,Age,Sale / Order Date,Product Date,Qty,Product,Net Amount,Transaction Type / Reservation Status,82209480,"Metayer, Charli","3 Eisenhower Dr Westbrook, ME 04092",charli.mcgrew@gmail.com,2077569861,"Metayer, Wyatt",7,3/12/2026,1/9/2027,1,PM | Ski | Children's Seasonal Program | 26/27 | Saturday | 7-12yrs | 10am,$719.00,Type:Sale; Status:Open,Report Total,454,"$354,797.00"
Customer IP,Customer Name,Address,EMail,Age,Sale / Order Date,Product Date,Qty,Product,Net Amount,Transaction Type / Reservation Status,85397469,"Fraser, Robert","25 Hammond Rd Falmouth, ME 04105",robertfraser2002@gmail.com,2072284792,"Fraser, Joy",10,3/12/2026,1/10/2027,1,PM | Ski | Children's Seasonal Program | 26/27 | Sunday | 11-13yrs | 9am,$799.00,Type:Sale; Status:Open,Report Total,454,"$354,797.00"
Customer IP,Customer Name,Address,EMail,Age,Sale / Order Date,Product Date,Qty,Product,Net Amount,Transaction Type / Reservation Status,78636911,"Clement, Nicole","73 Bowdoin St YARMOUTH, ME 04096",nicoleaclement@gmail.com,2077124128,"Clement, Russell",5,3/12/2026,1/10/2027,1,PM | Ski | Children's Seasonal Program | 26/27 | Sunday | 4-6yrs | 1pm,$719.00,Type:Sale; Status:Open,Report Total,454,"$354,797.00"
Customer IP,Customer Name,Address,EMail,Age,Sale / Order Date,Product Date,Qty,Product,Net Amount,Transaction Type / Reservation Status,78636911,"Clement, Nicole","73 Bowdoin St YARMOUTH, ME 04096",nicoleaclement@gmail.com,2077124128,"Clement, Margot",9,3/12/2026,1/10/2027,1,PM | Ski | Children's Seasonal Program | 26/27 | Sunday | 7-12yrs | 1pm,$719.00,Type:Sale; Status:Open,Report Total,454,"$354,797.00"
Customer IP,Customer Name,Address,EMail,Age,Sale / Order Date,Product Date,Qty,Product,Net Amount,Transaction Type / Reservation Status,81835361,"Wallace, Adam","96 Bow St Freeport, ME 04032",awhobart@gmail.com,2074156690,"Wallace, Olivia",6,3/12/2026,1/9/2027,1,PM | Ski | Children's Seasonal Program | 26/27 | Saturday | 4-6yrs | Full Day,$959.00,Type:Sale; Status:Open,Report Total,454,"$354,797.00"
Customer IP,Customer Name,Address,EMail,Age,Sale / Order Date,Product Date,Qty,Product,Net Amount,Transaction Type / Reservation Status,81835361,"Wallace, Adam","96 Bow St Freeport, ME 04032",awhobart@gmail.com,2074156690,"Wallace, Henry",8,3/12/2026,1/9/2027,1,PM | Ski | Children's Seasonal Program | 26/27 | Saturday | 7-12yrs | Full Day,$959.00,Type:Sale; Status:Open,Report Total,454,"$354,797.00"
Customer IP,Customer Name,Address,EMail,Age,Sale / Order Date,Product Date,Qty,Product,Net Amount,Transaction Type / Reservation Status,83993558,"Leslie, Genevieve","45 Bay View Dr Portland, ME 04103",genevieve.leslie@gmail.com,2075779027,"Leslie, Blair",4,3/12/2026,1/10/2027,1,PM | Ski | Children's Seasonal Program | 26/27 | Sunday | 4-6yrs | Full Day,$959.00,Type:Sale; Status:Open,Report Total,454,"$354,797.00"
Customer IP,Customer Name,Address,EMail,Age,Sale / Order Date,Product Date,Qty,Product,Net Amount,Transaction Type / Reservation Status,83993558,"Leslie, Genevieve","45 Bay View Dr Portland, ME 04103",genevieve.leslie@gmail.com,2075779027,"Leslie, Read",6,3/12/2026,1/10/2027,1,PM | Ski | Children's Seasonal Program | 26/27 | Sunday | 4-6yrs | Full Day,$959.00,Type:Sale; Status:Open,Report Total,454,"$354,797.00"
Customer IP,Customer Name,Address,EMail,Age,Sale / Order Date,Product Date,Qty,Product,Net Amount,Transaction Type / Reservation Status,86914662,"Miller, Jessica","973 SHORE RD CAPE ELIZABETH, ME 04107",jessicamill@gmail.com,6175490487,"Schwartzman, Jack",6,3/12/2026,1/9/2027,1,PM | Ski | Children's Seasonal Program | 26/27 | Saturday | 4-6yrs | 10am,$719.00,Type:Sale; Status:Open,Report Total,454,"$354,797.00"
Customer IP,Customer Name,Address,EMail,Age,Sale / Order Date,Product Date,Qty,Product,Net Amount,Transaction Type / Reservation Status,76683178,"Scarponi, Kory","987 ROYALSBOROUGH RD DURHAM, ME 04222",kory.scarponi@gmail.com,2075042113,"Scarponi, Jack",3,3/12/2026,1/10/2027,1,PM | Ski | Children's Seasonal Program | 26/27 | Sunday | 4-6yrs | 1pm,$719.00,Type:Sale; Status:Open,Report Total,454,"$354,797.00"
Customer IP,Customer Name,Address,EMail,Age,Sale / Order Date,Product Date,Qty,Product,Net Amount,Transaction Type / Reservation Status,78861058,"Lippincott, John","263 W Elm St Yarmouth, ME 04096",johnny.lippincott@gmail.com,6623222414,"Lippincott, Amelia",4,3/12/2026,1/9/2027,1,PM | Ski | Children's Seasonal Program | 26/27 | Saturday | 4-6yrs | Full Day,$959.00,Type:Sale; Status:Open,Report Total,454,"$354,797.00"
Customer IP,Customer Name,Address,EMail,Age,Sale / Order Date,Product Date,Qty,Product,Net Amount,Transaction Type / Reservation Status,79021023,"Sadlak, Robert","6 Ryan Road Newburyport, MA 01950",mtnrider1030@gmail.com,6039696913,"Sadlak, James",4,3/12/2026,1/9/2027,1,PM | Ski | Children's Seasonal Program | 26/27 | Saturday | 4-6yrs | Full Day,$959.00,Type:Sale; Status:Open,Report Total,454,"$354,797.00"
Customer IP,Customer Name,Address,EMail,Age,Sale / Order Date,Product Date,Qty,Product,Net Amount,Transaction Type / Reservation Status,86914747,"Steinberg, Emily","11 High Bluff Rd Cape Elizabeth, ME 04107",olson.emily@gmail.com,6123861172,"Steinberg, Isaac",6,3/12/2026,1/10/2027,1,PM | Ski | Children's Seasonal Program | 26/27 | Sunday | 7-12yrs | 10am,$719.00,Type:Sale; Status:Open,Report Total,454,"$354,797.00"
Customer IP,Customer Name,Address,EMail,Age,Sale / Order Date,Product Date,Qty,Product,Net Amount,Transaction Type / Reservation Status,86914747,"Steinberg, Emily","11 High Bluff Rd Cape Elizabeth, ME 04107",olson.emily@gmail.com,6123861172,"Steinberg, Lev",6,3/12/2026,1/10/2027,1,PM | Ski | Children's Seasonal Program | 26/27 | Sunday | 7-12yrs | 10am,$719.00,Type:Sale; Status:Open,Report Total,454,"$354,797.00"
Customer IP,Customer Name,Address,EMail,Age,Sale / Order Date,Product Date,Qty,Product,Net Amount,Transaction Type / Reservation Status,86914747,"Steinberg, Emily","11 High Bluff Rd Cape Elizabeth, ME 04107",olson.emily@gmail.com,6123861172,"Steinberg, Reuben",4,3/12/2026,1/10/2027,1,PM | Ski | Children's Seasonal Program | 26/27 | Sunday | 4-6yrs | 10am,$719.00,Type:Sale; Status:Open,Report Total,454,"$354,797.00"
Customer IP,Customer Name,Address,EMail,Age,Sale / Order Date,Product Date,Qty,Product,Net Amount,Transaction Type / Reservation Status,83309228,"Ferguson, Sarah","50 Seaborne Dr Yarmouth, ME 04096",sarahferguson84@gmail.com,6038601933,"Blattner, Sylvia",4,3/12/2026,1/9/2027,1,PM | Ski | Children's Seasonal Program | 26/27 | Saturday | 4-6yrs | 10am,$719.00,Type:Sale; Status:Open,Report Total,454,"$354,797.00"
Customer IP,Customer Name,Address,EMail,Age,Sale / Order Date,Product Date,Qty,Product,Net Amount,Transaction Type / Reservation Status,83309228,"Ferguson, Sarah","50 Seaborne Dr Yarmouth, ME 04096",sarahferguson84@gmail.com,6038601933,"Blattner, Nina",7,3/12/2026,1/9/2027,1,PM | Ski | Children's Seasonal Program | 26/27 | Saturday | 7-12yrs | 10am,$719.00,Type:Sale; Status:Open,Report Total,454,"$354,797.00"
Customer IP,Customer Name,Address,EMail,Age,Sale / Order Date,Product Date,Qty,Product,Net Amount,Transaction Type / Reservation Status,84895013,"Willcox, Nathan","31 Montrose Ave Portland, ME 04103",nathan.willcox@gmail.com,2156273672,"Bushman Willcox, Ellowyn",4,3/12/2026,1/10/2027,1,PM | Ski | Children's Seasonal Program | 26/27 | Sunday | 4-6yrs | 10am,$719.00,Type:Sale; Status:Open,Report Total,454,"$354,797.00"
Customer IP,Customer Name,Address,EMail,Age,Sale / Order Date,Product Date,Qty,Product,Net Amount,Transaction Type / Reservation Status,82335222,"Bitt, Abigail","9 South St Salem, MA 01970",abigail.st-hilaire@gordon.edu,9789794582,"Butt, Bjorn",7,3/13/2026,1/9/2027,1,PM | Ski | Children's Seasonal Program | 26/27 | Saturday | 7-12yrs | 10am,$719.00,Type:Sale; Status:Open,Report Total,454,"$354,797.00"
Customer IP,Customer Name,Address,EMail,Age,Sale / Order Date,Product Date,Qty,Product,Net Amount,Transaction Type / Reservation Status,82335222,"Bitt, Abigail","9 South St Salem, MA 01970",abigail.st-hilaire@gordon.edu,9789794582,"Butt, Anders",10,3/13/2026,1/9/2027,1,PM | Ski | Children's Seasonal Program | 26/27 | Saturday | 7-12yrs | 10am,$719.00,Type:Sale; Status:Open,Report Total,454,"$354,797.00"
Customer IP,Customer Name,Address,EMail,Age,Sale / Order Date,Product Date,Qty,Product,Net Amount,Transaction Type / Reservation Status,76541804,"Sountis, Markos","42 Lowell St South Portland, ME 04106",greektank86@aol.com,7329471418,"Sountis, Travers",6,3/13/2026,1/10/2027,1,PM | Ski | Children's Seasonal Program | 26/27 | Sunday | 4-6yrs | 10am,$719.00,Type:Sale; Status:Open,Report Total,454,"$354,797.00"
Customer IP,Customer Name,Address,EMail,Age,Sale / Order Date,Product Date,Qty,Product,Net Amount,Transaction Type / Reservation Status,76541804,"Sountis, Markos","42 Lowell St South Portland, ME 04106",greektank86@aol.com,7329471418,"Sountis, Billie",4,3/13/2026,1/10/2027,1,PM | Ski | Children's Seasonal Program | 26/27 | Sunday | 4-6yrs | Full Day,$959.00,Type:Sale; Status:Open,Report Total,454,"$354,797.00"
Customer IP,Customer Name,Address,EMail,Age,Sale / Order Date,Product Date,Qty,Product,Net Amount,Transaction Type / Reservation Status,76541804,"Sountis, Markos","42 Lowell St South Portland, ME 04106",greektank86@aol.com,7329471418,"Sountis, Nikolaos",8,3/13/2026,1/10/2027,1,PM | Ski | Children's Seasonal Program | 26/27 | Sunday | 7-12yrs | 10am,$719.00,Type:Sale; Status:Open,Report Total,454,"$354,797.00"
Customer IP,Customer Name,Address,EMail,Age,Sale / Order Date,Product Date,Qty,Product,Net Amount,Transaction Type / Reservation Status,78003691,"Consigli, Christina","48 Cumberland Ave Portland, ME 04101",consiglic@gmail.com,7742871181,"Clifford, Phoebe",5,3/13/2026,1/10/2027,1,PM | Ski | Children's Seasonal Program | 26/27 | Sunday | 4-6yrs | 1pm,$719.00,Type:Sale; Status:Open,Report Total,454,"$354,797.00"
Customer IP,Customer Name,Address,EMail,Age,Sale / Order Date,Product Date,Qty,Product,Net Amount,Transaction Type / Reservation Status,84423975,"Schwarzberg, Elyse","53 Pleasant Hill Rd Falmouth, ME 04105",elyseschwarzberg@gmail.com,8636982743,"Doyle, Eve",5,3/13/2026,1/10/2027,1,PM | Ski | Children's Seasonal Program | 26/27 | Sunday | 4-6yrs | 1pm,$719.00,Type:Sale; Status:Open,Report Total,454,"$354,797.00"
Customer IP,Customer Name,Address,EMail,Age,Sale / Order Date,Product Date,Qty,Product,Net Amount,Transaction Type / Reservation Status,82635018,"Pulsifer, Jillian","108 Ocean Ave Wells, ME 04090",jillian.e.pulsifer@gmail.com,2076515368,"Pulsifer, Reagan",6,3/13/2026,1/10/2027,1,PM | Ski | Children's Seasonal Program | 26/27 | Sunday | 7-12yrs | 10am,$719.00,Type:Sale; Status:Open,Report Total,454,"$354,797.00"
Customer IP,Customer Name,Address,EMail,Age,Sale / Order Date,Product Date,Qty,Product,Net Amount,Transaction Type / Reservation Status,84424705,"Lowrance, Kristin","8 Wilshore Way Falmouth, ME 04105",kmlowrance2@gmail.com,2078007007,"Lowrance, Wilder",5,3/13/2026,1/10/2027,1,PM | SB | Children's Seasonal Program | 26/27 | Sunday | 4-6yrs | 1pm,$719.00,Type:Sale; Status:Open,Report Total,454,"$354,797.00"
Customer IP,Customer Name,Address,EMail,Age,Sale / Order Date,Product Date,Qty,Product,Net Amount,Transaction Type / Reservation Status,81175245,"Turner, Christopher","15 West St Portland, ME 04102",cgbturner@gmail.com,5404546621,"Turner, Jack",5,3/13/2026,1/10/2027,1,PM | Ski | Children's Seasonal Program | 26/27 | Sunday | 4-6yrs | 10am,$719.00,Type:Sale; Status:Open,Report Total,454,"$354,797.00"
Customer IP,Customer Name,Address,EMail,Age,Sale / Order Date,Product Date,Qty,Product,Net Amount,Transaction Type / Reservation Status,81175245,"Turner, Christopher","15 West St Portland, ME 04102",cgbturner@gmail.com,5404546621,"Turner, Wren",7,3/13/2026,1/10/2027,1,PM | Ski | Children's Seasonal Program | 26/27 | Sunday | 7-12yrs | 10am,$719.00,Type:Sale; Status:Open,Report Total,454,"$354,797.00"
Customer IP,Customer Name,Address,EMail,Age,Sale / Order Date,Product Date,Qty,Product,Net Amount,Transaction Type / Reservation Status,82012518,"Rioux, Zach","9 Eli Lane Windham, ME 04062",zrioux@gmail.com,2073166540,"Rioux, Marshal",6,3/13/2026,1/9/2027,1,PM | Ski | Children's Seasonal Program | 26/27 | Saturday | 4-6yrs | 10am,$719.00,Type:Sale; Status:Open,Report Total,454,"$354,797.00"
Customer IP,Customer Name,Address,EMail,Age,Sale / Order Date,Product Date,Qty,Product,Net Amount,Transaction Type / Reservation Status,81645460,"Henderson, Joe","66 E Elm Street Yarmouth, ME 04096",Joehenderson31@gmail.com,18608780096,"Henderson, Phineas",4,3/13/2026,1/9/2027,1,PM | Ski | Children's Seasonal Program | 26/27 | Saturday | 4-6yrs | 10am,$719.00,Type:Sale; Status:Open,Report Total,454,"$354,797.00"
Customer IP,Customer Name,Address,EMail,Age,Sale / Order Date,Product Date,Qty,Product,Net Amount,Transaction Type / Reservation Status,81645460,"Henderson, Joe","66 E Elm Street Yarmouth, ME 04096",Joehenderson31@gmail.com,18608780096,"Henderson, Eleanor",5,3/13/2026,1/9/2027,1,PM | Ski | Children's Seasonal Program | 26/27 | Saturday | 4-6yrs | 10am,$719.00,Type:Sale; Status:Open,Report Total,454,"$354,797.00"
Customer IP,Customer Name,Address,EMail,Age,Sale / Order Date,Product Date,Qty,Product,Net Amount,Transaction Type / Reservation Status,81645460,"Henderson, Joe","66 E Elm Street Yarmouth, ME 04096",Joehenderson31@gmail.com,18608780096,"Henderson, Cecilia",7,3/13/2026,1/9/2027,1,PM | Ski | Children's Seasonal Program | 26/27 | Saturday | 7-12yrs | 10am,$719.00,Type:Sale; Status:Open,Report Total,454,"$354,797.00"
Customer IP,Customer Name,Address,EMail,Age,Sale / Order Date,Product Date,Qty,Product,Net Amount,Transaction Type / Reservation Status,85979813,"Thompson, Rob","7 Harraseeket Rd Freeport, ME 04032",rbthompson88@gmail.com,4344667549,"Thompson, Callan",4,3/13/2026,1/9/2027,1,PM | Ski | Children's Seasonal Program | 26/27 | Saturday | 4-6yrs | 10am,$719.00,Type:Sale; Status:Open,Report Total,454,"$354,797.00"
Customer IP,Customer Name,Address,EMail,Age,Sale / Order Date,Product Date,Qty,Product,Net Amount,Transaction Type / Reservation Status,79348198,"Carroll, Samuel","161 Pine St Unit 3 Portland, ME 04102",scarroll1@gmail.com,9177334967,"Carroll, Wyley",4,3/14/2026,1/9/2027,1,PM | Ski | Children's Seasonal Program | 26/27 | Saturday | 4-6yrs | 10am,$719.00,Type:Sale; Status:Open,Report Total,454,"$354,797.00"
Customer IP,Customer Name,Address,EMail,Age,Sale / Order Date,Product Date,Qty,Product,Net Amount,Transaction Type / Reservation Status,79243206,"Patregnani, Jason","34 Dylan Drive Scarborough, ME 04074",Jpatregnani@gmail.com,8608303860,"Patregnani, Nico",7,3/14/2026,1/9/2027,1,PM | Ski | Children's Seasonal Program | 26/27 | Saturday | 7-12yrs | Full Day,$959.00,Type:Sale; Status:Open,Report Total,454,"$354,797.00"
Customer IP,Customer Name,Address,EMail,Age,Sale / Order Date,Product Date,Qty,Product,Net Amount,Transaction Type / Reservation Status,82422740,"Werner, Eleonore","15 Leighton Farm Road Cape Elizabeth, ME 04107",eleonore.Werner@gmail.com,18022237525,"Hart, William",7,3/14/2026,1/9/2027,1,PM | Ski | Children's Seasonal Program | 26/27 | Saturday | 7-12yrs | Full Day,$959.00,Type:Sale; Status:Open,Report Total,454,"$354,797.00"
Customer IP,Customer Name,Address,EMail,Age,Sale / Order Date,Product Date,Qty,Product,Net Amount,Transaction Type / Reservation Status,81182963,"Gill, Rupinder","24 Columbus Rd Cape Elizabeth, ME 04107",rupindersean@gmail.com,2073170873,"Gill, Sophia",8,3/14/2026,1/9/2027,1,PM | Ski | Children's Seasonal Program | 26/27 | Saturday | 7-12yrs | Full Day,$959.00,Type:Sale; Status:Open,Report Total,454,"$354,797.00"
Customer IP,Customer Name,Address,EMail,Age,Sale / Order Date,Product Date,Qty,Product,Net Amount,Transaction Type / Reservation Status,81182963,"Gill, Rupinder","24 Columbus Rd Cape Elizabeth, ME 04107",rupindersean@gmail.com,2073170873,"Gill, Amelia",8,3/14/2026,1/9/2027,1,PM | Ski | Children's Seasonal Program | 26/27 | Saturday | 7-12yrs | Full Day,$959.00,Type:Sale; Status:Open,Report Total,454,"$354,797.00"
Customer IP,Customer Name,Address,EMail,Age,Sale / Order Date,Product Date,Qty,Product,Net Amount,Transaction Type / Reservation Status,83572996,"Evans, Margaret","78 Orchard Rd Cumberland Center, ME 04021",evans.margaret3@gmail.com,15089657007,"Pickles, Oaklee",6,3/14/2026,1/10/2027,1,PM | Ski | Children's Seasonal Program | 26/27 | Sunday | 4-6yrs | Full Day,$959.00,Type:Sale; Status:Open,Report Total,454,"$354,797.00"
Customer IP,Customer Name,Address,EMail,Age,Sale / Order Date,Product Date,Qty,Product,Net Amount,Transaction Type / Reservation Status,83572996,"Evans, Margaret","78 Orchard Rd Cumberland Center, ME 04021",evans.margaret3@gmail.com,15089657007,"Pickles, Wylee",4,3/14/2026,1/10/2027,1,PM | Ski | Children's Seasonal Program | 26/27 | Sunday | 4-6yrs | Full Day,$959.00,Type:Sale; Status:Open,Report Total,454,"$354,797.00"
Customer IP,Customer Name,Address,EMail,Age,Sale / Order Date,Product Date,Qty,Product,Net Amount,Transaction Type / Reservation Status,82903586,"Botler, Tim","35 woodmont st Portland, ME 04102",tim.botler@gmail.com,12077127589,"Botler, Theo",7,3/14/2026,1/9/2027,1,PM | Ski | Children's Seasonal Program | 26/27 | Saturday | 7-12yrs | Full Day,$959.00,Type:Sale; Status:Open,Report Total,454,"$354,797.00"
Customer IP,Customer Name,Address,EMail,Age,Sale / Order Date,Product Date,Qty,Product,Net Amount,Transaction Type / Reservation Status,82903586,"Botler, Tim","35 woodmont st Portland, ME 04102",tim.botler@gmail.com,12077127589,"Botler, Calvin",4,3/14/2026,1/9/2027,1,PM | Ski | Children's Seasonal Program | 26/27 | Saturday | 4-6yrs | Full Day,$959.00,Type:Sale; Status:Open,Report Total,454,"$354,797.00"
Customer IP,Customer Name,Address,EMail,Age,Sale / Order Date,Product Date,Qty,Product,Net Amount,Transaction Type / Reservation Status,83806756,"Kimball, Jessica","7 Ledge Rd Kennebunkport, ME 04046",jmw.kimball@gmail.com,12072518872,"Kimball, Easton",9,3/14/2026,1/9/2027,1,PM | Ski | Children's Seasonal Program | 26/27 | Saturday | 11-13yrs | 9am,$799.00,Type:Sale; Status:Open,Report Total,454,"$354,797.00"
Customer IP,Customer Name,Address,EMail,Age,Sale / Order Date,Product Date,Qty,Product,Net Amount,Transaction Type / Reservation Status,83806756,"Kimball, Jessica","7 Ledge Rd Kennebunkport, ME 04046",jmw.kimball@gmail.com,12072518872,"Kimball, Cora",6,3/14/2026,1/9/2027,1,PM | Ski | Children's Seasonal Program | 26/27 | Saturday | 4-6yrs | 10am,$719.00,Type:Sale; Status:Open,Report Total,454,"$354,797.00"
Customer IP,Customer Name,Address,EMail,Age,Sale / Order Date,Product Date,Qty,Product,Net Amount,Transaction Type / Reservation Status,82011229,"Crothers, Jacob","32 sheffield st Portland, ME 04102",gus.crothers@gmail.com,2074006609,"Crothers, Annika",4,3/14/2026,1/10/2027,1,PM | Ski | Children's Seasonal Program | 26/27 | Sunday | 4-6yrs | Full Day,$959.00,Type:Sale; Status:Open,Report Total,454,"$354,797.00"
Customer IP,Customer Name,Address,EMail,Age,Sale / Order Date,Product Date,Qty,Product,Net Amount,Transaction Type / Reservation Status,82011229,"Crothers, Jacob","32 sheffield st Portland, ME 04102",gus.crothers@gmail.com,2074006609,"Crothers, August",7,3/14/2026,1/10/2027,1,PM | Ski | Children's Seasonal Program | 26/27 | Sunday | 7-12yrs | Full Day,$959.00,Type:Sale; Status:Open,Report Total,454,"$354,797.00"
Customer IP,Customer Name,Address,EMail,Age,Sale / Order Date,Product Date,Qty,Product,Net Amount,Transaction Type / Reservation Status,78647974,"Clarke, Emily","10 Candlewick Ln Cumberland Center, ME 04021",emilyjclarke5@gmail.com,4154072306,"Clarke, Keira",5,3/14/2026,1/10/2027,1,PM | Ski | Children's Seasonal Program | 26/27 | Sunday | 4-6yrs | 1pm,$719.00,Type:Sale; Status:Open,Report Total,454,"$354,797.00"
Customer IP,Customer Name,Address,EMail,Age,Sale / Order Date,Product Date,Qty,Product,Net Amount,Transaction Type / Reservation Status,83462836,"Macneil, Heather","5 High St Yarmouth, ME 04096",heathersmacneil@gmail.com,7817892503,"Cox, Isla",10,3/15/2026,1/10/2027,1,PM | Ski | Children's Seasonal Program | 26/27 | Sunday | 7-12yrs | Full Day,$959.00,Type:Sale; Status:Open,Report Total,454,"$354,797.00"
Customer IP,Customer Name,Address,EMail,Age,Sale / Order Date,Product Date,Qty,Product,Net Amount,Transaction Type / Reservation Status,83462836,"Macneil, Heather","5 High St Yarmouth, ME 04096",heathersmacneil@gmail.com,7817892503,"Cox, Maisy",8,3/15/2026,1/10/2027,1,PM | Ski | Children's Seasonal Program | 26/27 | Sunday | 7-12yrs | Full Day,$959.00,Type:Sale; Status:Open,Report Total,454,"$354,797.00"
Customer IP,Customer Name,Address,EMail,Age,Sale / Order Date,Product Date,Qty,Product,Net Amount,Transaction Type / Reservation Status,84978794,"Howard, AJ","24 Brookside Ln Portland, ME 04103",artyj24@gmail.com,2062802992,"Howard, Noah",5,3/15/2026,1/10/2027,1,PM | Ski | Children's Seasonal Program | 26/27 | Sunday | 4-6yrs | 10am,$719.00,Type:Sale; Status:Open,Report Total,454,"$354,797.00"
Customer IP,Customer Name,Address,EMail,Age,Sale / Order Date,Product Date,Qty,Product,Net Amount,Transaction Type / Reservation Status,84978794,"Howard, AJ","24 Brookside Ln Portland, ME 04103",artyj24@gmail.com,2062802992,"Howard, Madeline",7,3/15/2026,1/10/2027,1,PM | Ski | Children's Seasonal Program | 26/27 | Sunday | 7-12yrs | 10am,$719.00,Type:Sale; Status:Open,Report Total,454,"$354,797.00"
Customer IP,Customer Name,Address,EMail,Age,Sale / Order Date,Product Date,Qty,Product,Net Amount,Transaction Type / Reservation Status,85697576,"Griffin, Layla",,,7813256060,"Griffin, Layla",8,3/15/2026,1/10/2027,1,PM | SB | Children's Seasonal Program | 26/27 | Sunday | 7-12yrs | 10am,$719.00,Type:Sale; Status:Open,Report Total,454,"$354,797.00"
Customer IP,Customer Name,Address,EMail,Age,Sale / Order Date,Product Date,Qty,Product,Net Amount,Transaction Type / Reservation Status,86930351,"Randall, Krista","22 Pinewood Dr Cumberland Center, ME 04021",krista.demario@gmail.com,2076028488,"Randall, Reese",4,3/15/2026,1/10/2027,1,PM | Ski | Children's Seasonal Program | 26/27 | Sunday | 4-6yrs | 10am,$719.00,Type:Sale; Status:Open,Report Total,454,"$354,797.00"
Customer IP,Customer Name,Address,EMail,Age,Sale / Order Date,Product Date,Qty,Product,Net Amount,Transaction Type / Reservation Status,79391070,"Walters, Dane","9 Overlook Dr Saco, ME 04072",dwalters7017@hotmail.com,6513257017,"Walters, Liv",4,3/15/2026,1/10/2027,1,PM | Ski | Children's Seasonal Program | 26/27 | Sunday | 4-6yrs | 10am,$719.00,Type:Sale; Status:Open,Report Total,454,"$354,797.00"
Customer IP,Customer Name,Address,EMail,Age,Sale / Order Date,Product Date,Qty,Product,Net Amount,Transaction Type / Reservation Status,82062921,"Connolly, Maggie","79 Providence Ave South Portland, ME 04106",maggiekconnolly@gmail.com,2072337689,"Creagan, Macklin",7,3/15/2026,1/10/2027,1,PM | Ski | Children's Seasonal Program | 26/27 | Sunday | 7-12yrs | 10am,$719.00,Type:Sale; Status:Open,Report Total,454,"$354,797.00"
Customer IP,Customer Name,Address,EMail,Age,Sale / Order Date,Product Date,Qty,Product,Net Amount,Transaction Type / Reservation Status,81518051,"Boucher, Sarah","82 Salem Street Portland, ME 04102",sarahjoconnolly@gmail.com,12076537491,"Boucher, Josephine",6,3/15/2026,1/10/2027,1,PM | Ski | Children's Seasonal Program | 26/27 | Sunday | 4-6yrs | 10am,$719.00,Type:Sale; Status:Open,Report Total,454,"$354,797.00"
Customer IP,Customer Name,Address,EMail,Age,Sale / Order Date,Product Date,Qty,Product,Net Amount,Transaction Type / Reservation Status,81518051,"Boucher, Sarah","82 Salem Street Portland, ME 04102",sarahjoconnolly@gmail.com,12076537491,"Boucher, Boden",8,3/15/2026,1/10/2027,1,PM | Ski | Children's Seasonal Program | 26/27 | Sunday | 7-12yrs | 10am,$719.00,Type:Sale; Status:Open,Report Total,454,"$354,797.00"
Customer IP,Customer Name,Address,EMail,Age,Sale / Order Date,Product Date,Qty,Product,Net Amount,Transaction Type / Reservation Status,81035542,"Henckel, Rafael","18 Otis Lilley dr Scarborough, ME 04074",rafahenckel@gmail.com,5086155061,"Henckel, Lilian",4,3/15/2026,1/10/2027,1,PM | Ski | Children's Seasonal Program | 26/27 | Sunday | 4-6yrs | 10am,$719.00,Type:Sale; Status:Open,Report Total,454,"$354,797.00"
Customer IP,Customer Name,Address,EMail,Age,Sale / Order Date,Product Date,Qty,Product,Net Amount,Transaction Type / Reservation Status,81035542,"Henckel, Rafael","18 Otis Lilley dr Scarborough, ME 04074",rafahenckel@gmail.com,5086155061,"Henckel, Camila",9,3/15/2026,1/10/2027,1,PM | Ski | Children's Seasonal Program | 26/27 | Sunday | 7-12yrs | 10am,$719.00,Type:Sale; Status:Open,Report Total,454,"$354,797.00"
Customer IP,Customer Name,Address,EMail,Age,Sale / Order Date,Product Date,Qty,Product,Net Amount,Transaction Type / Reservation Status,86595709,"Quesada, Anthony","35 Harraseeket Rd South Freeport, ME 04078",tonymiga2@gmail.com,4155093882,"Quesada, Pondie",7,3/15/2026,1/10/2027,1,PM | Ski | Children's Seasonal Program | 26/27 | Sunday | 7-12yrs | Full Day,$959.00,Type:Sale; Status:Open,Report Total,454,"$354,797.00"
Customer IP,Customer Name,Address,EMail,Age,Sale / Order Date,Product Date,Qty,Product,Net Amount,Transaction Type / Reservation Status,83547430,"Liu, Katherine","114 Clifford St South Portland, ME 04106",kliu9700@gmail.com,3603059398,"Maresh, Eleanor",7,3/15/2026,1/10/2027,1,PM | Ski | Children's Seasonal Program | 26/27 | Sunday | 7-12yrs | Full Day,$959.00,Type:Sale; Status:Open,Report Total,454,"$354,797.00"
Customer IP,Customer Name,Address,EMail,Age,Sale / Order Date,Product Date,Qty,Product,Net Amount,Transaction Type / Reservation Status,83547430,"Liu, Katherine","114 Clifford St South Portland, ME 04106",kliu9700@gmail.com,3603059398,"Maresh, Beatrice",4,3/15/2026,1/10/2027,1,PM | Ski | Children's Seasonal Program | 26/27 | Sunday | 4-6yrs | Full Day,$959.00,Type:Sale; Status:Open,Report Total,454,"$354,797.00"
Customer IP,Customer Name,Address,EMail,Age,Sale / Order Date,Product Date,Qty,Product,Net Amount,Transaction Type / Reservation Status,76846222,"Smith, Zachary E","9 Summer Way Cumberland, ME 04021",smithz363@hotmail.com,6172917750,"Smith, Piper",7,3/15/2026,1/10/2027,1,PM | Ski | Children's Seasonal Program | 26/27 | Sunday | 7-12yrs | Full Day,$959.00,Type:Sale; Status:Open,Report Total,454,"$354,797.00"
Customer IP,Customer Name,Address,EMail,Age,Sale / Order Date,Product Date,Qty,Product,Net Amount,Transaction Type / Reservation Status,82642263,"Guiffre, Michael","84 Rocky Point Rd HARRISON, ME 04040",mjguff@gmail.com,4125539226,"Guiffre, Walker",6,3/15/2026,1/9/2027,1,PM | Ski | Children's Seasonal Program | 26/27 | Saturday | 7-12yrs | 10am,$719.00,Type:Sale; Status:Open,Report Total,454,"$354,797.00"
Customer IP,Customer Name,Address,EMail,Age,Sale / Order Date,Product Date,Qty,Product,Net Amount,Transaction Type / Reservation Status,83622336,"Gostanian, Jaime","22 captains way Falmouth, ME 04105",jaime.gostanian@gmail.com,19086928406,"Gostanian, Aram",4,3/15/2026,1/9/2027,1,PM | Ski | Children's Seasonal Program | 26/27 | Saturday | 4-6yrs | 10am,$719.00,Type:Sale; Status:Open,Report Total,454,"$354,797.00"
Customer IP,Customer Name,Address,EMail,Age,Sale / Order Date,Product Date,Qty,Product,Net Amount,Transaction Type / Reservation Status,83622336,"Gostanian, Jaime","22 captains way Falmouth, ME 04105",jaime.gostanian@gmail.com,19086928406,"Gostanian, Rose",6,3/15/2026,1/9/2027,1,PM | Ski | Children's Seasonal Program | 26/27 | Saturday | 7-12yrs | 10am,$719.00,Type:Sale; Status:Open,Report Total,454,"$354,797.00"
Customer IP,Customer Name,Address,EMail,Age,Sale / Order Date,Product Date,Qty,Product,Net Amount,Transaction Type / Reservation Status,81731103,"O'Connor, Amy","1185 highland ave South Portland, ME 04106",amysue86@gmail.com,12073411081,"O'Connor, Owen",8,3/15/2026,1/10/2027,1,PM | Ski | Children's Seasonal Program | 26/27 | Sunday | 7-12yrs | 10am,$719.00,Type:Sale; Status:Open,Report Total,454,"$354,797.00"
Customer IP,Customer Name,Address,EMail,Age,Sale / Order Date,Product Date,Qty,Product,Net Amount,Transaction Type / Reservation Status,81937526,"Holshouser, Sean","1451 North Road North Yarmouth, ME 04097",sean.holshouser@gmail.com,2072528430,"Holshouser, Olivia",6,3/15/2026,1/10/2027,1,PM | Ski | Children's Seasonal Program | 26/27 | Sunday | 4-6yrs | 10am,$719.00,Type:Sale; Status:Open,Report Total,454,"$354,797.00"
Customer IP,Customer Name,Address,EMail,Age,Sale / Order Date,Product Date,Qty,Product,Net Amount,Transaction Type / Reservation Status,81937526,"Holshouser, Sean","1451 North Road North Yarmouth, ME 04097",sean.holshouser@gmail.com,2072528430,"Holshouser, Megan",9,3/15/2026,1/10/2027,1,PM | Ski | Children's Seasonal Program | 26/27 | Sunday | 7-12yrs | 10am,$719.00,Type:Sale; Status:Open,Report Total,454,"$354,797.00"
Customer IP,Customer Name,Address,EMail,Age,Sale / Order Date,Product Date,Qty,Product,Net Amount,Transaction Type / Reservation Status,82454897,"Kellner, Joseph","21 Cross Ridge Dr Windham, ME 04401",joeemti17@gmail.com,2079511946,"Kellner, Elliott",6,3/15/2026,1/10/2027,1,PM | Ski | Children's Seasonal Program | 26/27 | Sunday | 7-12yrs | 10am,$719.00,Type:Sale; Status:Open,Report Total,454,"$354,797.00"
Customer IP,Customer Name,Address,EMail,Age,Sale / Order Date,Product Date,Qty,Product,Net Amount,Transaction Type / Reservation Status,86934640,"Dunn, Kalie","213 Auburn Street Portland, ME 04103",kaliedunn@gmail.com,2076537130,"Condrey, Mae",4,3/15/2026,1/10/2027,1,PM | Ski | Children's Seasonal Program | 26/27 | Sunday | 4-6yrs | 10am,$719.00,Type:Sale; Status:Open,Report Total,454,"$354,797.00"
Customer IP,Customer Name,Address,EMail,Age,Sale / Order Date,Product Date,Qty,Product,Net Amount,Transaction Type / Reservation Status,85604104,"Dekker, Kim","26 sunnyfield lane Cumberland, ME 04021",kimberley.l.dekker@gmail.com,9178338061,"Miller, Maddie",5,3/15/2026,1/10/2027,1,PM | Ski | Children's Seasonal Program | 26/27 | Sunday | 4-6yrs | 1pm,$719.00,Type:Sale; Status:Open,Report Total,454,"$354,797.00"
Customer IP,Customer Name,Address,EMail,Age,Sale / Order Date,Product Date,Qty,Product,Net Amount,Transaction Type / Reservation Status,85604104,"Dekker, Kim","26 sunnyfield lane Cumberland, ME 04021",kimberley.l.dekker@gmail.com,9178338061,"Miller, Henry",7,3/15/2026,1/10/2027,1,PM | Ski | Children's Seasonal Program | 26/27 | Sunday | 7-12yrs | 1pm,$719.00,Type:Sale; Status:Open,Report Total,454,"$354,797.00"
Customer IP,Customer Name,Address,EMail,Age,Sale / Order Date,Product Date,Qty,Product,Net Amount,Transaction Type / Reservation Status,83176209,"Riggin, Jessica","32 Valley Road CUMBERLND CTR, ME 04021",jessie.riggin@gmail.com,9087975065,"Newell, Jonas",4,3/15/2026,1/10/2027,1,PM | Ski | Children's Seasonal Program | 26/27 | Sunday | 4-6yrs | 1pm,$719.00,Type:Sale; Status:Open,Report Total,454,"$354,797.00"
Customer IP,Customer Name,Address,EMail,Age,Sale / Order Date,Product Date,Qty,Product,Net Amount,Transaction Type / Reservation Status,83176209,"Riggin, Jessica","32 Valley Road CUMBERLND CTR, ME 04021",jessie.riggin@gmail.com,9087975065,"Newell, Eloise",7,3/15/2026,1/10/2027,1,PM | Ski | Children's Seasonal Program | 26/27 | Sunday | 7-12yrs | 1pm,$719.00,Type:Sale; Status:Open,Report Total,454,"$354,797.00"
Customer IP,Customer Name,Address,EMail,Age,Sale / Order Date,Product Date,Qty,Product,Net Amount,Transaction Type / Reservation Status,79463384,"Duval, Jason","10 Winchester Dr Windham, ME 04062",jason.duval21@gmail.com,2072311078,"Duval, Simon",5,3/15/2026,1/10/2027,1,PM | Ski | Children's Seasonal Program | 26/27 | Sunday | 4-6yrs | 10am,$719.00,Type:Sale; Status:Open,Report Total,454,"$354,797.00"
Customer IP,Customer Name,Address,EMail,Age,Sale / Order Date,Product Date,Qty,Product,Net Amount,Transaction Type / Reservation Status,81504960,"Card, Joshua","20 BELKNAP ST PORTLAND, ME 04103",joshmcard@gmail.com,7048040168,"Card, Charlotte",5,3/15/2026,1/10/2027,1,PM | Ski | Children's Seasonal Program | 26/27 | Sunday | 4-6yrs | 10am,$719.00,Type:Sale; Status:Open,Report Total,454,"$354,797.00"
Customer IP,Customer Name,Address,EMail,Age,Sale / Order Date,Product Date,Qty,Product,Net Amount,Transaction Type / Reservation Status,83918200,"Gilbert, Mariel","17 Owls Nest Lane Brunswick, ME 04011",marielngilbert@gmail.com,17813673382,"Gilbert, Asa David",4,3/16/2026,1/9/2027,1,PM | Ski | Children's Seasonal Program | 26/27 | Saturday | 4-6yrs | Full Day,$959.00,Type:Sale; Status:Open,Report Total,454,"$354,797.00"
Customer IP,Customer Name,Address,EMail,Age,Sale / Order Date,Product Date,Qty,Product,Net Amount,Transaction Type / Reservation Status,83918200,"Gilbert, Mariel","17 Owls Nest Lane Brunswick, ME 04011",marielngilbert@gmail.com,17813673382,"Gilbert, Remi",6,3/16/2026,1/9/2027,1,PM | Ski | Children's Seasonal Program | 26/27 | Saturday | 4-6yrs | Full Day,$959.00,Type:Sale; Status:Open,Report Total,454,"$354,797.00"
Customer IP,Customer Name,Address,EMail,Age,Sale / Order Date,Product Date,Qty,Product,Net Amount,Transaction Type / Reservation Status,83335325,"Wagner, Lindsay","12 Anderson Dr Falmouth, ME 04105",hlindsaywagner@gmail.com,9172263623,"Turner, Tate",5,3/16/2026,1/9/2027,1,PM | Ski | Children's Seasonal Program | 26/27 | Saturday | 4-6yrs | Full Day,$959.00,Type:Sale; Status:Open,Report Total,454,"$354,797.00"
Customer IP,Customer Name,Address,EMail,Age,Sale / Order Date,Product Date,Qty,Product,Net Amount,Transaction Type / Reservation Status,78065148,"Greenwald, Sarah","268 Ferry Road SACO, ME 04072",sarahhstorms@gmail.com,6462832086,"Greenwald, Nell",7,3/16/2026,1/9/2027,1,PM | Ski | Children's Seasonal Program | 26/27 | Saturday | 7-12yrs | 10am,$719.00,Type:Sale; Status:Open,Report Total,454,"$354,797.00"
Customer IP,Customer Name,Address,EMail,Age,Sale / Order Date,Product Date,Qty,Product,Net Amount,Transaction Type / Reservation Status,78600099,"McDonald, Isabel","24 Johnson Road Falmouth, ME 04105",isabel.chapin.mcdonald@gmail.com,9179404591,"Piper, James",4,3/16/2026,1/9/2027,1,PM | Ski | Children's Seasonal Program | 26/27 | Saturday | 4-6yrs | Full Day,$959.00,Type:Sale; Status:Open,Report Total,454,"$354,797.00"
Customer IP,Customer Name,Address,EMail,Age,Sale / Order Date,Product Date,Qty,Product,Net Amount,Transaction Type / Reservation Status,82395680,"Bromley, Allie","17 Hunts Point Road Cape Elizabeth, ME 04107",alexandra.sabellico@gmail.com,12039158120,"Bromley, Caroline",5,3/16/2026,1/9/2027,1,PM | Ski | Children's Seasonal Program | 26/27 | Saturday | 4-6yrs | Full Day,$959.00,Type:Sale; Status:Open,Report Total,454,"$354,797.00"
Customer IP,Customer Name,Address,EMail,Age,Sale / Order Date,Product Date,Qty,Product,Net Amount,Transaction Type / Reservation Status,82395680,"Bromley, Allie","17 Hunts Point Road Cape Elizabeth, ME 04107",alexandra.sabellico@gmail.com,12039158120,"Bromley, Evelyn",7,3/16/2026,1/9/2027,1,PM | Ski | Children's Seasonal Program | 26/27 | Saturday | 7-12yrs | Full Day,$959.00,Type:Sale; Status:Open,Report Total,454,"$354,797.00"
Customer IP,Customer Name,Address,EMail,Age,Sale / Order Date,Product Date,Qty,Product,Net Amount,Transaction Type / Reservation Status,86276237,"Schaft, Eric","18 Saint Martin St Charlestown, MA 02129",frederick.schaft@gmail.com,2679184131,"Schaft, Grace",6,3/16/2026,1/9/2027,1,PM | Ski | Children's Seasonal Program | 26/27 | Saturday | 4-6yrs | Full Day,$959.00,Type:Sale; Status:Open,Report Total,454,"$354,797.00"
Customer IP,Customer Name,Address,EMail,Age,Sale / Order Date,Product Date,Qty,Product,Net Amount,Transaction Type / Reservation Status,86276237,"Schaft, Eric","18 Saint Martin St Charlestown, MA 02129",frederick.schaft@gmail.com,2679184131,"Schaft, Sam",4,3/16/2026,1/9/2027,1,PM | Ski | Children's Seasonal Program | 26/27 | Saturday | 4-6yrs | Full Day,$959.00,Type:Sale; Status:Open,Report Total,454,"$354,797.00"
Customer IP,Customer Name,Address,EMail,Age,Sale / Order Date,Product Date,Qty,Product,Net Amount,Transaction Type / Reservation Status,79215123,"Ryan, Stuart","48 Baldwin Rd Freeport, ME 04032",stuartkeeblerryan@gmail.com,2076158907,"Ryan, Leona",7,3/16/2026,1/10/2027,1,PM | Ski | Children's Seasonal Program | 26/27 | Sunday | 7-12yrs | 10am,$719.00,Type:Sale; Status:Open,Report Total,454,"$354,797.00"
Customer IP,Customer Name,Address,EMail,Age,Sale / Order Date,Product Date,Qty,Product,Net Amount,Transaction Type / Reservation Status,85500806,"Baker, Meredith","9 Kineo St Portland, ME 04103",meredithannebaker@gmail.com,6037703722,"Isabelle, Julian",6,3/16/2026,1/9/2027,1,PM | Ski | Children's Seasonal Program | 26/27 | Saturday | 4-6yrs | 10am,$719.00,Type:Sale; Status:Open,Report Total,454,"$354,797.00"
Customer IP,Customer Name,Address,EMail,Age,Sale / Order Date,Product Date,Qty,Product,Net Amount,Transaction Type / Reservation Status,86140731,"Alcott, Trevor","7 Cottage Park Rd Portland, ME 04103",trevor.i.alcott@gmail.com,6039862906,"Alcott, Maggie",5,3/16/2026,1/10/2027,1,PM | SB | Children's Seasonal Program | 26/27 | Sunday | 4-6yrs | Full Day,$959.00,Type:Sale; Status:Open,Report Total,454,"$354,797.00"
Customer IP,Customer Name,Address,EMail,Age,Sale / Order Date,Product Date,Qty,Product,Net Amount,Transaction Type / Reservation Status,79231257,"Reynolds, Jacques","123 Sligo Rd Yarmouth, ME 04096",jacquesm.reynolds@gmail.com,2072956302,"Reynolds, Leighton",5,3/16/2026,1/10/2027,1,PM | Ski | Children's Seasonal Program | 26/27 | Sunday | 4-6yrs | 10am,$719.00,Type:Sale; Status:Open,Report Total,454,"$354,797.00"
Customer IP,Customer Name,Address,EMail,Age,Sale / Order Date,Product Date,Qty,Product,Net Amount,Transaction Type / Reservation Status,84096748,"Goodspeed, Elizabeth","59 Belfield Rd Cape Elizabeth, ME 04107",efgoodspeed@gmail.com,6037703986,"Parnes, Owen",4,3/16/2026,1/9/2027,1,PM | Ski | Children's Seasonal Program | 26/27 | Saturday | 4-6yrs | 10am,$719.00,Type:Sale; Status:Open,Report Total,454,"$354,797.00"
Customer IP,Customer Name,Address,EMail,Age,Sale / Order Date,Product Date,Qty,Product,Net Amount,Transaction Type / Reservation Status,84096748,"Goodspeed, Elizabeth","59 Belfield Rd Cape Elizabeth, ME 04107",efgoodspeed@gmail.com,6037703986,"Parnes, Ethan",4,3/16/2026,1/9/2027,1,PM | Ski | Children's Seasonal Program | 26/27 | Saturday | 4-6yrs | 10am,$719.00,Type:Sale; Status:Open,Report Total,454,"$354,797.00"
Customer IP,Customer Name,Address,EMail,Age,Sale / Order Date,Product Date,Qty,Product,Net Amount,Transaction Type / Reservation Status,84096748,"Goodspeed, Elizabeth","59 Belfield Rd Cape Elizabeth, ME 04107",efgoodspeed@gmail.com,6037703986,"Parnes, Elliot",8,3/16/2026,1/9/2027,1,PM | Ski | Children's Seasonal Program | 26/27 | Saturday | 7-12yrs | 10am,$719.00,Type:Sale; Status:Open,Report Total,454,"$354,797.00"
Customer IP,Customer Name,Address,EMail,Age,Sale / Order Date,Product Date,Qty,Product,Net Amount,Transaction Type / Reservation Status,79561793,"Sinclair, Courtney","5 Red Barn Cir Scarborough, ME 04074",courtneyfsinclair@gmail.com,2078387197,"Spydell, Eliza",6,3/16/2026,1/10/2027,1,PM | Ski | Children's Seasonal Program | 26/27 | Sunday | 4-6yrs | 10am,$719.00,Type:Sale; Status:Open,Report Total,454,"$354,797.00"
Customer IP,Customer Name,Address,EMail,Age,Sale / Order Date,Product Date,Qty,Product,Net Amount,Transaction Type / Reservation Status,79561793,"Sinclair, Courtney","5 Red Barn Cir Scarborough, ME 04074",courtneyfsinclair@gmail.com,2078387197,"Spydell, Lucy",9,3/16/2026,1/10/2027,1,PM | Ski | Children's Seasonal Program | 26/27 | Sunday | 7-12yrs | 10am,$719.00,Type:Sale; Status:Open,Report Total,454,"$354,797.00"
Customer IP,Customer Name,Address,EMail,Age,Sale / Order Date,Product Date,Qty,Product,Net Amount,Transaction Type / Reservation Status,85340457,"Harvey, Danny","16 Ashwood Dr Saco, ME 04072",dannyharvey201@gmail.com,2072277853,"Harvey, Logan",7,3/17/2026,1/10/2027,1,PM | Ski | Children's Seasonal Program | 26/27 | Sunday | 7-12yrs | 10am,$719.00,Type:Sale; Status:Open,Report Total,454,"$354,797.00"
Customer IP,Customer Name,Address,EMail,Age,Sale / Order Date,Product Date,Qty,Product,Net Amount,Transaction Type / Reservation Status,85340457,"Harvey, Danny","16 Ashwood Dr Saco, ME 04072",dannyharvey201@gmail.com,2072277853,"Harvey, Charlotte",9,3/17/2026,1/10/2027,1,PM | Ski | Children's Seasonal Program | 26/27 | Sunday | 7-12yrs | 10am,$719.00,Type:Sale; Status:Open,Report Total,454,"$354,797.00"
Customer IP,Customer Name,Address,EMail,Age,Sale / Order Date,Product Date,Qty,Product,Net Amount,Transaction Type / Reservation Status,85111782,"Gardner, Karina","44 Bowdoin St Portland, ME 04102",kalegrant@gmail.com,9077503138,"Gardner, Bell",4,3/17/2026,1/9/2027,1,PM | Ski | Children's Seasonal Program | 26/27 | Saturday | 4-6yrs | 10am,$719.00,Type:Sale; Status:Open,Report Total,454,"$354,797.00"
Customer IP,Customer Name,Address,EMail,Age,Sale / Order Date,Product Date,Qty,Product,Net Amount,Transaction Type / Reservation Status,85111782,"Gardner, Karina","44 Bowdoin St Portland, ME 04102",kalegrant@gmail.com,9077503138,"Gardner, Rose",6,3/17/2026,1/9/2027,1,PM | Ski | Children's Seasonal Program | 26/27 | Saturday | 7-12yrs | 10am,$719.00,Type:Sale; Status:Open,Report Total,454,"$354,797.00"
Customer IP,Customer Name,Address,EMail,Age,Sale / Order Date,Product Date,Qty,Product,Net Amount,Transaction Type / Reservation Status,83804530,"Stanton, Caitlin","22 Berkeley St Portland, ME 04103",caitlin.r.stanton@gmail.com,6032292456,"Sobel, Rose",5,3/17/2026,1/10/2027,1,PM | Ski | Children's Seasonal Program | 26/27 | Sunday | 4-6yrs | 10am,$719.00,Type:Sale; Status:Open,Report Total,454,"$354,797.00"
Customer IP,Customer Name,Address,EMail,Age,Sale / Order Date,Product Date,Qty,Product,Net Amount,Transaction Type / Reservation Status,78914353,"Morse, Benjamin","193 Meadow Road Portsmouth, NH 03801",benmorse79@gmail.com,6178403386,"Morse, Hattie",7,3/17/2026,1/10/2027,1,PM | Ski | Children's Seasonal Program | 26/27 | Sunday | 7-12yrs | Full Day,$959.00,Type:Sale; Status:Open,Report Total,454,"$354,797.00"
Customer IP,Customer Name,Address,EMail,Age,Sale / Order Date,Product Date,Qty,Product,Net Amount,Transaction Type / Reservation Status,83391613,"Davis, Michael","11 Highland Ave Manchester, MA 01944",mjustindavis@gmail.com,6469125054,"Davis, McKenzie",9,3/17/2026,1/9/2027,1,PM | Ski | Children's Seasonal Program | 26/27 | Saturday | 7-12yrs | Full Day,$959.00,Type:Sale; Status:Open,Report Total,454,"$354,797.00"
Customer IP,Customer Name,Address,EMail,Age,Sale / Order Date,Product Date,Qty,Product,Net Amount,Transaction Type / Reservation Status,83391613,"Davis, Michael","11 Highland Ave Manchester, MA 01944",mjustindavis@gmail.com,6469125054,"Davis, Alexander",6,3/17/2026,1/9/2027,1,PM | Ski | Children's Seasonal Program | 26/27 | Saturday | 4-6yrs | Full Day,$959.00,Type:Sale; Status:Open,Report Total,454,"$354,797.00"
Customer IP,Customer Name,Address,EMail,Age,Sale / Order Date,Product Date,Qty,Product,Net Amount,Transaction Type / Reservation Status,82034577,"Tangren, Jessica","276 Mill Street NEWTON, MA 02460",jessica.tangren@gmail.com,17816863758,"Tangren, Isla",5,3/17/2026,1/9/2027,1,PM | Ski | Children's Seasonal Program | 26/27 | Saturday | 4-6yrs | 10am,$719.00,Type:Sale; Status:Open,Report Total,454,"$354,797.00"
Customer IP,Customer Name,Address,EMail,Age,Sale / Order Date,Product Date,Qty,Product,Net Amount,Transaction Type / Reservation Status,82034577,"Tangren, Jessica","276 Mill Street NEWTON, MA 02460",jessica.tangren@gmail.com,17816863758,"Tangren, Ruth",7,3/17/2026,1/9/2027,1,PM | Ski | Children's Seasonal Program | 26/27 | Saturday | 7-12yrs | 10am,$719.00,Type:Sale; Status:Open,Report Total,454,"$354,797.00"
Customer IP,Customer Name,Address,EMail,Age,Sale / Order Date,Product Date,Qty,Product,Net Amount,Transaction Type / Reservation Status,77486820,"Shapiro, Paul D","5 Plumwood Way Falmouth, ME 04105",pauldshapiro@gmail.com,2077761370,"Shapiro, Ruth",5,3/17/2026,1/9/2027,1,PM | Ski | Children's Seasonal Program | 26/27 | Saturday | 4-6yrs | Full Day,$959.00,Type:Sale; Status:Open,Report Total,454,"$354,797.00"
Customer IP,Customer Name,Address,EMail,Age,Sale / Order Date,Product Date,Qty,Product,Net Amount,Transaction Type / Reservation Status,85758999,"Berkow, Stan","8 Flintlock Lane Falmouth, ME 04105",stan.berkow@gmail.com,7174199893,"Berkow, Miles",6,3/17/2026,1/9/2027,1,PM | Ski | Children's Seasonal Program | 26/27 | Saturday | 4-6yrs | 1pm,$719.00,Type:Sale; Status:Open,Report Total,454,"$354,797.00"
Customer IP,Customer Name,Address,EMail,Age,Sale / Order Date,Product Date,Qty,Product,Net Amount,Transaction Type / Reservation Status,85758999,"Berkow, Stan","8 Flintlock Lane Falmouth, ME 04105",stan.berkow@gmail.com,7174199893,"Berkow, Clay",4,3/17/2026,1/9/2027,1,PM | Ski | Children's Seasonal Program | 26/27 | Saturday | 4-6yrs | 1pm,$719.00,Type:Sale; Status:Open,Report Total,454,"$354,797.00"
Customer IP,Customer Name,Address,EMail,Age,Sale / Order Date,Product Date,Qty,Product,Net Amount,Transaction Type / Reservation Status,77492691,"DiMillo Jr, Steven A","8 Country Ln Falmouth, ME 04105",stevedimillo@gmail.com,2076538440,"DiMillo, Jack",8,3/17/2026,1/10/2027,1,PM | Ski | Children's Seasonal Program | 26/27 | Sunday | 7-12yrs | 10am,$719.00,Type:Sale; Status:Open,Report Total,454,"$354,797.00"
Customer IP,Customer Name,Address,EMail,Age,Sale / Order Date,Product Date,Qty,Product,Net Amount,Transaction Type / Reservation Status,84924799,"Elfman, Liz","111 Brook Rd Falmouth, ME 04105",lizelfman@gmail.com,2022942362,"Barth, Ivy",10,3/17/2026,1/9/2027,1,PM | Ski | Children's Seasonal Program | 26/27 | Saturday | 7-12yrs | Full Day,$959.00,Type:Sale; Status:Open,Report Total,454,"$354,797.00"
Customer IP,Customer Name,Address,EMail,Age,Sale / Order Date,Product Date,Qty,Product,Net Amount,Transaction Type / Reservation Status,84924799,"Elfman, Liz","111 Brook Rd Falmouth, ME 04105",lizelfman@gmail.com,2022942362,"Barth, Aria",8,3/17/2026,1/9/2027,1,PM | Ski | Children's Seasonal Program | 26/27 | Saturday | 7-12yrs | Full Day,$959.00,Type:Sale; Status:Open,Report Total,454,"$354,797.00"
Customer IP,Customer Name,Address,EMail,Age,Sale / Order Date,Product Date,Qty,Product,Net Amount,Transaction Type / Reservation Status,84924799,"Elfman, Liz","111 Brook Rd Falmouth, ME 04105",lizelfman@gmail.com,2022942362,"Barth, Georgia",6,3/17/2026,1/9/2027,1,PM | Ski | Children's Seasonal Program | 26/27 | Saturday | 4-6yrs | Full Day,$959.00,Type:Sale; Status:Open,Report Total,454,"$354,797.00"
Customer IP,Customer Name,Address,EMail,Age,Sale / Order Date,Product Date,Qty,Product,Net Amount,Transaction Type / Reservation Status,82197436,"Ferrante, Rachel","21 Birkdale Rd Falmouth, ME 04105",rachferrante@gmail.com,6462650069,"Ferrante, Oscar",7,3/17/2026,1/9/2027,1,PM | Ski | Children's Seasonal Program | 26/27 | Saturday | 7-12yrs | 10am,$719.00,Type:Sale; Status:Open,Report Total,454,"$354,797.00"
Customer IP,Customer Name,Address,EMail,Age,Sale / Order Date,Product Date,Qty,Product,Net Amount,Transaction Type / Reservation Status,82197436,"Ferrante, Rachel","21 Birkdale Rd Falmouth, ME 04105",rachferrante@gmail.com,6462650069,"Ferrante, Elliott",5,3/17/2026,1/9/2027,1,PM | Ski | Children's Seasonal Program | 26/27 | Saturday | 4-6yrs | 10am,$719.00,Type:Sale; Status:Open,Report Total,454,"$354,797.00"
Customer IP,Customer Name,Address,EMail,Age,Sale / Order Date,Product Date,Qty,Product,Net Amount,Transaction Type / Reservation Status,82422740,"Werner, Eleonore","15 Leighton Farm Road Cape Elizabeth, ME 04107",eleonore.Werner@gmail.com,18022237525,"Hart, Eva",3,3/17/2026,1/9/2027,1,PM | Ski | Children's Seasonal Program | 26/27 | Saturday | 4-6yrs | 10am,$719.00,Type:Sale; Status:Open,Report Total,454,"$354,797.00"
Customer IP,Customer Name,Address,EMail,Age,Sale / Order Date,Product Date,Qty,Product,Net Amount,Transaction Type / Reservation Status,86942437,"Champion, Sarah","16 Heather Rd Portland, ME 04103",sarahkatechamp@gmail.com,2077104807,"Aicher, Amelie",5,3/17/2026,1/10/2027,1,PM | Ski | Children's Seasonal Program | 26/27 | Sunday | 4-6yrs | Full Day,$959.00,Type:Sale; Status:Open,Report Total,454,"$354,797.00"
Customer IP,Customer Name,Address,EMail,Age,Sale / Order Date,Product Date,Qty,Product,Net Amount,Transaction Type / Reservation Status,81186195,"Barrett, Lindsay","11 Wainwright Dr. Cape Elizabeth, ME 04107",lindsayabarrett@gmail.com,16178038854,"Barrett, Paige",4,3/18/2026,1/9/2027,1,PM | Ski | Children's Seasonal Program | 26/27 | Saturday | 4-6yrs | 10am,$719.00,Type:Sale; Status:Open,Report Total,454,"$354,797.00"
Customer IP,Customer Name,Address,EMail,Age,Sale / Order Date,Product Date,Qty,Product,Net Amount,Transaction Type / Reservation Status,81186195,"Barrett, Lindsay","11 Wainwright Dr. Cape Elizabeth, ME 04107",lindsayabarrett@gmail.com,16178038854,"Barrett, Natalie",8,3/18/2026,1/9/2027,1,PM | Ski | Children's Seasonal Program | 26/27 | Saturday | 7-12yrs | 10am,$719.00,Type:Sale; Status:Open,Report Total,454,"$354,797.00"
Customer IP,Customer Name,Address,EMail,Age,Sale / Order Date,Product Date,Qty,Product,Net Amount,Transaction Type / Reservation Status,83419689,"Castoldi, Doug","12 Littlejohn Rd Cape Elizabeth, ME 04107",dougcastoldi@gmail.com,9172173343,"Castoldi, Grace",9,3/18/2026,1/9/2027,1,PM | Ski | Children's Seasonal Program | 26/27 | Saturday | 7-12yrs | 10am,$719.00,Type:Sale; Status:Open,Report Total,454,"$354,797.00"
Customer IP,Customer Name,Address,EMail,Age,Sale / Order Date,Product Date,Qty,Product,Net Amount,Transaction Type / Reservation Status,83419689,"Castoldi, Doug","12 Littlejohn Rd Cape Elizabeth, ME 04107",dougcastoldi@gmail.com,9172173343,"Castoldi, Owen",7,3/18/2026,1/9/2027,1,PM | Ski | Children's Seasonal Program | 26/27 | Saturday | 7-12yrs | 10am,$719.00,Type:Sale; Status:Open,Report Total,454,"$354,797.00"
Customer IP,Customer Name,Address,EMail,Age,Sale / Order Date,Product Date,Qty,Product,Net Amount,Transaction Type / Reservation Status,86945098,"Bates, Elizabeth","8 garden way Falmouth, ME 04105",elizabethjsbates@gmail.com,8452708885,"Coit, Hugo",6,3/18/2026,1/9/2027,1,PM | Ski | Children's Seasonal Program | 26/27 | Saturday | 7-12yrs | 10am,$719.00,Type:Sale; Status:Open,Report Total,454,"$354,797.00"
Customer IP,Customer Name,Address,EMail,Age,Sale / Order Date,Product Date,Qty,Product,Net Amount,Transaction Type / Reservation Status,86945098,"Bates, Elizabeth","8 garden way Falmouth, ME 04105",elizabethjsbates@gmail.com,8452708885,"Coit, Shaler",3,3/18/2026,1/9/2027,1,PM | Ski | Children's Seasonal Program | 26/27 | Saturday | 4-6yrs | 10am,$719.00,Type:Sale; Status:Open,Report Total,454,"$354,797.00"
Customer IP,Customer Name,Address,EMail,Age,Sale / Order Date,Product Date,Qty,Product,Net Amount,Transaction Type / Reservation Status,78201113,"Finley, Raymond","132 Sherwood St Portland, ME 04103",finleyrp@gmail.com,2076492132,"Finley, Silas",5,3/18/2026,1/10/2027,1,PM | Ski | Children's Seasonal Program | 26/27 | Sunday | 4-6yrs | 10am,$719.00,Type:Sale; Status:Open,Report Total,454,"$354,797.00"
Customer IP,Customer Name,Address,EMail,Age,Sale / Order Date,Product Date,Qty,Product,Net Amount,Transaction Type / Reservation Status,78201113,"Finley, Raymond","132 Sherwood St Portland, ME 04103",finleyrp@gmail.com,2076492132,"Finley, Sloane",3,3/18/2026,1/8/2027,1,PM | Ski | Children's Seasonal Program | 26/27 | 2-5yrs | Friday | Session 1,$339.00,Type:Sale; Status:Open,Report Total,454,"$354,797.00"
Customer IP,Customer Name,Address,EMail,Age,Sale / Order Date,Product Date,Qty,Product,Net Amount,Transaction Type / Reservation Status,83145001,"Geant, Katherine","90 Vaughan St Portland, ME 04102",Katie.geant@gmail.com,2628534021,"Geant, Griffin",6,3/19/2026,1/10/2027,1,PM | Ski | Children's Seasonal Program | 26/27 | Sunday | 4-6yrs | 10am,$719.00,Type:Sale; Status:Open,Report Total,454,"$354,797.00"
Customer IP,Customer Name,Address,EMail,Age,Sale / Order Date,Product Date,Qty,Product,Net Amount,Transaction Type / Reservation Status,77291290,"Mccarthy, Nicholas","44 Main St Raymond, ME 04071",obrionje@gmail.com,2073108314,"Mccarthy, Lettie",3,3/19/2026,1/8/2027,1,PM | Ski | Children's Seasonal Program | 26/27 | 2-5yrs | Friday | Session 1,$339.00,Type:Sale; Status:Open,Report Total,454,"$354,797.00"
Customer IP,Customer Name,Address,EMail,Age,Sale / Order Date,Product Date,Qty,Product,Net Amount,Transaction Type / Reservation Status,77291290,"Mccarthy, Nicholas","44 Main St Raymond, ME 04071",obrionje@gmail.com,2073108314,"Mccarthy, Sloane",4,3/19/2026,1/8/2027,1,PM | Ski | Children's Seasonal Program | 26/27 | 4-6yrs | Friday | Session 1,$339.00,Type:Sale; Status:Open,Report Total,454,"$354,797.00"
Customer IP,Customer Name,Address,EMail,Age,Sale / Order Date,Product Date,Qty,Product,Net Amount,Transaction Type / Reservation Status,86874185,"Nalabothula Vasista, Aditya","3 truman rd gorham, ME 04038",nvadithya@gmail.com,2163336822,"Nalabothula, Poorvi Kshetra",5,3/19/2026,1/10/2027,1,PM | Ski | Children's Seasonal Program | 26/27 | Sunday | 4-6yrs | 10am,$719.00,Type:Sale; Status:Open,Report Total,454,"$354,797.00"
Customer IP,Customer Name,Address,EMail,Age,Sale / Order Date,Product Date,Qty,Product,Net Amount,Transaction Type / Reservation Status,82455417,"Peters, Tierney","34 Woodfield Dr Scarborough, ME 04074",tierneypeters827@gmail.com,5082379840,"Peters, Jackson",7,3/19/2026,1/10/2027,1,PM | Ski | Children's Seasonal Program | 26/27 | Sunday | 7-12yrs | 1pm,$719.00,Type:Sale; Status:Open,Report Total,454,"$354,797.00"
Customer IP,Customer Name,Address,EMail,Age,Sale / Order Date,Product Date,Qty,Product,Net Amount,Transaction Type / Reservation Status,78303035,"San Antonio, Anthony","51 Crestview Dr Portland, ME 04103",tsanantonio91@gmail.com,4253618288,"San Antonio, Clara",6,3/19/2026,1/9/2027,1,PM | Ski | Children's Seasonal Program | 26/27 | Saturday | 4-6yrs | Full Day,$959.00,Type:Sale; Status:Open,Report Total,454,"$354,797.00"
Customer IP,Customer Name,Address,EMail,Age,Sale / Order Date,Product Date,Qty,Product,Net Amount,Transaction Type / Reservation Status,85681553,"Wing, Joanne","806 Spec Pond Rd Porter, ME 04068",joannewing@msn.com,2074238710,"Brooks, Sophia",5,3/20/2026,1/10/2027,1,PM | Ski | Children's Seasonal Program | 26/27 | Sunday | 4-6yrs | 10am,$719.00,Type:Sale; Status:Open,Report Total,454,"$354,797.00"
Customer IP,Customer Name,Address,EMail,Age,Sale / Order Date,Product Date,Qty,Product,Net Amount,Transaction Type / Reservation Status,77533757,"Potvin, Eliot","1 Lanier Ln FALMOUTH, ME 04105",eliotpotvin@gmail.com,2072499959,"Potvin, Linus",8,3/20/2026,1/10/2027,1,PM | Ski | Children's Seasonal Program | 26/27 | Sunday | 7-12yrs | 1pm,$719.00,Type:Sale; Status:Open,Report Total,454,"$354,797.00"
Customer IP,Customer Name,Address,EMail,Age,Sale / Order Date,Product Date,Qty,Product,Net Amount,Transaction Type / Reservation Status,77533757,"Potvin, Eliot","1 Lanier Ln FALMOUTH, ME 04105",eliotpotvin@gmail.com,2072499959,"Potvin, Otto",6,3/20/2026,1/10/2027,1,PM | Ski | Children's Seasonal Program | 26/27 | Sunday | 4-6yrs | 1pm,$719.00,Type:Sale; Status:Open,Report Total,454,"$354,797.00"
Customer IP,Customer Name,Address,EMail,Age,Sale / Order Date,Product Date,Qty,Product,Net Amount,Transaction Type / Reservation Status,86955603,"Maiorino, Jillian","8220 Muirhead Cir Boynton Beach, FL 33472",jillian.maiorino4@gmail.com,2075767048,"Maiorino, Ella",8,3/20/2026,1/9/2027,1,PM | Ski | Children's Seasonal Program | 26/27 | Saturday | 7-12yrs | 10am,$719.00,Type:Sale; Status:Open,Report Total,454,"$354,797.00"
Customer IP,Customer Name,Address,EMail,Age,Sale / Order Date,Product Date,Qty,Product,Net Amount,Transaction Type / Reservation Status,86955603,"Maiorino, Jillian","8220 Muirhead Cir Boynton Beach, FL 33472",jillian.maiorino4@gmail.com,2075767048,"Maiorino, Charlie",6,3/20/2026,1/9/2027,1,PM | Ski | Children's Seasonal Program | 26/27 | Saturday | 7-12yrs | 10am,$719.00,Type:Sale; Status:Open,Report Total,454,"$354,797.00"
Customer IP,Customer Name,Address,EMail,Age,Sale / Order Date,Product Date,Qty,Product,Net Amount,Transaction Type / Reservation Status,84840433,"Freedberg, Amy","9 Willis Street Portland, ME 04101",amy.freedberg@gmail.com,6177978349,"Kinnucan, Lumi",4,3/20/2026,1/9/2027,1,PM | Ski | Children's Seasonal Program | 26/27 | Saturday | 4-6yrs | Full Day,$959.00,Type:Sale; Status:Open,Report Total,454,"$354,797.00"
Customer IP,Customer Name,Address,EMail,Age,Sale / Order Date,Product Date,Qty,Product,Net Amount,Transaction Type / Reservation Status,78218802,"Petrozzini, Michael","173 Pleasant Ave Portland, ME 04103",mzini5@gmail.com,17735043631,"Petrozzini, Adeline",9,3/20/2026,1/9/2027,1,PM | Ski | Children's Seasonal Program | 26/27 | Saturday | 7-12yrs | Full Day,$959.00,Type:Sale; Status:Open,Report Total,454,"$354,797.00"
Customer IP,Customer Name,Address,EMail,Age,Sale / Order Date,Product Date,Qty,Product,Net Amount,Transaction Type / Reservation Status,82449961,"Gunville, David","PO Box 551 Bridgton, ME 04009",David.gunville@verizon.net,2072562599,"McDonough, Cora",1,3/21/2026,2/5/2027,1,PM | Ski | Children's Seasonal Program | 26/27 | 2-5yrs | Friday | Session 2,$339.00,Type:Sale; Status:Open,Report Total,454,"$354,797.00"
Customer IP,Customer Name,Address,EMail,Age,Sale / Order Date,Product Date,Qty,Product,Net Amount,Transaction Type / Reservation Status,81668652,"Enterline, Claire","35 MCFADDEN RD Arrowsic, ME 04530",claire.enterline@gmail.com,2079393773,"Moore, Barrett",9,3/21/2026,1/9/2027,1,PM | Ski | Children's Seasonal Program | 26/27 | Saturday | 7-12yrs | 10am,$719.00,Type:Sale; Status:Open,Report Total,454,"$354,797.00"
Customer IP,Customer Name,Address,EMail,Age,Sale / Order Date,Product Date,Qty,Product,Net Amount,Transaction Type / Reservation Status,77317748,"LaRosa, Laura","59 Morrill Rd Norway, ME 04268",llarosa830@gmail.com,3154309564,"LaRosa, MJ",4,3/21/2026,1/10/2027,1,PM | Ski | Children's Seasonal Program | 26/27 | Sunday | 4-6yrs | 10am,$719.00,Type:Sale; Status:Open,Report Total,454,"$354,797.00"
Customer IP,Customer Name,Address,EMail,Age,Sale / Order Date,Product Date,Qty,Product,Net Amount,Transaction Type / Reservation Status,77318517,"Viggiano, Jason","73 Parsons Rd Norway, ME 04268",jayvigg@gmail.com,4848661896,"Viggiano, Finnick",4,3/21/2026,1/10/2027,1,PM | Ski | Children's Seasonal Program | 26/27 | Sunday | 4-6yrs | 10am,$719.00,Type:Sale; Status:Open,Report Total,454,"$354,797.00"
Customer IP,Customer Name,Address,EMail,Age,Sale / Order Date,Product Date,Qty,Product,Net Amount,Transaction Type / Reservation Status,86962136,"Breen, Chris","90 Brentwood Rd Cape Elizabeth, ME 04107",chrisbreen2020@gmail.com,2072727351,"Breen, Noah",8,3/21/2026,1/9/2027,1,PM | Ski | Children's Seasonal Program | 26/27 | Saturday | 7-12yrs | Full Day,$959.00,Type:Sale; Status:Open,Report Total,454,"$354,797.00"
Customer IP,Customer Name,Address,EMail,Age,Sale / Order Date,Product Date,Qty,Product,Net Amount,Transaction Type / Reservation Status,81754909,"Woolf, Kevin","40 Waites Landing Rd Falmouth, ME 04105",kevin.a.woolf@gmail.com,4042341975,"Woolf, Jonah",6,3/21/2026,1/9/2027,1,PM | Ski | Children's Seasonal Program | 26/27 | Saturday | 7-12yrs | 1pm,$719.00,Type:Sale; Status:Open,Report Total,454,"$354,797.00"
Customer IP,Customer Name,Address,EMail,Age,Sale / Order Date,Product Date,Qty,Product,Net Amount,Transaction Type / Reservation Status,81311053,"Adams, Virginia","8 Old Colony Ln Scarborough, ME 04074",vjsimpson@gmail.com,8594942747,"Adams, Patrick",7,3/22/2026,1/10/2027,1,PM | Ski | Children's Seasonal Program | 26/27 | Sunday | 7-12yrs | 10am,$719.00,Type:Sale; Status:Open,Report Total,454,"$354,797.00"
Customer IP,Customer Name,Address,EMail,Age,Sale / Order Date,Product Date,Qty,Product,Net Amount,Transaction Type / Reservation Status,81311053,"Adams, Virginia","8 Old Colony Ln Scarborough, ME 04074",vjsimpson@gmail.com,8594942747,"Adams, R.J.",10,3/22/2026,1/10/2027,1,PM | Ski | Children's Seasonal Program | 26/27 | Sunday | 11-13yrs | 9am,$799.00,Type:Sale; Status:Open,Report Total,454,"$354,797.00"
Customer IP,Customer Name,Address,EMail,Age,Sale / Order Date,Product Date,Qty,Product,Net Amount,Transaction Type / Reservation Status,78258791,"Chesler, Benjamin","50 W Main St Yarmouth, ME 04096",bchesler2916@gmail.com,6172590377,"Marchesi, Bodhi",5,3/22/2026,1/9/2027,1,PM | Ski | Children's Seasonal Program | 26/27 | Saturday | 4-6yrs | 10am,$719.00,Type:Sale; Status:Open,Report Total,454,"$354,797.00"
Customer IP,Customer Name,Address,EMail,Age,Sale / Order Date,Product Date,Qty,Product,Net Amount,Transaction Type / Reservation Status,86942437,"Champion, Sarah","16 Heather Rd Portland, ME 04103",sarahkatechamp@gmail.com,2077104807,"Aicher, Amelie",5,3/22/2026,1/10/2027,-1,PM | Ski | Children's Seasonal Program | 26/27 | Sunday | 4-6yrs | Full Day,($959.00),Type:Return; Status:Open,Report Total,454,"$354,797.00"
Customer IP,Customer Name,Address,EMail,Age,Sale / Order Date,Product Date,Qty,Product,Net Amount,Transaction Type / Reservation Status,86942437,"Champion, Sarah","16 Heather Rd Portland, ME 04103",sarahkatechamp@gmail.com,2077104807,"Aicher, Amelie",5,3/22/2026,1/10/2027,1,PM | Ski | Children's Seasonal Program | 26/27 | Sunday | 4-6yrs | 10am,$719.00,Type:Sale; Status:Open,Report Total,454,"$354,797.00"
Customer IP,Customer Name,Address,EMail,Age,Sale / Order Date,Product Date,Qty,Product,Net Amount,Transaction Type / Reservation Status,76541084,"Cooper, Thomas","65 Ledgefield Cir South Portland, ME 04106",thomas.m.cooper@gmail.com,6039961318,"Cooper, Caroline",8,3/22/2026,1/9/2027,1,PM | Ski | Children's Seasonal Program | 26/27 | Saturday | 7-12yrs | 10am,$719.00,Type:Sale; Status:Open,Report Total,454,"$354,797.00"
Customer IP,Customer Name,Address,EMail,Age,Sale / Order Date,Product Date,Qty,Product,Net Amount,Transaction Type / Reservation Status,76541084,"Cooper, Thomas","65 Ledgefield Cir South Portland, ME 04106",thomas.m.cooper@gmail.com,6039961318,"Cooper, Siena",8,3/22/2026,1/9/2027,1,PM | Ski | Children's Seasonal Program | 26/27 | Saturday | 7-12yrs | 10am,$719.00,Type:Sale; Status:Open,Report Total,454,"$354,797.00"
Customer IP,Customer Name,Address,EMail,Age,Sale / Order Date,Product Date,Qty,Product,Net Amount,Transaction Type / Reservation Status,83864458,"Carr, Molly","89 Kindred Way Yarmouth, ME 04096",Molly.Lanigan@gmail.com,9785499954,"Carr, Oliver",5,3/22/2026,1/9/2027,1,PM | Ski | Children's Seasonal Program | 26/27 | Saturday | 4-6yrs | 10am,$719.00,Type:Sale; Status:Open,Report Total,454,"$354,797.00"
Customer IP,Customer Name,Address,EMail,Age,Sale / Order Date,Product Date,Qty,Product,Net Amount,Transaction Type / Reservation Status,78035654,"Ramirez, Michelle","2 Crestview Dr SOUTH PORTLAND, ME 04106",maineurologist@gmail.com,2072831602,"Ramirez Garganese, Nicolai",4,3/23/2026,1/9/2027,1,PM | Ski | Children's Seasonal Program | 26/27 | Saturday | 4-6yrs | 10am,$719.00,Type:Sale; Status:Open,Report Total,454,"$354,797.00"
Customer IP,Customer Name,Address,EMail,Age,Sale / Order Date,Product Date,Qty,Product,Net Amount,Transaction Type / Reservation Status,78035654,"Ramirez, Michelle","2 Crestview Dr SOUTH PORTLAND, ME 04106",maineurologist@gmail.com,2072831602,"Ramirez Garganese, Zylea",7,3/23/2026,1/9/2027,1,PM | Ski | Children's Seasonal Program | 26/27 | Saturday | 7-12yrs | 10am,$719.00,Type:Sale; Status:Open,Report Total,454,"$354,797.00"
Customer IP,Customer Name,Address,EMail,Age,Sale / Order Date,Product Date,Qty,Product,Net Amount,Transaction Type / Reservation Status,77017276,"Rego, Matthew","4 Stonewall Dr Cumberland Center, ME 04021",mmrego87@gmail.com,6037316842,"Rego, Emily",4,3/23/2026,1/9/2027,1,PM | Ski | Children's Seasonal Program | 26/27 | Saturday | 4-6yrs | 10am,$719.00,Type:Sale; Status:Open,Report Total,454,"$354,797.00"
Customer IP,Customer Name,Address,EMail,Age,Sale / Order Date,Product Date,Qty,Product,Net Amount,Transaction Type / Reservation Status,77017276,"Rego, Matthew","4 Stonewall Dr Cumberland Center, ME 04021",mmrego87@gmail.com,6037316842,"Rego, Alison",7,3/23/2026,1/9/2027,1,PM | Ski | Children's Seasonal Program | 26/27 | Saturday | 7-12yrs | 10am,$719.00,Type:Sale; Status:Open,Report Total,454,"$354,797.00"
Customer IP,Customer Name,Address,EMail,Age,Sale / Order Date,Product Date,Qty,Product,Net Amount,Transaction Type / Reservation Status,79835014,"Nichols, Carolyn","236 Bull Ring Rd Denmark, ME 04022",carolynjanenichols@gmail.com,2075925493,"Nichols, Elizabeth",9,3/23/2026,1/10/2027,1,PM | Ski | Children's Seasonal Program | 26/27 | Sunday | 7-12yrs | 10am,$719.00,Type:Sale; Status:Open,Report Total,454,"$354,797.00"
Customer IP,Customer Name,Address,EMail,Age,Sale / Order Date,Product Date,Qty,Product,Net Amount,Transaction Type / Reservation Status,79835014,"Nichols, Carolyn","236 Bull Ring Rd Denmark, ME 04022",carolynjanenichols@gmail.com,2075925493,"Nichols, Julia",7,3/23/2026,1/10/2027,1,PM | Ski | Children's Seasonal Program | 26/27 | Sunday | 7-12yrs | 10am,$719.00,Type:Sale; Status:Open,Report Total,454,"$354,797.00"
Customer IP,Customer Name,Address,EMail,Age,Sale / Order Date,Product Date,Qty,Product,Net Amount,Transaction Type / Reservation Status,86968833,"Hine, Megan","10 Birch Ln Scarborough, ME 04074",meganhine13@gmail.com,9734775073,"Hine, Aiden",8,3/24/2026,1/10/2027,1,PM | Ski | Children's Seasonal Program | 26/27 | Sunday | 7-12yrs | 10am,$719.00,Type:Sale; Status:Open,Report Total,454,"$354,797.00"
Customer IP,Customer Name,Address,EMail,Age,Sale / Order Date,Product Date,Qty,Product,Net Amount,Transaction Type / Reservation Status,86968833,"Hine, Megan","10 Birch Ln Scarborough, ME 04074",meganhine13@gmail.com,9734775073,"Hine, Miles",8,3/24/2026,1/10/2027,1,PM | Ski | Children's Seasonal Program | 26/27 | Sunday | 7-12yrs | 10am,$719.00,Type:Sale; Status:Open,Report Total,454,"$354,797.00"
Customer IP,Customer Name,Address,EMail,Age,Sale / Order Date,Product Date,Qty,Product,Net Amount,Transaction Type / Reservation Status,86968833,"Hine, Megan","10 Birch Ln Scarborough, ME 04074",meganhine13@gmail.com,9734775073,"Hine, Hazel",4,3/24/2026,1/10/2027,1,PM | Ski | Children's Seasonal Program | 26/27 | Sunday | 4-6yrs | 10am,$719.00,Type:Sale; Status:Open,Report Total,454,"$354,797.00"
Customer IP,Customer Name,Address,EMail,Age,Sale / Order Date,Product Date,Qty,Product,Net Amount,Transaction Type / Reservation Status,85531575,"Jackson, Michelle","6 Acorn Lane Scarborough, ME 04074",michellearacine@gmail.com,2073035298,"Jackson, Parker",4,3/24/2026,1/10/2027,1,PM | Ski | Children's Seasonal Program | 26/27 | Sunday | 4-6yrs | 10am,$719.00,Type:Sale; Status:Open,Report Total,454,"$354,797.00"
Customer IP,Customer Name,Address,EMail,Age,Sale / Order Date,Product Date,Qty,Product,Net Amount,Transaction Type / Reservation Status,85531575,"Jackson, Michelle","6 Acorn Lane Scarborough, ME 04074",michellearacine@gmail.com,2073035298,"Jackson, Avery",9,3/24/2026,1/10/2027,1,PM | Ski | Children's Seasonal Program | 26/27 | Sunday | 7-12yrs | 10am,$719.00,Type:Sale; Status:Open,Report Total,454,"$354,797.00"
Customer IP,Customer Name,Address,EMail,Age,Sale / Order Date,Product Date,Qty,Product,Net Amount,Transaction Type / Reservation Status,85531575,"Jackson, Michelle","6 Acorn Lane Scarborough, ME 04074",michellearacine@gmail.com,2073035298,"Jackson, Callie",6,3/24/2026,1/10/2027,1,PM | Ski | Children's Seasonal Program | 26/27 | Sunday | 7-12yrs | 10am,$719.00,Type:Sale; Status:Open,Report Total,454,"$354,797.00"
Customer IP,Customer Name,Address,EMail,Age,Sale / Order Date,Product Date,Qty,Product,Net Amount,Transaction Type / Reservation Status,86971127,"Tierney-Kracht, Ellen","7 Canterbury Ln Scarborough, ME 04074",travellen@gmail.com,4439923213,"Tierney-Kracht, Luisa",6,3/24/2026,1/10/2027,1,PM | Ski | Children's Seasonal Program | 26/27 | Sunday | 7-12yrs | 10am,$719.00,Type:Sale; Status:Open,Report Total,454,"$354,797.00"
Customer IP,Customer Name,Address,EMail,Age,Sale / Order Date,Product Date,Qty,Product,Net Amount,Transaction Type / Reservation Status,86971728,"Raynes, Emma","33 Caldwell St Portland, ME 04103",emma.raynes@gmail.com,6175154397,"Gancsos, Juniper",6,3/25/2026,1/10/2027,1,PM | Ski | Children's Seasonal Program | 26/27 | Sunday | 7-12yrs | 10am,$719.00,Type:Sale; Status:Open,Report Total,454,"$354,797.00"
Customer IP,Customer Name,Address,EMail,Age,Sale / Order Date,Product Date,Qty,Product,Net Amount,Transaction Type / Reservation Status,76528826,"Ray, Seoras","31 Autumn Brook Way Gorham, ME 04038",seoras@gmail.com,2078383074,"Ray, Eoighan",11,3/25/2026,1/9/2027,1,PM | SB | Children's Seasonal Program | 26/27 | Saturday | 7-12yrs | Full Day,$959.00,Type:Sale; Status:Open,Report Total,454,"$354,797.00"
Customer IP,Customer Name,Address,EMail,Age,Sale / Order Date,Product Date,Qty,Product,Net Amount,Transaction Type / Reservation Status,76528826,"Ray, Seoras","31 Autumn Brook Way Gorham, ME 04038",seoras@gmail.com,2078383074,"Ray, Fiona",9,3/25/2026,1/9/2027,1,PM | Ski | Children's Seasonal Program | 26/27 | Saturday | 7-12yrs | 10am,$719.00,Type:Sale; Status:Open,Report Total,454,"$354,797.00"
Customer IP,Customer Name,Address,EMail,Age,Sale / Order Date,Product Date,Qty,Product,Net Amount,Transaction Type / Reservation Status,81034610,"Sanford, Gates","27 West St Portland, ME 04102",gates.sanford@gmail.com,8609308821,"Sanford, Josephine",5,3/25/2026,1/10/2027,1,PM | Ski | Children's Seasonal Program | 26/27 | Sunday | 4-6yrs | 10am,$719.00,Type:Sale; Status:Open,Report Total,454,"$354,797.00"
Customer IP,Customer Name,Address,EMail,Age,Sale / Order Date,Product Date,Qty,Product,Net Amount,Transaction Type / Reservation Status,81034610,"Sanford, Gates","27 West St Portland, ME 04102",gates.sanford@gmail.com,8609308821,"Sanford, Victor",7,3/25/2026,1/10/2027,1,PM | Ski | Children's Seasonal Program | 26/27 | Sunday | 7-12yrs | 10am,$719.00,Type:Sale; Status:Open,Report Total,454,"$354,797.00"
Customer IP,Customer Name,Address,EMail,Age,Sale / Order Date,Product Date,Qty,Product,Net Amount,Transaction Type / Reservation Status,79179332,"Fronczke, Matthew","10 Charles River Sq Boston, MA 02114",fronczkem@gmail.com,6303470330,"Fronczke, William",3,3/26/2026,1/9/2027,1,PM | Ski | Children's Seasonal Program | 26/27 | Saturday | 4-6yrs | Full Day,$959.00,Type:Sale; Status:Open,Report Total,454,"$354,797.00"
Customer IP,Customer Name,Address,EMail,Age,Sale / Order Date,Product Date,Qty,Product,Net Amount,Transaction Type / Reservation Status,85917392,"Ryerson, Melissa","12 Acorn Lane Cumberland Center, ME 04021",melissa.a.ryerson@gmail.com,4129511514,"Swarthout, Zoe",10,3/26/2026,1/10/2027,1,PM | Ski | Children's Seasonal Program | 26/27 | Sunday | 7-12yrs | 1pm,$719.00,Type:Sale; Status:Open,Report Total,454,"$354,797.00"
Customer IP,Customer Name,Address,EMail,Age,Sale / Order Date,Product Date,Qty,Product,Net Amount,Transaction Type / Reservation Status,85917392,"Ryerson, Melissa","12 Acorn Lane Cumberland Center, ME 04021",melissa.a.ryerson@gmail.com,4129511514,"Swarthout, Will",5,3/26/2026,1/10/2027,1,PM | Ski | Children's Seasonal Program | 26/27 | Sunday | 4-6yrs | 1pm,$719.00,Type:Sale; Status:Open,Report Total,454,"$354,797.00"
Customer IP,Customer Name,Address,EMail,Age,Sale / Order Date,Product Date,Qty,Product,Net Amount,Transaction Type / Reservation Status,1520845,"PRESCOTT, BRIGHAM","96 South St Yarmouth, ME 04096",brighamprescott@gmail.com,6174190665,"Prescott, Eloise",5,3/26/2026,1/10/2027,1,PM | Ski | Children's Seasonal Program | 26/27 | Sunday | 4-6yrs | 10am,$719.00,Type:Sale; Status:Open,Report Total,454,"$354,797.00"
Customer IP,Customer Name,Address,EMail,Age,Sale / Order Date,Product Date,Qty,Product,Net Amount,Transaction Type / Reservation Status,82154038,"Funk, Rosie","29 Applecrest Dr Yarmouth, ME 04096",rosiefunk@gmail.com,2038580428,"Hamilton, Luke",7,3/26/2026,1/10/2027,1,PM | Ski | Children's Seasonal Program | 26/27 | Sunday | 7-12yrs | 10am,$719.00,Type:Sale; Status:Open,Report Total,454,"$354,797.00"
Customer IP,Customer Name,Address,EMail,Age,Sale / Order Date,Product Date,Qty,Product,Net Amount,Transaction Type / Reservation Status,82154038,"Funk, Rosie","29 Applecrest Dr Yarmouth, ME 04096",rosiefunk@gmail.com,2038580428,"Hamilton, Grace",4,3/26/2026,1/10/2027,1,PM | Ski | Children's Seasonal Program | 26/27 | Sunday | 4-6yrs | 10am,$719.00,Type:Sale; Status:Open,Report Total,454,"$354,797.00"
Customer IP,Customer Name,Address,EMail,Age,Sale / Order Date,Product Date,Qty,Product,Net Amount,Transaction Type / Reservation Status,78277078,"Bevan, Caitlin","15 Sandy Brook Lane Yarmouth, ME 04096",caitlin.a.bevan@gmail.com,4159403661,"Gonzalez, Hugo",5,3/26/2026,1/9/2027,1,PM | Ski | Children's Seasonal Program | 26/27 | Saturday | 4-6yrs | 10am,$719.00,Type:Sale; Status:Open,Report Total,454,"$354,797.00"
Customer IP,Customer Name,Address,EMail,Age,Sale / Order Date,Product Date,Qty,Product,Net Amount,Transaction Type / Reservation Status,80603559,"Treantos, Gregory","134 Haverhill Rd Topsfield, MA 01983",gtreanto@gmail.com,9783140324,"Treantos, Nickolas",5,3/27/2026,1/10/2027,1,PM | Ski | Children's Seasonal Program | 26/27 | Sunday | 4-6yrs | 10am,$719.00,Type:Sale; Status:Open,Report Total,454,"$354,797.00"
Customer IP,Customer Name,Address,EMail,Age,Sale / Order Date,Product Date,Qty,Product,Net Amount,Transaction Type / Reservation Status,80603559,"Treantos, Gregory","134 Haverhill Rd Topsfield, MA 01983",gtreanto@gmail.com,9783140324,"Treantos, Charles",4,3/27/2026,1/10/2027,1,PM | Ski | Children's Seasonal Program | 26/27 | Sunday | 4-6yrs | 10am,$719.00,Type:Sale; Status:Open,Report Total,454,"$354,797.00"
Customer IP,Customer Name,Address,EMail,Age,Sale / Order Date,Product Date,Qty,Product,Net Amount,Transaction Type / Reservation Status,81671877,"Stairs-Davenport, Andrea","51 Wagner Farm Road Gorham, ME 04038",ajstairs@gmail.com,12077764377,"Davenport, Luke",10,3/27/2026,1/10/2027,1,PM | Ski | Children's Seasonal Program | 26/27 | Sunday | 7-12yrs | 10am,$719.00,Type:Sale; Status:Open,Report Total,454,"$354,797.00"
Customer IP,Customer Name,Address,EMail,Age,Sale / Order Date,Product Date,Qty,Product,Net Amount,Transaction Type / Reservation Status,82478385,"Storrs, Benjamin","230 Pleasant Ave Portland, ME 04103",Jamie.storrs@gmail.com,4015291543,"Storrs, Sadie",9,3/28/2026,1/9/2027,1,PM | Ski | Children's Seasonal Program | 26/27 | Saturday | 7-12yrs | Full Day,$959.00,Type:Sale; Status:Open,Report Total,454,"$354,797.00"
Customer IP,Customer Name,Address,EMail,Age,Sale / Order Date,Product Date,Qty,Product,Net Amount,Transaction Type / Reservation Status,82478385,"Storrs, Benjamin","230 Pleasant Ave Portland, ME 04103",Jamie.storrs@gmail.com,4015291543,"Storrs, Will",7,3/28/2026,1/9/2027,1,PM | Ski | Children's Seasonal Program | 26/27 | Saturday | 7-12yrs | Full Day,$959.00,Type:Sale; Status:Open,Report Total,454,"$354,797.00"
Customer IP,Customer Name,Address,EMail,Age,Sale / Order Date,Product Date,Qty,Product,Net Amount,Transaction Type / Reservation Status,86675812,"Chabot, Natacha","107 Berry Rd Saco, ME 04072",nsovetsky@gmail.com,2074323304,"Chabot, Lilia",4,3/28/2026,1/10/2027,1,PM | Ski | Children's Seasonal Program | 26/27 | Sunday | 4-6yrs | 1pm,$719.00,Type:Sale; Status:Open,Report Total,454,"$354,797.00"
Customer IP,Customer Name,Address,EMail,Age,Sale / Order Date,Product Date,Qty,Product,Net Amount,Transaction Type / Reservation Status,86675812,"Chabot, Natacha","107 Berry Rd Saco, ME 04072",nsovetsky@gmail.com,2074323304,"Chabot, Lydia",11,3/28/2026,1/10/2027,1,PM | Ski | Children's Seasonal Program | 26/27 | Sunday | 7-12yrs | 1pm,$719.00,Type:Sale; Status:Open,Report Total,454,"$354,797.00"
Customer IP,Customer Name,Address,EMail,Age,Sale / Order Date,Product Date,Qty,Product,Net Amount,Transaction Type / Reservation Status,76544719,"Auger, John","3 Devonshire Ln Kennebunk, ME 04043",jauger12@gmail.com,2072053177,"Auger, Finn",8,3/28/2026,1/9/2027,1,PM | Ski | Children's Seasonal Program | 26/27 | Saturday | 7-12yrs | 1pm,$719.00,Type:Sale; Status:Open,Report Total,454,"$354,797.00"
Customer IP,Customer Name,Address,EMail,Age,Sale / Order Date,Product Date,Qty,Product,Net Amount,Transaction Type / Reservation Status,86485421,"Gillespie, Heather","5 Cedar Ledge Road Cape Elizabeth, ME 04107-1403",gillespie.heather@gmail.com,2156947157,"Larlee, Zoe",8,3/28/2026,1/10/2027,1,PM | Ski | Children's Seasonal Program | 26/27 | Sunday | 7-12yrs | 1pm,$719.00,Type:Sale; Status:Open,Report Total,454,"$354,797.00"
Customer IP,Customer Name,Address,EMail,Age,Sale / Order Date,Product Date,Qty,Product,Net Amount,Transaction Type / Reservation Status,84443252,"Stuckey, Christopher","7 Greenacres Ln Scarborough, ME 04074",chris.stuckey3@gmail.com,2402718495,"Stuckey, Dean",4,3/30/2026,1/10/2027,1,PM | Ski | Children's Seasonal Program | 26/27 | Sunday | 4-6yrs | 1pm,$719.00,Type:Sale; Status:Open,Report Total,454,"$354,797.00"
Customer IP,Customer Name,Address,EMail,Age,Sale / Order Date,Product Date,Qty,Product,Net Amount,Transaction Type / Reservation Status,84443252,"Stuckey, Christopher","7 Greenacres Ln Scarborough, ME 04074",chris.stuckey3@gmail.com,2402718495,"Stuckey, William",7,3/30/2026,1/10/2027,1,PM | Ski | Children's Seasonal Program | 26/27 | Sunday | 7-12yrs | 1pm,$719.00,Type:Sale; Status:Open,Report Total,454,"$354,797.00"
Customer IP,Customer Name,Address,EMail,Age,Sale / Order Date,Product Date,Qty,Product,Net Amount,Transaction Type / Reservation Status,77771294,"Szeniawski, Charles","33 Commercial Wharf Boston, MA 02110",charles.szeniawski@gmail.com,12072511502,"Szeniawski, Simon",4,3/30/2026,1/9/2027,1,PM | Ski | Children's Seasonal Program | 26/27 | Saturday | 4-6yrs | Full Day,$959.00,Type:Sale; Status:Open,Report Total,454,"$354,797.00"
Customer IP,Customer Name,Address,EMail,Age,Sale / Order Date,Product Date,Qty,Product,Net Amount,Transaction Type / Reservation Status,77771294,"Szeniawski, Charles","33 Commercial Wharf Boston, MA 02110",charles.szeniawski@gmail.com,12072511502,"Szeniawski, Alice",6,3/30/2026,1/9/2027,1,PM | Ski | Children's Seasonal Program | 26/27 | Saturday | 7-12yrs | Full Day,$959.00,Type:Sale; Status:Open,Report Total,454,"$354,797.00"
Customer IP,Customer Name,Address,EMail,Age,Sale / Order Date,Product Date,Qty,Product,Net Amount,Transaction Type / Reservation Status,86991857,"Anderson, Tyler","128 Old County Rd Yarmouth, ME 04096",tyler.webb.anderson@gmail.com,6032770308,"Anderson, Jack",4,3/31/2026,1/10/2027,1,PM | Ski | Children's Seasonal Program | 26/27 | Sunday | 4-6yrs | 10am,$719.00,Type:Sale; Status:Open,Report Total,454,"$354,797.00"
Customer IP,Customer Name,Address,EMail,Age,Sale / Order Date,Product Date,Qty,Product,Net Amount,Transaction Type / Reservation Status,86991857,"Anderson, Tyler","128 Old County Rd Yarmouth, ME 04096",tyler.webb.anderson@gmail.com,6032770308,"Anderson, Lottie",4,3/31/2026,1/10/2027,1,PM | Ski | Children's Seasonal Program | 26/27 | Sunday | 4-6yrs | 10am,$719.00,Type:Sale; Status:Open,Report Total,454,"$354,797.00"
Customer IP,Customer Name,Address,EMail,Age,Sale / Order Date,Product Date,Qty,Product,Net Amount,Transaction Type / Reservation Status,78106737,"Williams, Harvey","16 Dirigo Dr Yarmouth, ME 04096",harveyandrachel2012@gmail.com,5853552962,"Williams, Hudson",9,3/31/2026,1/10/2027,1,PM | SB | Children's Seasonal Program | 26/27 | Sunday | 7-12yrs | 10am,$719.00,Type:Sale; Status:Open,Report Total,454,"$354,797.00"
Customer IP,Customer Name,Address,EMail,Age,Sale / Order Date,Product Date,Qty,Product,Net Amount,Transaction Type / Reservation Status,78106737,"Williams, Harvey","16 Dirigo Dr Yarmouth, ME 04096",harveyandrachel2012@gmail.com,5853552962,"Williams, Reese",7,3/31/2026,1/10/2027,1,PM | SB | Children's Seasonal Program | 26/27 | Sunday | 7-12yrs | 10am,$719.00,Type:Sale; Status:Open,Report Total,454,"$354,797.00"
Customer IP,Customer Name,Address,EMail,Age,Sale / Order Date,Product Date,Qty,Product,Net Amount,Transaction Type / Reservation Status,78106737,"Williams, Harvey","16 Dirigo Dr Yarmouth, ME 04096",harveyandrachel2012@gmail.com,5853552962,"Williams, Finley",4,3/31/2026,1/10/2027,1,PM | SB | Children's Seasonal Program | 26/27 | Sunday | 4-6yrs | 10am,$719.00,Type:Sale; Status:Open,Report Total,454,"$354,797.00"
Customer IP,Customer Name,Address,EMail,Age,Sale / Order Date,Product Date,Qty,Product,Net Amount,Transaction Type / Reservation Status,83672623,"Larmon, Jay","14 Steeplebush Rd Cape Elizabeth, ME 04107",jslarmon@gmail.com,6037622240,"Larmon, Quinn",6,3/31/2026,1/9/2027,1,PM | Ski | Children's Seasonal Program | 26/27 | Saturday | 7-12yrs | 10am,$719.00,Type:Sale; Status:Open,Report Total,454,"$354,797.00"
Customer IP,Customer Name,Address,EMail,Age,Sale / Order Date,Product Date,Qty,Product,Net Amount,Transaction Type / Reservation Status,83672623,"Larmon, Jay","14 Steeplebush Rd Cape Elizabeth, ME 04107",jslarmon@gmail.com,6037622240,"Larmon, Jack",4,3/31/2026,1/9/2027,1,PM | Ski | Children's Seasonal Program | 26/27 | Saturday | 4-6yrs | 10am,$719.00,Type:Sale; Status:Open,Report Total,454,"$354,797.00"
Customer IP,Customer Name,Address,EMail,Age,Sale / Order Date,Product Date,Qty,Product,Net Amount,Transaction Type / Reservation Status,86408489,"Simpson, Mattie","331 Lower Flying Point Rd FREEPORT, ME 04032",mattie.mcquinn@gmail.com,2074508610,"Simpson, Winslow",7,3/31/2026,1/9/2027,1,PM | Ski | Children's Seasonal Program | 26/27 | Saturday | 7-12yrs | 10am,$719.00,Type:Sale; Status:Open,Report Total,454,"$354,797.00"
Customer IP,Customer Name,Address,EMail,Age,Sale / Order Date,Product Date,Qty,Product,Net Amount,Transaction Type / Reservation Status,77838948,"Plante, Kristopher","11 Lorings Way Falmouth, ME 04105",kris.g.plante@gmail.com,4016786053,"Plante, Luca",4,3/31/2026,1/9/2027,1,PM | Ski | Children's Seasonal Program | 26/27 | Saturday | 4-6yrs | 10am,$719.00,Type:Sale; Status:Open,Report Total,454,"$354,797.00"
Customer IP,Customer Name,Address,EMail,Age,Sale / Order Date,Product Date,Qty,Product,Net Amount,Transaction Type / Reservation Status,77838948,"Plante, Kristopher","11 Lorings Way Falmouth, ME 04105",kris.g.plante@gmail.com,4016786053,"Plante, Emery",6,3/31/2026,1/9/2027,1,PM | Ski | Children's Seasonal Program | 26/27 | Saturday | 7-12yrs | 10am,$719.00,Type:Sale; Status:Open,Report Total,454,"$354,797.00"
Customer IP,Customer Name,Address,EMail,Age,Sale / Order Date,Product Date,Qty,Product,Net Amount,Transaction Type / Reservation Status,85784291,"Weidner, Jerry","16 Pilot point rd Cape Elizabeth, ME 04107",weidners21@gmail.com,4846783711,"Weidner, Abigail",4,3/31/2026,1/9/2027,1,PM | SB | Children's Seasonal Program | 26/27 | Saturday | 4-6yrs | 10am,$719.00,Type:Sale; Status:Open,Report Total,454,"$354,797.00"
Customer IP,Customer Name,Address,EMail,Age,Sale / Order Date,Product Date,Qty,Product,Net Amount,Transaction Type / Reservation Status,85784291,"Weidner, Jerry","16 Pilot point rd Cape Elizabeth, ME 04107",weidners21@gmail.com,4846783711,"Weidner, Lily",6,3/31/2026,1/9/2027,1,PM | SB | Children's Seasonal Program | 26/27 | Saturday | 4-6yrs | Full Day,$959.00,Type:Sale; Status:Open,Report Total,454,"$354,797.00"
Customer IP,Customer Name,Address,EMail,Age,Sale / Order Date,Product Date,Qty,Product,Net Amount,Transaction Type / Reservation Status,83735491,"Jacobson, David","215 Spurwink Ave Cape Elizabeth, ME 04107",djacobsonvt@gmail.com,12076719124,"Jacobson, Theo",8,4/1/2026,1/9/2027,1,PM | Ski | Children's Seasonal Program | 26/27 | Saturday | 7-12yrs | Full Day,$959.00,Type:Sale; Status:Open,Report Total,454,"$354,797.00"
Customer IP,Customer Name,Address,EMail,Age,Sale / Order Date,Product Date,Qty,Product,Net Amount,Transaction Type / Reservation Status,78509049,"Meserve, Michael J","48 Oxford Woods dr Falmouth, ME 04105",meserve.michael@gmail.com,2072392238,"Meserve, Eleanor",5,4/1/2026,1/10/2027,1,PM | Ski | Children's Seasonal Program | 26/27 | Sunday | 4-6yrs | Full Day,$959.00,Type:Sale; Status:Open,Report Total,454,"$354,797.00"
Customer IP,Customer Name,Address,EMail,Age,Sale / Order Date,Product Date,Qty,Product,Net Amount,Transaction Type / Reservation Status,84500018,"Rosato, Brent","20 Thrasher Rd Cape Elizabeth, ME 04107",brentrosato@gmail.com,9175440338,"Rosato, Ollin",6,4/1/2026,1/10/2027,1,PM | Ski | Children's Seasonal Program | 26/27 | Sunday | 4-6yrs | 1pm,$719.00,Type:Sale; Status:Open,Report Total,454,"$354,797.00"
Customer IP,Customer Name,Address,EMail,Age,Sale / Order Date,Product Date,Qty,Product,Net Amount,Transaction Type / Reservation Status,77825217,"Knouse, Thaddeus","11 Trapper John Rd Scarborough, ME 04074",thad.knouse@gmail.com,6462424560,"Knouse, Greta",7,4/1/2026,1/9/2027,1,PM | Ski | Children's Seasonal Program | 26/27 | Saturday | 7-12yrs | 1pm,$719.00,Type:Sale; Status:Open,Report Total,454,"$354,797.00"
Customer IP,Customer Name,Address,EMail,Age,Sale / Order Date,Product Date,Qty,Product,Net Amount,Transaction Type / Reservation Status,85429635,"Cummins, Travis","62 Bowdoin St Yarmouth, ME 04096",jannaandtravis@gmail.com,7138995705,"Cummins, Everett",8,4/2/2026,1/9/2027,1,PM | Ski | Children's Seasonal Program | 26/27 | Saturday | 7-12yrs | 10am,$719.00,Type:Sale; Status:Open,Report Total,454,"$354,797.00"
Customer IP,Customer Name,Address,EMail,Age,Sale / Order Date,Product Date,Qty,Product,Net Amount,Transaction Type / Reservation Status,85429635,"Cummins, Travis","62 Bowdoin St Yarmouth, ME 04096",jannaandtravis@gmail.com,7138995705,"Cummins, Weston",10,4/2/2026,1/9/2027,1,PM | Ski | Children's Seasonal Program | 26/27 | Saturday | 7-12yrs | 10am,$719.00,Type:Sale; Status:Open,Report Total,454,"$354,797.00"
Customer IP,Customer Name,Address,EMail,Age,Sale / Order Date,Product Date,Qty,Product,Net Amount,Transaction Type / Reservation Status,85760977,"Burns, Alexandrea","11 Heron Ct NAPLES, ME 04055",alexandrea.burns@gmail.com,9782108946,"Pump, James",3,4/2/2026,1/7/2027,1,PM | Ski | Children's Seasonal Program | 26/27 | 2-5yrs | Thursday | Session 1,$339.00,Type:Sale; Status:Open,Report Total,454,"$354,797.00"
Customer IP,Customer Name,Address,EMail,Age,Sale / Order Date,Product Date,Qty,Product,Net Amount,Transaction Type / Reservation Status,85760977,"Burns, Alexandrea","11 Heron Ct NAPLES, ME 04055",alexandrea.burns@gmail.com,9782108946,"Pump, Thomas",3,4/2/2026,1/7/2027,1,PM | Ski | Children's Seasonal Program | 26/27 | 2-5yrs | Thursday | Session 1,$339.00,Type:Sale; Status:Open,Report Total,454,"$354,797.00"
Customer IP,Customer Name,Address,EMail,Age,Sale / Order Date,Product Date,Qty,Product,Net Amount,Transaction Type / Reservation Status,81035538,"Grubb, Rachel","208 Range Rd Cumberland Center, ME 04021",raissiem@proton.me,4012187796,"Grubb, Declan",12,4/2/2026,1/10/2027,1,PM | Ski | Children's Seasonal Program | 26/27 | Sunday | 11-13yrs | 9am,$799.00,Type:Sale; Status:Open,Report Total,454,"$354,797.00"
Customer IP,Customer Name,Address,EMail,Age,Sale / Order Date,Product Date,Qty,Product,Net Amount,Transaction Type / Reservation Status,77665300,"Deely, Ryan","287 Pleasant Hill Road Scarborough, ME 04074",rmdeely12888@yahoo.com,15083170001,"Deely, Brayden",8,4/2/2026,1/10/2027,1,PM | Ski | Children's Seasonal Program | 26/27 | Sunday | 7-12yrs | 10am,$719.00,Type:Sale; Status:Open,Report Total,454,"$354,797.00"
Customer IP,Customer Name,Address,EMail,Age,Sale / Order Date,Product Date,Qty,Product,Net Amount,Transaction Type / Reservation Status,77665300,"Deely, Ryan","287 Pleasant Hill Road Scarborough, ME 04074",rmdeely12888@yahoo.com,15083170001,"Deely, Madeline",6,4/2/2026,1/10/2027,1,PM | Ski | Children's Seasonal Program | 26/27 | Sunday | 7-12yrs | 10am,$719.00,Type:Sale; Status:Open,Report Total,454,"$354,797.00"
Customer IP,Customer Name,Address,EMail,Age,Sale / Order Date,Product Date,Qty,Product,Net Amount,Transaction Type / Reservation Status,77232124,"Ho, Christine","53 White’s Cove Road Yarmouth, ME 04096",christinebercume@yahoo.com,5089637733,"Ho, Oliver",7,4/2/2026,1/9/2027,1,PM | Ski | Children's Seasonal Program | 26/27 | Saturday | 7-12yrs | Full Day,$959.00,Type:Sale; Status:Open,Report Total,454,"$354,797.00"
Customer IP,Customer Name,Address,EMail,Age,Sale / Order Date,Product Date,Qty,Product,Net Amount,Transaction Type / Reservation Status,77232124,"Ho, Christine","53 White’s Cove Road Yarmouth, ME 04096",christinebercume@yahoo.com,5089637733,"Ho, Elise",11,4/2/2026,1/10/2027,1,PM | Ski | Children's Seasonal Program | 26/27 | Sunday | 11-13yrs | 9am,$799.00,Type:Sale; Status:Open,Report Total,454,"$354,797.00"
Customer IP,Customer Name,Address,EMail,Age,Sale / Order Date,Product Date,Qty,Product,Net Amount,Transaction Type / Reservation Status,77972875,"Keegan, Rosalind","PO Box 752 South Freeport, ME 04078",keegan.rosalind@gmail.com,2077769780,"Curtin, Louis",4,4/3/2026,1/10/2027,1,PM | Ski | Children's Seasonal Program | 26/27 | Sunday | 4-6yrs | Full Day,$959.00,Type:Sale; Status:Open,Report Total,454,"$354,797.00"
Customer IP,Customer Name,Address,EMail,Age,Sale / Order Date,Product Date,Qty,Product,Net Amount,Transaction Type / Reservation Status,77972875,"Keegan, Rosalind","PO Box 752 South Freeport, ME 04078",keegan.rosalind@gmail.com,2077769780,"Curtin, Tom",9,4/3/2026,1/10/2027,1,PM | Ski | Children's Seasonal Program | 26/27 | Sunday | 7-12yrs | Full Day,$959.00,Type:Sale; Status:Open,Report Total,454,"$354,797.00"
Customer IP,Customer Name,Address,EMail,Age,Sale / Order Date,Product Date,Qty,Product,Net Amount,Transaction Type / Reservation Status,84423975,"Schwarzberg, Elyse","53 Pleasant Hill Rd Falmouth, ME 04105",elyseschwarzberg@gmail.com,8636982743,"Doyle, Max",3,4/3/2026,1/7/2027,1,PM | Ski | Children's Seasonal Program | 26/27 | 2-5yrs | Thursday | Session 1,$339.00,Type:Sale; Status:Open,Report Total,454,"$354,797.00"
Customer IP,Customer Name,Address,EMail,Age,Sale / Order Date,Product Date,Qty,Product,Net Amount,Transaction Type / Reservation Status,78250505,"Sullivan, Kayla","10 Adams Road Boxford, MA 01921",kaylacsullivan1@gmail.com,9789793204,"Nally, Madeline",3,4/3/2026,2/5/2027,1,PM | Ski | Children's Seasonal Program | 26/27 | 2-5yrs | Friday | Session 2,$339.00,Type:Sale; Status:Open,Report Total,454,"$354,797.00"
Customer IP,Customer Name,Address,EMail,Age,Sale / Order Date,Product Date,Qty,Product,Net Amount,Transaction Type / Reservation Status,78250505,"Sullivan, Kayla","10 Adams Road Boxford, MA 01921",kaylacsullivan1@gmail.com,9789793204,"Nally, Juliette",1,4/3/2026,2/5/2027,1,PM | Ski | Children's Seasonal Program | 26/27 | 2-5yrs | Friday | Session 2,$339.00,Type:Sale; Status:Open,Report Total,454,"$354,797.00"
Customer IP,Customer Name,Address,EMail,Age,Sale / Order Date,Product Date,Qty,Product,Net Amount,Transaction Type / Reservation Status,83447798,"Moehlen, Elizabeth","11 McKinley Rd Falmouth, ME 04105",howard.elizabeth@gmail.com,2075778466,"Moehlen, Clare",8,4/3/2026,1/10/2027,1,PM | Ski | Children's Seasonal Program | 26/27 | Sunday | 7-12yrs | Full Day,$959.00,Type:Sale; Status:Open,Report Total,454,"$354,797.00"
Customer IP,Customer Name,Address,EMail,Age,Sale / Order Date,Product Date,Qty,Product,Net Amount,Transaction Type / Reservation Status,83447798,"Moehlen, Elizabeth","11 McKinley Rd Falmouth, ME 04105",howard.elizabeth@gmail.com,2075778466,"Moehlen, William",10,4/3/2026,1/10/2027,1,PM | Ski | Children's Seasonal Program | 26/27 | Sunday | 7-12yrs | 10am,$719.00,Type:Sale; Status:Open,Report Total,454,"$354,797.00"
Customer IP,Customer Name,Address,EMail,Age,Sale / Order Date,Product Date,Qty,Product,Net Amount,Transaction Type / Reservation Status,81160799,"Fullerton, Jacklyn","6 Walcott Ave. Falmouth, ME 04105",jackiefullerton@gmail.com,15185889979,"White, Avery",8,4/3/2026,1/10/2027,1,PM | Ski | Children's Seasonal Program | 26/27 | Sunday | 7-12yrs | 10am,$719.00,Type:Sale; Status:Open,Report Total,454,"$354,797.00"
Customer IP,Customer Name,Address,EMail,Age,Sale / Order Date,Product Date,Qty,Product,Net Amount,Transaction Type / Reservation Status,86926900,"Doyon, Samantha","84 Linnell Rd Windham, ME 04062",samantha.peczka@gmail.com,4132448842,"Doyon, John",4,4/4/2026,1/10/2027,1,PM | Ski | Children's Seasonal Program | 26/27 | Sunday | 4-6yrs | 1pm,$719.00,Type:Sale; Status:Open,Report Total,454,"$354,797.00"
Customer IP,Customer Name,Address,EMail,Age,Sale / Order Date,Product Date,Qty,Product,Net Amount,Transaction Type / Reservation Status,80417685,"Gridley, Colleen","33 Eider Point Drive Yarmouth, ME 04096",colleengridley@gmail.com,12157385078,"Gridley, Finn",7,4/4/2026,1/10/2027,1,PM | Ski | Children's Seasonal Program | 26/27 | Sunday | 7-12yrs | Full Day,$959.00,Type:Sale; Status:Open,Report Total,454,"$354,797.00"
Customer IP,Customer Name,Address,EMail,Age,Sale / Order Date,Product Date,Qty,Product,Net Amount,Transaction Type / Reservation Status,80417685,"Gridley, Colleen","33 Eider Point Drive Yarmouth, ME 04096",colleengridley@gmail.com,12157385078,"Gridley, Maisy",6,4/4/2026,1/10/2027,1,PM | Ski | Children's Seasonal Program | 26/27 | Sunday | 7-12yrs | Full Day,$959.00,Type:Sale; Status:Open,Report Total,454,"$354,797.00"
Customer IP,Customer Name,Address,EMail,Age,Sale / Order Date,Product Date,Qty,Product,Net Amount,Transaction Type / Reservation Status,81395191,"Fitzpatrick, Rosemary","45 Snowberry Dr South Portland, ME 04106",rose.fitzpatrick15@gmail.com,2078070840,"Fitzpatrick, Maren",5,4/4/2026,1/9/2027,1,PM | Ski | Children's Seasonal Program | 26/27 | Saturday | 4-6yrs | Full Day,$959.00,Type:Sale; Status:Open,Report Total,454,"$354,797.00"
Customer IP,Customer Name,Address,EMail,Age,Sale / Order Date,Product Date,Qty,Product,Net Amount,Transaction Type / Reservation Status,81395191,"Fitzpatrick, Rosemary","45 Snowberry Dr South Portland, ME 04106",rose.fitzpatrick15@gmail.com,2078070840,"Fitzpatrick, James",8,4/4/2026,1/9/2027,1,PM | Ski | Children's Seasonal Program | 26/27 | Saturday | 7-12yrs | Full Day,$959.00,Type:Sale; Status:Open,Report Total,454,"$354,797.00"
Customer IP,Customer Name,Address,EMail,Age,Sale / Order Date,Product Date,Qty,Product,Net Amount,Transaction Type / Reservation Status,82519977,"Barstow, Taylor","102 Loveitts Field Rd South Portland, ME 04106",taylorbarstow@gmail.com,6175832987,"Barstow, Rowan",5,4/4/2026,1/10/2027,1,PM | Ski | Children's Seasonal Program | 26/27 | Sunday | 4-6yrs | 1pm,$719.00,Type:Sale; Status:Open,Report Total,454,"$354,797.00"
Customer IP,Customer Name,Address,EMail,Age,Sale / Order Date,Product Date,Qty,Product,Net Amount,Transaction Type / Reservation Status,86175832,"Milligan, Michael","90 Carroll St Portland, ME 04102",rpimilligan@gmail.com,2074680190,"Milligan, August",5,4/4/2026,1/10/2027,1,PM | Ski | Children's Seasonal Program | 26/27 | Sunday | 4-6yrs | 1pm,$719.00,Type:Sale; Status:Open,Report Total,454,"$354,797.00"
Customer IP,Customer Name,Address,EMail,Age,Sale / Order Date,Product Date,Qty,Product,Net Amount,Transaction Type / Reservation Status,78481494,"Morgan, Eliott","206 Coyle St PORTLAND, ME 04103",lttmorgan2@gmail.com,2039154858,"Morgan, Polly",5,4/4/2026,1/10/2027,1,PM | Ski | Children's Seasonal Program | 26/27 | Sunday | 4-6yrs | Full Day,$959.00,Type:Sale; Status:Open,Report Total,454,"$354,797.00"
Customer IP,Customer Name,Address,EMail,Age,Sale / Order Date,Product Date,Qty,Product,Net Amount,Transaction Type / Reservation Status,78481494,"Morgan, Eliott","206 Coyle St PORTLAND, ME 04103",lttmorgan2@gmail.com,2039154858,"Morgan, June",4,4/4/2026,1/10/2027,1,PM | Ski | Children's Seasonal Program | 26/27 | Sunday | 4-6yrs | Full Day,$959.00,Type:Sale; Status:Open,Report Total,454,"$354,797.00"
Customer IP,Customer Name,Address,EMail,Age,Sale / Order Date,Product Date,Qty,Product,Net Amount,Transaction Type / Reservation Status,82096101,"Mehta, Korinne","22 Inverness Rd Falmouth, ME 04105",korinne.mehta@gmail.com,7744521462,"Mehta, Cecily",6,4/5/2026,1/9/2027,1,PM | Ski | Children's Seasonal Program | 26/27 | Saturday | 4-6yrs | 10am,$719.00,Type:Sale; Status:Open,Report Total,454,"$354,797.00"
Customer IP,Customer Name,Address,EMail,Age,Sale / Order Date,Product Date,Qty,Product,Net Amount,Transaction Type / Reservation Status,82096101,"Mehta, Korinne","22 Inverness Rd Falmouth, ME 04105",korinne.mehta@gmail.com,7744521462,"Mehta, Lincoln",9,4/5/2026,1/9/2027,1,PM | Ski | Children's Seasonal Program | 26/27 | Saturday | 7-12yrs | 10am,$719.00,Type:Sale; Status:Open,Report Total,454,"$354,797.00"
Customer IP,Customer Name,Address,EMail,Age,Sale / Order Date,Product Date,Qty,Product,Net Amount,Transaction Type / Reservation Status,80387268,"Brophy, Kate","9 Lancaster Ln Scarborough, ME 04074",kate8brophy@gmail.com,2075775463,"Brophy, Will",9,4/6/2026,1/10/2027,1,PM | Ski | Children's Seasonal Program | 26/27 | Sunday | 7-12yrs | 10am,$719.00,Type:Sale; Status:Open,Report Total,454,"$354,797.00"
Customer IP,Customer Name,Address,EMail,Age,Sale / Order Date,Product Date,Qty,Product,Net Amount,Transaction Type / Reservation Status,78205005,"Boots, Christopher","667 Sawyer St South Portland, ME 04106",chriscboots@gmail.com,2076329517,"Boots, Nell",5,4/6/2026,1/10/2027,1,PM | Ski | Children's Seasonal Program | 26/27 | Sunday | 4-6yrs | Full Day,$959.00,Type:Sale; Status:Open,Report Total,454,"$354,797.00"
Customer IP,Customer Name,Address,EMail,Age,Sale / Order Date,Product Date,Qty,Product,Net Amount,Transaction Type / Reservation Status,80589053,"Coughlin-Quinn, Ellen","24 Tenney Ln Scarborough, ME 04074",ecoughlinquinn@gmail.com,3154470000,"Quinn, Maura",9,4/6/2026,1/9/2027,1,PM | Ski | Children's Seasonal Program | 26/27 | Saturday | 7-12yrs | 1pm,$719.00,Type:Sale; Status:Open,Report Total,454,"$354,797.00"
Customer IP,Customer Name,Address,EMail,Age,Sale / Order Date,Product Date,Qty,Product,Net Amount,Transaction Type / Reservation Status,80589053,"Coughlin-Quinn, Ellen","24 Tenney Ln Scarborough, ME 04074",ecoughlinquinn@gmail.com,3154470000,"Quinn, Annie",7,4/6/2026,1/9/2027,1,PM | Ski | Children's Seasonal Program | 26/27 | Saturday | 7-12yrs | 1pm,$719.00,Type:Sale; Status:Open,Report Total,454,"$354,797.00"
Customer IP,Customer Name,Address,EMail,Age,Sale / Order Date,Product Date,Qty,Product,Net Amount,Transaction Type / Reservation Status,84362944,"Penna, Nichol","21 Distant Pines Dr Gorham, ME 04038",nichol.dellicolli@gmail.com,2079398746,"DELLI COLLI, Gia",6,4/6/2026,1/9/2027,1,PM | Ski | Children's Seasonal Program | 26/27 | Saturday | 7-12yrs | 1pm,$719.00,Type:Sale; Status:Open,Report Total,454,"$354,797.00"
Customer IP,Customer Name,Address,EMail,Age,Sale / Order Date,Product Date,Qty,Product,Net Amount,Transaction Type / Reservation Status,84362944,"Penna, Nichol","21 Distant Pines Dr Gorham, ME 04038",nichol.dellicolli@gmail.com,2079398746,"DELLI COLLI, Lena",10,4/6/2026,1/9/2027,1,PM | Ski | Children's Seasonal Program | 26/27 | Saturday | 7-12yrs | Full Day,$959.00,Type:Sale; Status:Open,Report Total,454,"$354,797.00"
Customer IP,Customer Name,Address,EMail,Age,Sale / Order Date,Product Date,Qty,Product,Net Amount,Transaction Type / Reservation Status,78237878,"Angis, Megan","8 Island Pond Road Cumberland, ME 04110",megmarie07@yahoo.com,2077302400,"Borowski, Adelaide",5,4/7/2026,1/9/2027,1,PM | Ski | Children's Seasonal Program | 26/27 | Saturday | 4-6yrs | 10am,$719.00,Type:Sale; Status:Open,Report Total,454,"$354,797.00"
Customer IP,Customer Name,Address,EMail,Age,Sale / Order Date,Product Date,Qty,Product,Net Amount,Transaction Type / Reservation Status,84896045,"St. John, Courtney","771 Little Chatham Road Fryeburg, ME 04037",courtneyst.john@gmail.com,6092261307,"Priestley, Naomi",1,4/7/2026,1/8/2027,1,PM | Ski | Children's Seasonal Program | 26/27 | 2-5yrs | Friday | Session 1,$339.00,Type:Sale; Status:Open,Report Total,454,"$354,797.00"
Customer IP,Customer Name,Address,EMail,Age,Sale / Order Date,Product Date,Qty,Product,Net Amount,Transaction Type / Reservation Status,84896045,"St. John, Courtney","771 Little Chatham Road Fryeburg, ME 04037",courtneyst.john@gmail.com,6092261307,"Priestley, Naomi",1,4/7/2026,2/5/2027,1,PM | Ski | Children's Seasonal Program | 26/27 | 2-5yrs | Friday | Session 2,$339.00,Type:Sale; Status:Open,Report Total,454,"$354,797.00"
Customer IP,Customer Name,Address,EMail,Age,Sale / Order Date,Product Date,Qty,Product,Net Amount,Transaction Type / Reservation Status,81767468,"White, Leonard","13 Rocky Hill Rd Cape Elizabeth, ME 04107",leonardcwhite@gmail.com,5184243711,"White, Charles",9,4/7/2026,1/10/2027,1,PM | Ski | Children's Seasonal Program | 26/27 | Sunday | 7-12yrs | 10am,$719.00,Type:Sale; Status:Open,Report Total,454,"$354,797.00"
Customer IP,Customer Name,Address,EMail,Age,Sale / Order Date,Product Date,Qty,Product,Net Amount,Transaction Type / Reservation Status,81767468,"White, Leonard","13 Rocky Hill Rd Cape Elizabeth, ME 04107",leonardcwhite@gmail.com,5184243711,"White, Nora",6,4/7/2026,1/10/2027,1,PM | Ski | Children's Seasonal Program | 26/27 | Sunday | 7-12yrs | 10am,$719.00,Type:Sale; Status:Open,Report Total,454,"$354,797.00"
Customer IP,Customer Name,Address,EMail,Age,Sale / Order Date,Product Date,Qty,Product,Net Amount,Transaction Type / Reservation Status,79606991,"Thormann, Marieke","25 Telos Rd Freeport, ME 04032",mcspepin@gmail.com,8023456847,"Thormann, Renleigh",4,4/8/2026,1/9/2027,1,PM | Ski | Children's Seasonal Program | 26/27 | Saturday | 4-6yrs | Full Day,$959.00,Type:Sale; Status:Open,Report Total,454,"$354,797.00"
Customer IP,Customer Name,Address,EMail,Age,Sale / Order Date,Product Date,Qty,Product,Net Amount,Transaction Type / Reservation Status,79606991,"Thormann, Marieke","25 Telos Rd Freeport, ME 04032",mcspepin@gmail.com,8023456847,"Thormann, Canaan",7,4/8/2026,1/9/2027,1,PM | Ski | Children's Seasonal Program | 26/27 | Saturday | 7-12yrs | Full Day,$959.00,Type:Sale; Status:Open,Report Total,454,"$354,797.00"
Customer IP,Customer Name,Address,EMail,Age,Sale / Order Date,Product Date,Qty,Product,Net Amount,Transaction Type / Reservation Status,85428681,"Mccormack, James","256 Capisic St Portland, ME 04102",Jcdmccormack@gmail.com,2077271231,"Mccormack, Teddy",6,4/8/2026,1/9/2027,1,PM | Ski | Children's Seasonal Program | 26/27 | Saturday | 4-6yrs | 1pm,$719.00,Type:Sale; Status:Open,Report Total,454,"$354,797.00"
Customer IP,Customer Name,Address,EMail,Age,Sale / Order Date,Product Date,Qty,Product,Net Amount,Transaction Type / Reservation Status,85428681,"Mccormack, James","256 Capisic St Portland, ME 04102",Jcdmccormack@gmail.com,2077271231,"Mccormack, Alice",9,4/8/2026,1/9/2027,1,PM | Ski | Children's Seasonal Program | 26/27 | Saturday | 7-12yrs | 1pm,$719.00,Type:Sale; Status:Open,Report Total,454,"$354,797.00"
Customer IP,Customer Name,Address,EMail,Age,Sale / Order Date,Product Date,Qty,Product,Net Amount,Transaction Type / Reservation Status,85428681,"Mccormack, James","256 Capisic St Portland, ME 04102",Jcdmccormack@gmail.com,2077271231,"Mccormack, Eleanor",10,4/8/2026,1/9/2027,1,PM | Ski | Children's Seasonal Program | 26/27 | Saturday | 7-12yrs | 1pm,$719.00,Type:Sale; Status:Open,Report Total,454,"$354,797.00"
Customer IP,Customer Name,Address,EMail,Age,Sale / Order Date,Product Date,Qty,Product,Net Amount,Transaction Type / Reservation Status,1225769,"Teeters-Trumpy, ILSE","33 shepherd lane PORTLAND, ME 04103",iteeterstrumpy@gmail.com,6176943818,"Gendron, Emeline",10,4/10/2026,1/10/2027,1,PM | Ski | Children's Seasonal Program | 26/27 | Sunday | 7-12yrs | 10am,$719.00,Type:Sale; Status:Open,Report Total,454,"$354,797.00"
Customer IP,Customer Name,Address,EMail,Age,Sale / Order Date,Product Date,Qty,Product,Net Amount,Transaction Type / Reservation Status,86704823,"Wright, David","9 Forest Rd Cape Elizabeth, ME 04107",dgwright05@gmail.com,5089547415,"Wright, Lydia",7,4/10/2026,1/9/2027,1,PM | Ski | Children's Seasonal Program | 26/27 | Saturday | 7-12yrs | 10am,$719.00,Type:Sale; Status:Open,Report Total,454,"$354,797.00"
Customer IP,Customer Name,Address,EMail,Age,Sale / Order Date,Product Date,Qty,Product,Net Amount,Transaction Type / Reservation Status,86704823,"Wright, David","9 Forest Rd Cape Elizabeth, ME 04107",dgwright05@gmail.com,5089547415,"Wright, Oliver",4,4/10/2026,1/9/2027,1,PM | Ski | Children's Seasonal Program | 26/27 | Saturday | 4-6yrs | 10am,$719.00,Type:Sale; Status:Open,Report Total,454,"$354,797.00"
Customer IP,Customer Name,Address,EMail,Age,Sale / Order Date,Product Date,Qty,Product,Net Amount,Transaction Type / Reservation Status,84374397,"Gauthier, Lee","3 scabbard rd Scarborough, ME 04074",lgauthier5@yahoo.com,2072395677,"Gauthier, James",4,4/11/2026,1/10/2027,1,PM | Ski | Children's Seasonal Program | 26/27 | Sunday | 4-6yrs | 1pm,$719.00,Type:Sale; Status:Open,Report Total,454,"$354,797.00"
Customer IP,Customer Name,Address,EMail,Age,Sale / Order Date,Product Date,Qty,Product,Net Amount,Transaction Type / Reservation Status,83771083,"Kremer, Hope","70 Ocean View Rd Cape Elizabeth, ME 04107",hopie.kremer@gmail.com,2035619546,"Kremer, Hugo",4,4/11/2026,1/9/2027,1,PM | Ski | Children's Seasonal Program | 26/27 | Saturday | 4-6yrs | 10am,$719.00,Type:Sale; Status:Open,Report Total,454,"$354,797.00"
Customer IP,Customer Name,Address,EMail,Age,Sale / Order Date,Product Date,Qty,Product,Net Amount,Transaction Type / Reservation Status,83771083,"Kremer, Hope","70 Ocean View Rd Cape Elizabeth, ME 04107",hopie.kremer@gmail.com,2035619546,"Kremer, Ulla",7,4/11/2026,1/9/2027,1,PM | Ski | Children's Seasonal Program | 26/27 | Saturday | 7-12yrs | 10am,$719.00,Type:Sale; Status:Open,Report Total,454,"$354,797.00"
Customer IP,Customer Name,Address,EMail,Age,Sale / Order Date,Product Date,Qty,Product,Net Amount,Transaction Type / Reservation Status,82016112,"Kelly, Kristen","78 Millett Rd Swampscott, MA 01907",kristenkelly1@gmail.com,5083338284,"Goulart, Weston James",4,4/13/2026,1/9/2027,1,PM | Ski | Children's Seasonal Program | 26/27 | Saturday | 4-6yrs | Full Day,$959.00,Type:Sale; Status:Open,Report Total,454,"$354,797.00"
Customer IP,Customer Name,Address,EMail,Age,Sale / Order Date,Product Date,Qty,Product,Net Amount,Transaction Type / Reservation Status,87018848,"Perez, Lauren","3 Hunter Point Dr Scarborough, ME 04074",lhagerman21@gmail.com,2077129537,"Perez, Avery",8,4/13/2026,1/9/2027,1,PM | Ski | Children's Seasonal Program | 26/27 | Saturday | 7-12yrs | 10am,$719.00,Type:Sale; Status:Open,Report Total,454,"$354,797.00"
Customer IP,Customer Name,Address,EMail,Age,Sale / Order Date,Product Date,Qty,Product,Net Amount,Transaction Type / Reservation Status,87018848,"Perez, Lauren","3 Hunter Point Dr Scarborough, ME 04074",lhagerman21@gmail.com,2077129537,"Perez, Emma",6,4/13/2026,1/9/2027,1,PM | Ski | Children's Seasonal Program | 26/27 | Saturday | 7-12yrs | 10am,$719.00,Type:Sale; Status:Open,Report Total,454,"$354,797.00"
Customer IP,Customer Name,Address,EMail,Age,Sale / Order Date,Product Date,Qty,Product,Net Amount,Transaction Type / Reservation Status,82223635,"Porter, Amanda","36 Woodmont St PORTLAND, ME 04102",porteram7@gmail.com,2076717207,"Spear, Elsie",7,4/14/2026,1/10/2027,1,PM | Ski | Children's Seasonal Program | 26/27 | Sunday | 7-12yrs | 1pm,$719.00,Type:Sale; Status:Open,Report Total,454,"$354,797.00"
Customer IP,Customer Name,Address,EMail,Age,Sale / Order Date,Product Date,Qty,Product,Net Amount,Transaction Type / Reservation Status,82223635,"Porter, Amanda","36 Woodmont St PORTLAND, ME 04102",porteram7@gmail.com,2076717207,"Spear, Willis E.",5,4/14/2026,1/10/2027,1,PM | Ski | Children's Seasonal Program | 26/27 | Sunday | 4-6yrs | 1pm,$719.00,Type:Sale; Status:Open,Report Total,454,"$354,797.00"
Customer IP,Customer Name,Address,EMail,Age,Sale / Order Date,Product Date,Qty,Product,Net Amount,Transaction Type / Reservation Status,81051333,"Condon, Matthew","7 Louanis Dr Reading, MA 01867",mjcondon79@gmail.com,7814249601,"Condon, James",12,4/16/2026,1/10/2027,1,PM | Ski | Children's Seasonal Program | 26/27 | Sunday | 11-13yrs | 9am,$799.00,Type:Sale; Status:Open,Report Total,454,"$354,797.00"
Customer IP,Customer Name,Address,EMail,Age,Sale / Order Date,Product Date,Qty,Product,Net Amount,Transaction Type / Reservation Status,81051333,"Condon, Matthew","7 Louanis Dr Reading, MA 01867",mjcondon79@gmail.com,7814249601,"Condon, Bridget",10,4/16/2026,1/10/2027,1,PM | Ski | Children's Seasonal Program | 26/27 | Sunday | 11-13yrs | 9am,$799.00,Type:Sale; Status:Open,Report Total,454,"$354,797.00"
Customer IP,Customer Name,Address,EMail,Age,Sale / Order Date,Product Date,Qty,Product,Net Amount,Transaction Type / Reservation Status,77236889,"Collier, Brian","493 Dennett Street Portsmouth, NH 03801",brianrcollier@gmail.com,8603773860,"Collier, Brooks",4,4/16/2026,1/9/2027,1,PM | Ski | Children's Seasonal Program | 26/27 | Saturday | 4-6yrs | Full Day,$959.00,Type:Sale; Status:Open,Report Total,454,"$354,797.00"
Customer IP,Customer Name,Address,EMail,Age,Sale / Order Date,Product Date,Qty,Product,Net Amount,Transaction Type / Reservation Status,87020855,"Doherty, Meghan","7 Hamlin st CAPE ELIZABETH, ME 04107",doherty.meghan@gmail.com,6177594375,"Markham, Michaela",5,4/16/2026,1/10/2027,1,PM | Ski | Children's Seasonal Program | 26/27 | Sunday | 4-6yrs | Full Day,$959.00,Type:Sale; Status:Open,Report Total,454,"$354,797.00"
Customer IP,Customer Name,Address,EMail,Age,Sale / Order Date,Product Date,Qty,Product,Net Amount,Transaction Type / Reservation Status,87020855,"Doherty, Meghan","7 Hamlin st CAPE ELIZABETH, ME 04107",doherty.meghan@gmail.com,6177594375,"Markham, Jesse",7,4/16/2026,1/10/2027,1,PM | Ski | Children's Seasonal Program | 26/27 | Sunday | 7-12yrs | Full Day,$959.00,Type:Sale; Status:Open,Report Total,454,"$354,797.00"
Customer IP,Customer Name,Address,EMail,Age,Sale / Order Date,Product Date,Qty,Product,Net Amount,Transaction Type / Reservation Status,86974192,"Zubrow, Kristin","22 Farmhouse Rd Scarborough, ME 04074",kristinjaundrill@gmail.com,2035001345,"Zubrow, Riley",9,4/17/2026,1/10/2027,1,PM | Ski | Children's Seasonal Program | 26/27 | Sunday | 7-12yrs | 10am,$719.00,Type:Sale; Status:Open,Report Total,454,"$354,797.00"
Customer IP,Customer Name,Address,EMail,Age,Sale / Order Date,Product Date,Qty,Product,Net Amount,Transaction Type / Reservation Status,86974192,"Zubrow, Kristin","22 Farmhouse Rd Scarborough, ME 04074",kristinjaundrill@gmail.com,2035001345,"Zubrow, Ellie",6,4/17/2026,1/10/2027,1,PM | Ski | Children's Seasonal Program | 26/27 | Sunday | 7-12yrs | 10am,$719.00,Type:Sale; Status:Open,Report Total,454,"$354,797.00"
Customer IP,Customer Name,Address,EMail,Age,Sale / Order Date,Product Date,Qty,Product,Net Amount,Transaction Type / Reservation Status,82628093,"Bannock, Brandon","20 Woodland rd Cape Elizabeth, ME 04107",bbannock@gmail.com,8606700697,"Bannock, Archie",10,4/17/2026,1/9/2027,1,PM | Ski | Children's Seasonal Program | 26/27 | Saturday | 7-12yrs | 1pm,$719.00,Type:Sale; Status:Open,Report Total,454,"$354,797.00"
Customer IP,Customer Name,Address,EMail,Age,Sale / Order Date,Product Date,Qty,Product,Net Amount,Transaction Type / Reservation Status,82628093,"Bannock, Brandon","20 Woodland rd Cape Elizabeth, ME 04107",bbannock@gmail.com,8606700697,"Bannock, Everett",8,4/17/2026,1/9/2027,1,PM | Ski | Children's Seasonal Program | 26/27 | Saturday | 7-12yrs | 1pm,$719.00,Type:Sale; Status:Open,Report Total,454,"$354,797.00"
Customer IP,Customer Name,Address,EMail,Age,Sale / Order Date,Product Date,Qty,Product,Net Amount,Transaction Type / Reservation Status,83860682,"Libby, Victoria","127 E 39th St Apt 5E New York, NY 10016",victorialibb@gmail.com,9143291538,"Cassin, Myla",4,4/18/2026,1/9/2027,1,PM | Ski | Children's Seasonal Program | 26/27 | Saturday | 4-6yrs | 10am,$719.00,Type:Sale; Status:Open,Report Total,454,"$354,797.00"
Customer IP,Customer Name,Address,EMail,Age,Sale / Order Date,Product Date,Qty,Product,Net Amount,Transaction Type / Reservation Status,83860682,"Libby, Victoria","127 E 39th St Apt 5E New York, NY 10016",victorialibb@gmail.com,9143291538,"Cassin, Luna",9,4/18/2026,1/9/2027,1,PM | Ski | Children's Seasonal Program | 26/27 | Saturday | 7-12yrs | 10am,$719.00,Type:Sale; Status:Open,Report Total,454,"$354,797.00"
Customer IP,Customer Name,Address,EMail,Age,Sale / Order Date,Product Date,Qty,Product,Net Amount,Transaction Type / Reservation Status,82544545,"Gensheimer, Jim","45 Center St YARMOUTH, ME 04096",rjgensheimer@gmail.com,2077128838,"Gensheimer, Anna",4,4/18/2026,1/10/2027,1,PM | Ski | Children's Seasonal Program | 26/27 | Sunday | 4-6yrs | Full Day,$959.00,Type:Sale; Status:Open,Report Total,454,"$354,797.00"
Customer IP,Customer Name,Address,EMail,Age,Sale / Order Date,Product Date,Qty,Product,Net Amount,Transaction Type / Reservation Status,82544545,"Gensheimer, Jim","45 Center St YARMOUTH, ME 04096",rjgensheimer@gmail.com,2077128838,"Gensheimer, Jack",7,4/18/2026,1/10/2027,1,PM | Ski | Children's Seasonal Program | 26/27 | Sunday | 7-12yrs | 10am,$719.00,Type:Sale; Status:Open,Report Total,454,"$354,797.00"
Customer IP,Customer Name,Address,EMail,Age,Sale / Order Date,Product Date,Qty,Product,Net Amount,Transaction Type / Reservation Status,81034890,"Leach, Krysti","14 Park st South Hamilton, MA 01982",krystileach4@gmail.com,2073187594,"Leach, Blair",3,4/21/2026,1/8/2027,1,PM | Ski | Children's Seasonal Program | 26/27 | 2-5yrs | Friday | Session 1,$339.00,Type:Sale; Status:Open,Report Total,454,"$354,797.00"
Customer IP,Customer Name,Address,EMail,Age,Sale / Order Date,Product Date,Qty,Product,Net Amount,Transaction Type / Reservation Status,82440014,"Dilger, Julia","8 Stratton Pl PORTLAND, ME 04101",juliaevelynbrenner@gmail.com,19738203573,"Dilger, Matilda",12,4/23/2026,1/10/2027,1,PM | Ski | Children's Seasonal Program | 26/27 | Sunday | 11-13yrs | 9am,$799.00,Type:Sale; Status:Open,Report Total,454,"$354,797.00"
Customer IP,Customer Name,Address,EMail,Age,Sale / Order Date,Product Date,Qty,Product,Net Amount,Transaction Type / Reservation Status,82440014,"Dilger, Julia","8 Stratton Pl PORTLAND, ME 04101",juliaevelynbrenner@gmail.com,19738203573,"Dilger, Beatrice",7,4/23/2026,1/10/2027,1,PM | Ski | Children's Seasonal Program | 26/27 | Sunday | 7-12yrs | Full Day,$959.00,Type:Sale; Status:Open,Report Total,454,"$354,797.00"
Customer IP,Customer Name,Address,EMail,Age,Sale / Order Date,Product Date,Qty,Product,Net Amount,Transaction Type / Reservation Status,82903586,"Botler, Tim","35 woodmont st Portland, ME 04102",tim.botler@gmail.com,12077127589,"Botler, Theo",7,4/24/2026,1/9/2027,-1,PM | Ski | Children's Seasonal Program | 26/27 | Saturday | 7-12yrs | Full Day,($959.00),Type:Return; Status:Open,Report Total,454,"$354,797.00"
Customer IP,Customer Name,Address,EMail,Age,Sale / Order Date,Product Date,Qty,Product,Net Amount,Transaction Type / Reservation Status,82903586,"Botler, Tim","35 woodmont st Portland, ME 04102",tim.botler@gmail.com,12077127589,"Botler, Calvin",4,4/24/2026,1/9/2027,-1,PM | Ski | Children's Seasonal Program | 26/27 | Saturday | 4-6yrs | Full Day,($959.00),Type:Return; Status:Open,Report Total,454,"$354,797.00"
Customer IP,Customer Name,Address,EMail,Age,Sale / Order Date,Product Date,Qty,Product,Net Amount,Transaction Type / Reservation Status,82903586,"Botler, Tim","35 woodmont st Portland, ME 04102",tim.botler@gmail.com,12077127589,"Botler, Calvin",4,4/24/2026,1/10/2027,1,PM | Ski | Children's Seasonal Program | 26/27 | Sunday | 4-6yrs | Full Day,$959.00,Type:Sale; Status:Open,Report Total,454,"$354,797.00"
Customer IP,Customer Name,Address,EMail,Age,Sale / Order Date,Product Date,Qty,Product,Net Amount,Transaction Type / Reservation Status,82903586,"Botler, Tim","35 woodmont st Portland, ME 04102",tim.botler@gmail.com,12077127589,"Botler, Theo",7,4/24/2026,1/10/2027,1,PM | Ski | Children's Seasonal Program | 26/27 | Sunday | 7-12yrs | Full Day,$959.00,Type:Sale; Status:Open,Report Total,454,"$354,797.00"
Customer IP,Customer Name,Address,EMail,Age,Sale / Order Date,Product Date,Qty,Product,Net Amount,Transaction Type / Reservation Status,1381481,"BLAIR, LAUREN","49 Rising Tide Ln Freeport, ME 04032",laurenblair7@gmail.com,6034969498,"Mills, Marian",8,4/25/2026,1/10/2027,1,PM | Ski | Children's Seasonal Program | 26/27 | Sunday | 7-12yrs | 10am,$719.00,Type:Sale; Status:Open,Report Total,454,"$354,797.00"
Customer IP,Customer Name,Address,EMail,Age,Sale / Order Date,Product Date,Qty,Product,Net Amount,Transaction Type / Reservation Status,1381481,"BLAIR, LAUREN","49 Rising Tide Ln Freeport, ME 04032",laurenblair7@gmail.com,6034969498,"Mills, Charlotte",4,4/25/2026,1/9/2027,1,PM | Ski | Children's Seasonal Program | 26/27 | Saturday | 4-6yrs | 10am,$719.00,Type:Sale; Status:Open,Report Total,454,"$354,797.00"
Customer IP,Customer Name,Address,EMail,Age,Sale / Order Date,Product Date,Qty,Product,Net Amount,Transaction Type / Reservation Status,78248614,"Liegner, Adam","274 Main St Cumberland Center, ME 04021",adam.liegner@gmail.com,2073172441,"Liegner, Josie",4,4/25/2026,1/10/2027,1,PM | Ski | Children's Seasonal Program | 26/27 | Sunday | 4-6yrs | 1pm,$719.00,Type:Sale; Status:Open,Report Total,454,"$354,797.00"
Customer IP,Customer Name,Address,EMail,Age,Sale / Order Date,Product Date,Qty,Product,Net Amount,Transaction Type / Reservation Status,77781202,"Skillings, James","5 Flintlock Dr Scarborough, ME 04074",jrskilli@gmail.com,2079395402,"Skillings, Andrew",13,4/26/2026,1/9/2027,1,PM | Ski | Children's Seasonal Program | 26/27 | Saturday | 11-13yrs | 9am,$799.00,Type:Sale; Status:Open,Report Total,454,"$354,797.00"
Customer IP,Customer Name,Address,EMail,Age,Sale / Order Date,Product Date,Qty,Product,Net Amount,Transaction Type / Reservation Status,81034781,"Eaton, Jennifer","1001 River Rd Brunswick, ME 04011",jceatcc@gmail.com,4088073503,"Eaton, Gilbert",10,4/26/2026,1/10/2027,1,PM | Ski | Children's Seasonal Program | 26/27 | Sunday | 7-12yrs | Full Day,$959.00,Type:Sale; Status:Open,Report Total,454,"$354,797.00"
Customer IP,Customer Name,Address,EMail,Age,Sale / Order Date,Product Date,Qty,Product,Net Amount,Transaction Type / Reservation Status,81494930,"Cardone, Beth","6 Ardell Street Quincy, MA 02171",beth.cardone@gmail.com,6174625375,"Cardone, Dominic",8,4/27/2026,1/10/2027,1,PM | Ski | Children's Seasonal Program | 26/27 | Sunday | 7-12yrs | Full Day,$959.00,Type:Sale; Status:Open,Report Total,454,"$354,797.00"
Customer IP,Customer Name,Address,EMail,Age,Sale / Order Date,Product Date,Qty,Product,Net Amount,Transaction Type / Reservation Status,81494930,"Cardone, Beth","6 Ardell Street Quincy, MA 02171",beth.cardone@gmail.com,6174625375,"Cardone, Marie",6,4/27/2026,1/10/2027,1,PM | Ski | Children's Seasonal Program | 26/27 | Sunday | 7-12yrs | Full Day,$959.00,Type:Sale; Status:Open,Report Total,454,"$354,797.00"
Customer IP,Customer Name,Address,EMail,Age,Sale / Order Date,Product Date,Qty,Product,Net Amount,Transaction Type / Reservation Status,81035360,"Wesolowski, Marty","71 TENPENNY ST FREEPORT, ME 04032",mwesolowski@gmail.com,4132651710,"Wesolowski, Margot",8,4/27/2026,1/10/2027,1,PM | Ski | Children's Seasonal Program | 26/27 | Sunday | 7-12yrs | 10am,$719.00,Type:Sale; Status:Open,Report Total,454,"$354,797.00"
Customer IP,Customer Name,Address,EMail,Age,Sale / Order Date,Product Date,Qty,Product,Net Amount,Transaction Type / Reservation Status,81034874,"Pfeifer, Kiersten","68 Maple Ave Scarborough, ME 04074",kdhpfeifer@gmail.com,2076537248,"Benjamin, Clara",6,4/28/2026,1/10/2027,1,PM | Ski | Children's Seasonal Program | 26/27 | Sunday | 4-6yrs | 1pm,$719.00,Type:Sale; Status:Open,Report Total,454,"$354,797.00"
Customer IP,Customer Name,Address,EMail,Age,Sale / Order Date,Product Date,Qty,Product,Net Amount,Transaction Type / Reservation Status,81035360,"Wesolowski, Marty","71 TENPENNY ST FREEPORT, ME 04032",mwesolowski@gmail.com,4132651710,"Wesolowski, Casimir",5,4/28/2026,1/10/2027,1,PM | Ski | Children's Seasonal Program | 26/27 | Sunday | 4-6yrs | 1pm,$719.00,Type:Sale; Status:Open,Report Total,454,"$354,797.00"
Customer IP,Customer Name,Address,EMail,Age,Sale / Order Date,Product Date,Qty,Product,Net Amount,Transaction Type / Reservation Status,87028997,"Oakes, Martha","258 Main St Cumberland Center, ME 04021",oakesmartha@gmail.com,4157132264,"Kerschner, Penelope",5,4/29/2026,1/9/2027,1,PM | Ski | Children's Seasonal Program | 26/27 | Saturday | 4-6yrs | Full Day,$959.00,Type:Sale; Status:Open,Report Total,454,"$354,797.00"
Customer IP,Customer Name,Address,EMail,Age,Sale / Order Date,Product Date,Qty,Product,Net Amount,Transaction Type / Reservation Status,85581947,"Parker, Nicholas","10 Cape View Dr Windham, ME 04062",parkerpainting@hotmail.com,7819646677,"Parker, Riley",3,4/29/2026,1/9/2027,1,PM | Ski | Children's Seasonal Program | 26/27 | Saturday | 4-6yrs | Full Day,$959.00,Type:Sale; Status:Open,Report Total,454,"$354,797.00"
Customer IP,Customer Name,Address,EMail,Age,Sale / Order Date,Product Date,Qty,Product,Net Amount,Transaction Type / Reservation Status,85581947,"Parker, Nicholas","10 Cape View Dr Windham, ME 04062",parkerpainting@hotmail.com,7819646677,"Parker, Arden",6,4/29/2026,1/9/2027,1,PM | Ski | Children's Seasonal Program | 26/27 | Saturday | 7-12yrs | Full Day,$959.00,Type:Sale; Status:Open,Report Total,454,"$354,797.00"
Customer IP,Customer Name,Address,EMail,Age,Sale / Order Date,Product Date,Qty,Product,Net Amount,Transaction Type / Reservation Status,77086020,"Quinn, Stanley","61 Middle Jam Rd Gorham, ME 04038",squinn134@gmail.com,2076507321,"Quinn, Ebba",5,4/29/2026,1/10/2027,1,PM | Ski | Children's Seasonal Program | 26/27 | Sunday | 4-6yrs | 1pm,$719.00,Type:Sale; Status:Open,Report Total,454,"$354,797.00"
Customer IP,Customer Name,Address,EMail,Age,Sale / Order Date,Product Date,Qty,Product,Net Amount,Transaction Type / Reservation Status,77086020,"Quinn, Stanley","61 Middle Jam Rd Gorham, ME 04038",squinn134@gmail.com,2076507321,"Quinn, Leo",9,4/29/2026,1/10/2027,1,PM | Ski | Children's Seasonal Program | 26/27 | Sunday | 7-12yrs | 1pm,$719.00,Type:Sale; Status:Open,Report Total,454,"$354,797.00"
Customer IP,Customer Name,Address,EMail,Age,Sale / Order Date,Product Date,Qty,Product,Net Amount,Transaction Type / Reservation Status,77086020,"Quinn, Stanley","61 Middle Jam Rd Gorham, ME 04038",squinn134@gmail.com,2076507321,"Quinn, Remy",7,4/29/2026,1/10/2027,1,PM | Ski | Children's Seasonal Program | 26/27 | Sunday | 7-12yrs | 1pm,$719.00,Type:Sale; Status:Open,Report Total,454,"$354,797.00"
Customer IP,Customer Name,Address,EMail,Age,Sale / Order Date,Product Date,Qty,Product,Net Amount,Transaction Type / Reservation Status,85744892,"Grotton, Leah","10 Milky Way Scarborough, ME 04074",leahgrotton55@gmail.com,2073188741,"Laush, Anita",7,4/29/2026,1/9/2027,1,PM | Ski | Children's Seasonal Program | 26/27 | Saturday | 7-12yrs | Full Day,$959.00,Type:Sale; Status:Open,Report Total,454,"$354,797.00"
Customer IP,Customer Name,Address,EMail,Age,Sale / Order Date,Product Date,Qty,Product,Net Amount,Transaction Type / Reservation Status,85744892,"Grotton, Leah","10 Milky Way Scarborough, ME 04074",leahgrotton55@gmail.com,2073188741,"Laush, Poppy",5,4/29/2026,1/9/2027,1,PM | Ski | Children's Seasonal Program | 26/27 | Saturday | 4-6yrs | Full Day,$959.00,Type:Sale; Status:Open,Report Total,454,"$354,797.00"
Customer IP,Customer Name,Address,EMail,Age,Sale / Order Date,Product Date,Qty,Product,Net Amount,Transaction Type / Reservation Status,78836250,"Keelty, Heather","59 Highland st Portland, ME 04103",hstone2@gmail.com,7817715821,"Keelty, Finn",5,4/29/2026,1/10/2027,1,PM | Ski | Children's Seasonal Program | 26/27 | Sunday | 4-6yrs | 1pm,$719.00,Type:Sale; Status:Open,Report Total,454,"$354,797.00"
Customer IP,Customer Name,Address,EMail,Age,Sale / Order Date,Product Date,Qty,Product,Net Amount,Transaction Type / Reservation Status,78836250,"Keelty, Heather","59 Highland st Portland, ME 04103",hstone2@gmail.com,7817715821,"Keelty, Aiden",7,4/29/2026,1/10/2027,1,PM | Ski | Children's Seasonal Program | 26/27 | Sunday | 7-12yrs | 1pm,$719.00,Type:Sale; Status:Open,Report Total,454,"$354,797.00"
Customer IP,Customer Name,Address,EMail,Age,Sale / Order Date,Product Date,Qty,Product,Net Amount,Transaction Type / Reservation Status,81299813,"Schwarz, Casey","81 Pitt St Portland, ME 04103",caseyelizabeth@gmail.com,6037596724,"Nichols, Sadie",6,4/29/2026,1/10/2027,1,PM | Ski | Children's Seasonal Program | 26/27 | Sunday | 7-12yrs | 1pm,$719.00,Type:Sale; Status:Open,Report Total,454,"$354,797.00"
Customer IP,Customer Name,Address,EMail,Age,Sale / Order Date,Product Date,Qty,Product,Net Amount,Transaction Type / Reservation Status,81299813,"Schwarz, Casey","81 Pitt St Portland, ME 04103",caseyelizabeth@gmail.com,6037596724,"Nichols, Frances",9,4/29/2026,1/10/2027,1,PM | Ski | Children's Seasonal Program | 26/27 | Sunday | 7-12yrs | Full Day,$959.00,Type:Sale; Status:Open,Report Total,454,"$354,797.00"
Customer IP,Customer Name,Address,EMail,Age,Sale / Order Date,Product Date,Qty,Product,Net Amount,Transaction Type / Reservation Status,85815788,"Shane, Andrea","21 Peterson rd Westbrook, ME 04092",andreashane428@gmail.com,2074201022,"Richio, Nyla",2,4/29/2026,1/8/2027,1,PM | Ski | Children's Seasonal Program | 26/27 | 2-5yrs | Friday | Session 1,$339.00,Type:Sale; Status:Open,Report Total,454,"$354,797.00"
Customer IP,Customer Name,Address,EMail,Age,Sale / Order Date,Product Date,Qty,Product,Net Amount,Transaction Type / Reservation Status,82464766,"Cook, Travis","181 Hennessy Dr Portland, ME 04103",tdoh_2@hotmail.com,7738449860,"Cook, Penny",9,4/30/2026,1/10/2027,1,PM | Ski | Children's Seasonal Program | 26/27 | Sunday | 7-12yrs | Full Day,$959.00,Type:Sale; Status:Open,Report Total,454,"$354,797.00"
Customer IP,Customer Name,Address,EMail,Age,Sale / Order Date,Product Date,Qty,Product,Net Amount,Transaction Type / Reservation Status,84285754,"Roy, Abigail","102 Balsam Ln Yarmouth, ME 04096",abigail.s.wolf@gmail.com,3392232229,"Roy, Alice",7,4/30/2026,1/10/2027,1,PM | Ski | Children's Seasonal Program | 26/27 | Sunday | 7-12yrs | Full Day,$959.00,Type:Sale; Status:Open,Report Total,454,"$354,797.00"
Customer IP,Customer Name,Address,EMail,Age,Sale / Order Date,Product Date,Qty,Product,Net Amount,Transaction Type / Reservation Status,81035556,"Andress, Reid","271 Ledge Rd Yarmouth, ME 04096",rcandress@gmail.com,9063704819,"Andress, Malcolm",11,4/30/2026,1/10/2027,1,PM | Ski | Children's Seasonal Program | 26/27 | Sunday | 7-12yrs | 1pm,$719.00,Type:Sale; Status:Open,Report Total,454,"$354,797.00"
Customer IP,Customer Name,Address,EMail,Age,Sale / Order Date,Product Date,Qty,Product,Net Amount,Transaction Type / Reservation Status,81035556,"Andress, Reid","271 Ledge Rd Yarmouth, ME 04096",rcandress@gmail.com,9063704819,"Andress, Alden",7,4/30/2026,1/10/2027,1,PM | Ski | Children's Seasonal Program | 26/27 | Sunday | 7-12yrs | 1pm,$719.00,Type:Sale; Status:Open,Report Total,454,"$354,797.00"
Customer IP,Customer Name,Address,EMail,Age,Sale / Order Date,Product Date,Qty,Product,Net Amount,Transaction Type / Reservation Status,80643530,"McDevitt, Kim","7 Todd Rd Cape Elizabeth, ME 04107",kim.d.mcdevitt@gmail.com,4433104456,"McDevitt, Eleanor",11,4/30/2026,1/9/2027,1,PM | Ski | Children's Seasonal Program | 26/27 | Saturday | 7-12yrs | Full Day,$959.00,Type:Sale; Status:Open,Report Total,454,"$354,797.00"
Customer IP,Customer Name,Address,EMail,Age,Sale / Order Date,Product Date,Qty,Product,Net Amount,Transaction Type / Reservation Status,80643530,"McDevitt, Kim","7 Todd Rd Cape Elizabeth, ME 04107",kim.d.mcdevitt@gmail.com,4433104456,"McDevitt, Casey",7,4/30/2026,1/9/2027,1,PM | Ski | Children's Seasonal Program | 26/27 | Saturday | 7-12yrs | Full Day,$959.00,Type:Sale; Status:Open,Report Total,454,"$354,797.00"
Customer IP,Customer Name,Address,EMail,Age,Sale / Order Date,Product Date,Qty,Product,Net Amount,Transaction Type / Reservation Status,1381481,"BLAIR, LAUREN","49 Rising Tide Ln Freeport, ME 04032",laurenblair7@gmail.com,6034969498,"Mills, Charlotte",4,4/30/2026,1/9/2027,-1,PM | Ski | Children's Seasonal Program | 26/27 | Saturday | 4-6yrs | 10am,($719.00),Type:Return; Status:Open,Report Total,454,"$354,797.00"
Customer IP,Customer Name,Address,EMail,Age,Sale / Order Date,Product Date,Qty,Product,Net Amount,Transaction Type / Reservation Status,1381481,"BLAIR, LAUREN","49 Rising Tide Ln Freeport, ME 04032",laurenblair7@gmail.com,6034969498,"Mills, Charlotte",4,4/30/2026,1/10/2027,1,PM | Ski | Children's Seasonal Program | 26/27 | Sunday | 4-6yrs | 10am,$719.00,Type:Sale; Status:Open,Report Total,454,"$354,797.00"
Customer IP,Customer Name,Address,EMail,Age,Sale / Order Date,Product Date,Qty,Product,Net Amount,Transaction Type / Reservation Status,77505494,"Siladi, Terran","287 Ludlow St PORTLAND, ME 04102",terransiladi@gmail.com,2079079122,"Siladi, Maeve",3,4/30/2026,1/10/2027,1,PM | Ski | Children's Seasonal Program | 26/27 | Sunday | 4-6yrs | 1pm,$719.00,Type:Sale; Status:Open,Report Total,454,"$354,797.00"
Customer IP,Customer Name,Address,EMail,Age,Sale / Order Date,Product Date,Qty,Product,Net Amount,Transaction Type / Reservation Status,82543186,"Sly, Richard","134 Oakdale Steet Portland, ME 04103",rblairsly@gmail.com,15109199084,"Sly, Maya",10,4/30/2026,1/10/2027,1,PM | Ski | Children's Seasonal Program | 26/27 | Sunday | 7-12yrs | Full Day,$959.00,Type:Sale; Status:Open,Report Total,454,"$354,797.00"
Customer IP,Customer Name,Address,EMail,Age,Sale / Order Date,Product Date,Qty,Product,Net Amount,Transaction Type / Reservation Status,82543186,"Sly, Richard","134 Oakdale Steet Portland, ME 04103",rblairsly@gmail.com,15109199084,"Sly, Zetta",6,4/30/2026,1/10/2027,1,PM | Ski | Children's Seasonal Program | 26/27 | Sunday | 7-12yrs | 1pm,$719.00,Type:Sale; Status:Open,Report Total,454,"$354,797.00"
Customer IP,Customer Name,Address,EMail,Age,Sale / Order Date,Product Date,Qty,Product,Net Amount,Transaction Type / Reservation Status,82129252,"Chamberlin, Jennifer","11 Longwood Dr Portland, ME 04102",jenn.chamberlin821@gmail.com,7817240117,"Chamberlin, Isabelle",9,4/30/2026,1/10/2027,1,PM | Ski | Children's Seasonal Program | 26/27 | Sunday | 7-12yrs | 10am,$719.00,Type:Sale; Status:Open,Report Total,454,"$354,797.00"
Customer IP,Customer Name,Address,EMail,Age,Sale / Order Date,Product Date,Qty,Product,Net Amount,Transaction Type / Reservation Status,82129252,"Chamberlin, Jennifer","11 Longwood Dr Portland, ME 04102",jenn.chamberlin821@gmail.com,7817240117,"Chamberlin, Isla",4,4/30/2026,1/10/2027,1,PM | Ski | Children's Seasonal Program | 26/27 | Sunday | 4-6yrs | 1pm,$719.00,Type:Sale; Status:Open,Report Total,454,"$354,797.00"
Customer IP,Customer Name,Address,EMail,Age,Sale / Order Date,Product Date,Qty,Product,Net Amount,Transaction Type / Reservation Status,77162648,"Steinglass, Jedd S","132 Noyes St Portland, ME 04103",jsteinglass@gmail.com,2077562319,"Steinglass, Eliza",9,4/30/2026,1/10/2027,1,PM | Ski | Children's Seasonal Program | 26/27 | Sunday | 7-12yrs | 1pm,$719.00,Type:Sale; Status:Open,Report Total,454,"$354,797.00"
Customer IP,Customer Name,Address,EMail,Age,Sale / Order Date,Product Date,Qty,Product,Net Amount,Transaction Type / Reservation Status,77162648,"Steinglass, Jedd S","132 Noyes St Portland, ME 04103",jsteinglass@gmail.com,2077562319,"Steinglass, Natalie",6,4/30/2026,1/10/2027,1,PM | Ski | Children's Seasonal Program | 26/27 | Sunday | 7-12yrs | 1pm,$719.00,Type:Sale; Status:Open,Report Total,454,"$354,797.00"
Customer IP,Customer Name,Address,EMail,Age,Sale / Order Date,Product Date,Qty,Product,Net Amount,Transaction Type / Reservation Status,82524561,"Schwartz, Kathryn","48 Narragansett St Gorham, ME 04038",kadyeschwartz@gmail.com,6035026209,"Schwartz, Henry",8,4/30/2026,1/9/2027,1,PM | Ski | Children's Seasonal Program | 26/27 | Saturday | 7-12yrs | 10am,$719.00,Type:Sale; Status:Open,Report Total,454,"$354,797.00"
Customer IP,Customer Name,Address,EMail,Age,Sale / Order Date,Product Date,Qty,Product,Net Amount,Transaction Type / Reservation Status,82524561,"Schwartz, Kathryn","48 Narragansett St Gorham, ME 04038",kadyeschwartz@gmail.com,6035026209,"Schwartz, Aida",6,4/30/2026,1/9/2027,1,PM | Ski | Children's Seasonal Program | 26/27 | Saturday | 4-6yrs | 10am,$719.00,Type:Sale; Status:Open,Report Total,454,"$354,797.00"
Customer IP,Customer Name,Address,EMail,Age,Sale / Order Date,Product Date,Qty,Product,Net Amount,Transaction Type / Reservation Status,81953124,"Bouchard, Eric","7 pearson drive GORHAM, ME 04038-2635",eric@rmpearsoninc.com,12074361380,"Bouchard, Piper",8,4/30/2026,1/10/2027,1,PM | Ski | Children's Seasonal Program | 26/27 | Sunday | 7-12yrs | Full Day,$959.00,Type:Sale; Status:Open,Report Total,454,"$354,797.00"
Customer IP,Customer Name,Address,EMail,Age,Sale / Order Date,Product Date,Qty,Product,Net Amount,Transaction Type / Reservation Status,86926390,"Rose, Katherine","10215 Napoleon St Fredericksburg, VA 22408",kat.rose006@gmail.com,5409075128,"Rose, Gemma",9,4/30/2026,1/9/2027,1,PM | Ski | Children's Seasonal Program | 26/27 | Saturday | 7-12yrs | Full Day,$959.00,Type:Sale; Status:Open,Report Total,454,"$354,797.00"
Customer IP,Customer Name,Address,EMail,Age,Sale / Order Date,Product Date,Qty,Product,Net Amount,Transaction Type / Reservation Status,86481356,"Dougherty, Penny","23 Hedgerow Dr Cumberland Center, ME 04021",penelope.johnson3636@gmail.com,4133206292,"Dougherty, Hunter",6,4/30/2026,1/9/2027,1,PM | Ski | Children's Seasonal Program | 26/27 | Saturday | 4-6yrs | 10am,$719.00,Type:Sale; Status:Open,Report Total,454,"$354,797.00"
Customer IP,Customer Name,Address,EMail,Age,Sale / Order Date,Product Date,Qty,Product,Net Amount,Transaction Type / Reservation Status,84209131,"Ritchie, Lucus","4 Heritage Ct Cape Elizabeth, ME 04107",lritchie@pierceatwood.com,2073170614,"Ritchie, Leo",9,4/30/2026,1/9/2027,1,PM | Ski | Children's Seasonal Program | 26/27 | Saturday | 7-12yrs | 1pm,$719.00,Type:Sale; Status:Open,Report Total,454,"$354,797.00"
Customer IP,Customer Name,Address,EMail,Age,Sale / Order Date,Product Date,Qty,Product,Net Amount,Transaction Type / Reservation Status,1276849,"SCHULTE, JILL","18 Park Steet KENNEBUNK, ME 04043",jillhschulte@gmail.com,2074088376,"Schulte, Grace",6,4/30/2026,1/9/2027,1,PM | Ski | Children's Seasonal Program | 26/27 | Saturday | 7-12yrs | 1pm,$719.00,Type:Sale; Status:Open,Report Total,454,"$354,797.00"
Customer IP,Customer Name,Address,EMail,Age,Sale / Order Date,Product Date,Qty,Product,Net Amount,Transaction Type / Reservation Status,79453302,"Ross, Stephanie","44 Center St Groveland, MA 01834",SRoss31@gmail.com,4138961917,"Davis, Samantha",4,5/1/2026,1/9/2027,1,PM | Ski | Children's Seasonal Program | 26/27 | Saturday | 4-6yrs | Full Day,$959.00,Type:Sale; Status:Open,Report Total,454,"$354,797.00"
Customer IP,Customer Name,Address,EMail,Age,Sale / Order Date,Product Date,Qty,Product,Net Amount,Transaction Type / Reservation Status,78202668,"Randi, Ashley","6 Chase Street West Newbury, MA 01985",ashley.lauren.hines@gmail.com,9787907058,"Randi, Jane",5,5/1/2026,1/9/2027,1,PM | Ski | Children's Seasonal Program | 26/27 | Saturday | 4-6yrs | 10am,$779.00,Type:Sale; Status:Open,Report Total,454,"$354,797.00"
Customer IP,Customer Name,Address,EMail,Age,Sale / Order Date,Product Date,Qty,Product,Net Amount,Transaction Type / Reservation Status,77227316,"Ranta, Brian","5 Lone Pine Ln Yarmouth, ME 04096",ranta.brian@gmail.com,9788570585,"Ranta, Jackson",5,5/1/2026,1/9/2027,1,PM | Ski | Children's Seasonal Program | 26/27 | Saturday | 4-6yrs | Full Day,$999.00,Type:Sale; Status:Open,Report Total,454,"$354,797.00"
Customer IP,Customer Name,Address,EMail,Age,Sale / Order Date,Product Date,Qty,Product,Net Amount,Transaction Type / Reservation Status,78498568,"Estell, Eben","27 Florence St Apt 1 Portland, ME 04103",ebenestell@gmail.com,2073705588,"Estell, Quinn",4,5/2/2026,1/10/2027,1,PM | Ski | Children's Seasonal Program | 26/27 | Sunday | 4-6yrs | 1pm,$779.00,Type:Sale; Status:Open,Report Total,454,"$354,797.00"
Customer IP,Customer Name,Address,EMail,Age,Sale / Order Date,Product Date,Qty,Product,Net Amount,Transaction Type / Reservation Status,83462004,"Stanton, Paula","25 Stonybrook Rd Cape Elizabeth, ME 04107",Paulafayme@gmail.com,2073188328,"Stanton, Lucca",8,5/2/2026,1/10/2027,1,PM | Ski | Children's Seasonal Program | 26/27 | Sunday | 7-12yrs | 10am,$779.00,Type:Sale; Status:Open,Report Total,454,"$354,797.00"
Customer IP,Customer Name,Address,EMail,Age,Sale / Order Date,Product Date,Qty,Product,Net Amount,Transaction Type / Reservation Status,86141761,"Jordan, Nancy","43 Turtle Cove Rd Raymond, ME 04071",jordannancy3@gmail.com,9783374143,"Jordan, Natalie",7,5/4/2026,1/10/2027,1,PM | Ski | Children's Seasonal Program | 26/27 | Sunday | 7-12yrs | 1pm,$779.00,Type:Sale; Status:Open,Report Total,454,"$354,797.00"
Customer IP,Customer Name,Address,EMail,Age,Sale / Order Date,Product Date,Qty,Product,Net Amount,Transaction Type / Reservation Status,85252934,"Halligan, Maureen","41 Lockland Dr Windham, ME 04062",maureen.p.halligan@gmail.com,7818642992,"Halligan, Seamus",9,5/7/2026,1/10/2027,1,PM | Ski | Children's Seasonal Program | 26/27 | Sunday | 7-12yrs | 10am,$779.00,Type:Sale; Status:Open,Report Total,454,"$354,797.00"
Customer IP,Customer Name,Address,EMail,Age,Sale / Order Date,Product Date,Qty,Product,Net Amount,Transaction Type / Reservation Status,77902868,"Waite, Alexander","5 Brookview Ln North Yarmouth, ME 04097",alexwaite13@gmail.com,2073930330,"Waite, Sylvie",7,5/12/2026,1/9/2027,1,PM | Ski | Children's Seasonal Program | 26/27 | Saturday | 7-12yrs | 10am,$779.00,Type:Sale; Status:Open,Report Total,454,"$354,797.00"
Customer IP,Customer Name,Address,EMail,Age,Sale / Order Date,Product Date,Qty,Product,Net Amount,Transaction Type / Reservation Status,77902868,"Waite, Alexander","5 Brookview Ln North Yarmouth, ME 04097",alexwaite13@gmail.com,2073930330,"Waite, Isla",5,5/12/2026,1/9/2027,1,PM | Ski | Children's Seasonal Program | 26/27 | Saturday | 4-6yrs | 10am,$779.00,Type:Sale; Status:Open,Report Total,454,"$354,797.00"
Customer IP,Customer Name,Address,EMail,Age,Sale / Order Date,Product Date,Qty,Product,Net Amount,Transaction Type / Reservation Status,83549053,"Johnston, Haynes","366 Spring St Portland, ME 04102",mhjohnstonjr@gmail.com,9143253398,"Johnston, Scarlett",6,5/19/2026,1/9/2027,1,PM | Ski | Children's Seasonal Program | 26/27 | Saturday | 4-6yrs | Full Day,$999.00,Type:Sale; Status:Open,Report Total,454,"$354,797.00"
Customer IP,Customer Name,Address,EMail,Age,Sale / Order Date,Product Date,Qty,Product,Net Amount,Transaction Type / Reservation Status,83549053,"Johnston, Haynes","366 Spring St Portland, ME 04102",mhjohnstonjr@gmail.com,9143253398,"Johnston, Birdie",9,5/19/2026,1/9/2027,1,PM | Ski | Children's Seasonal Program | 26/27 | Saturday | 7-12yrs | Full Day,$999.00,Type:Sale; Status:Open,Report Total,454,"$354,797.00"
Customer IP,Customer Name,Address,EMail,Age,Sale / Order Date,Product Date,Qty,Product,Net Amount,Transaction Type / Reservation Status,85293439,"Vogel, Sylvan","8 Old Farm Ln Yarmouth, ME 04096",sylvan.vogel@gmail.com,2073171804,"Vogel, Rosalind",8,5/19/2026,1/9/2027,1,PM | Ski | Children's Seasonal Program | 26/27 | Saturday | 7-12yrs | Full Day,$999.00,Type:Sale; Status:Open,Report Total,454,"$354,797.00"
Customer IP,Customer Name,Address,EMail,Age,Sale / Order Date,Product Date,Qty,Product,Net Amount,Transaction Type / Reservation Status,82942843,"Kjeldgaard, Olivia","52 W Elm St YARMOUTH, ME 04096",oleachkr@gmail.com,14134415360,"Kjeldgaard, Emmy",9,5/20/2026,1/10/2027,1,PM | Ski | Children's Seasonal Program | 26/27 | Sunday | 7-12yrs | Full Day,$999.00,Type:Sale; Status:Open,Report Total,454,"$354,797.00"
Customer IP,Customer Name,Address,EMail,Age,Sale / Order Date,Product Date,Qty,Product,Net Amount,Transaction Type / Reservation Status,82942843,"Kjeldgaard, Olivia","52 W Elm St YARMOUTH, ME 04096",oleachkr@gmail.com,14134415360,"Kjeldgaard, Isabelle",6,5/20/2026,1/10/2027,1,PM | Ski | Children's Seasonal Program | 26/27 | Sunday | 7-12yrs | Full Day,$999.00,Type:Sale; Status:Open,Report Total,454,"$354,797.00"
Customer IP,Customer Name,Address,EMail,Age,Sale / Order Date,Product Date,Qty,Product,Net Amount,Transaction Type / Reservation Status,81035360,"Wesolowski, Marty","71 TENPENNY ST FREEPORT, ME 04032",mwesolowski@gmail.com,4132651710,"Wesolowski, Casimir",5,5/20/2026,1/10/2027,-1,PM | Ski | Children's Seasonal Program | 26/27 | Sunday | 4-6yrs | 1pm,($719.00),Type:Return; Status:Open,Report Total,454,"$354,797.00"
Customer IP,Customer Name,Address,EMail,Age,Sale / Order Date,Product Date,Qty,Product,Net Amount,Transaction Type / Reservation Status,81035360,"Wesolowski, Marty","71 TENPENNY ST FREEPORT, ME 04032",mwesolowski@gmail.com,4132651710,"Wesolowski, Casimir",5,5/20/2026,1/10/2027,1,PM | Ski | Children's Seasonal Program | 26/27 | Sunday | 4-6yrs | 10am,$719.00,Type:Sale; Status:Open,Report Total,454,"$354,797.00"
Customer IP,Customer Name,Address,EMail,Age,Sale / Order Date,Product Date,Qty,Product,Net Amount,Transaction Type / Reservation Status,78364142,"Fey, Jamie","15 Amherst St Portland, ME 04103",jamie.fey@gmail.com,2072329214,"Fey, Louisa",6,5/23/2026,1/10/2027,1,PM | Ski | Children's Seasonal Program | 26/27 | Sunday | 4-6yrs | 1pm,$779.00,Type:Sale; Status:Open,Report Total,454,"$354,797.00"
Customer IP,Customer Name,Address,EMail,Age,Sale / Order Date,Product Date,Qty,Product,Net Amount,Transaction Type / Reservation Status,87043165,"Haimes, Essie","64 Hersey St Portland, ME 04103",essiehaimes@gmail.com,6463271180,"Haimes, Josie",7,5/26/2026,1/10/2027,1,PM | Ski | Children's Seasonal Program | 26/27 | Sunday | 7-12yrs | 10am,$779.00,Type:Sale; Status:Open,Report Total,454,"$354,797.00"
Customer IP,Customer Name,Address,EMail,Age,Sale / Order Date,Product Date,Qty,Product,Net Amount,Transaction Type / Reservation Status,81991464,"Beeler, Chris","4 Oakwood Rd Cape Elizabeth, ME 04107",chris.j.beeler@gmail.com,7408157628,"Beeler, Lewyn",5,5/27/2026,1/10/2027,1,PM | Ski | Children's Seasonal Program | 26/27 | Sunday | 4-6yrs | Full Day,$999.00,Type:Sale; Status:Open,Report Total,454,"$354,797.00"
Customer IP,Customer Name,Address,EMail,Age,Sale / Order Date,Product Date,Qty,Product,Net Amount,Transaction Type / Reservation Status,81991464,"Beeler, Chris","4 Oakwood Rd Cape Elizabeth, ME 04107",chris.j.beeler@gmail.com,7408157628,"Beeler, Jay",7,5/27/2026,1/10/2027,1,PM | Ski | Children's Seasonal Program | 26/27 | Sunday | 7-12yrs | Full Day,$999.00,Type:Sale; Status:Open,Report Total,454,"$354,797.00"
Customer IP,Customer Name,Address,EMail,Age,Sale / Order Date,Product Date,Qty,Product,Net Amount,Transaction Type / Reservation Status,86173613,"Douglass, Baily","3 Hill St Cumberland Center, ME 04021",bailybdouglass@gmail.com,9414085368,"Douglass, Preston",3,5/27/2026,1/10/2027,1,PM | Ski | Children's Seasonal Program | 26/27 | Sunday | 4-6yrs | Full Day,$999.00,Type:Sale; Status:Open,Report Total,454,"$354,797.00"
Customer IP,Customer Name,Address,EMail,Age,Sale / Order Date,Product Date,Qty,Product,Net Amount,Transaction Type / Reservation Status,86173613,"Douglass, Baily","3 Hill St Cumberland Center, ME 04021",bailybdouglass@gmail.com,9414085368,"Douglass, Winnie",6,5/27/2026,1/10/2027,1,PM | Ski | Children's Seasonal Program | 26/27 | Sunday | 4-6yrs | Full Day,$999.00,Type:Sale; Status:Open,Report Total,454,"$354,797.00"
Customer IP,Customer Name,Address,EMail,Age,Sale / Order Date,Product Date,Qty,Product,Net Amount,Transaction Type / Reservation Status,86173613,"Douglass, Baily","3 Hill St Cumberland Center, ME 04021",bailybdouglass@gmail.com,9414085368,"Douglass, Guerin",6,5/27/2026,1/10/2027,1,PM | Ski | Children's Seasonal Program | 26/27 | Sunday | 4-6yrs | Full Day,$999.00,Type:Sale; Status:Open,Report Total,454,"$354,797.00"
Customer IP,Customer Name,Address,EMail,Age,Sale / Order Date,Product Date,Qty,Product,Net Amount,Transaction Type / Reservation Status,86366590,"Filson, Tig","363 Main St Cumberland Center, ME 04021",brookethorpefilson@gmail.com,8603013727,"Filson, Teddy",6,5/27/2026,1/10/2027,1,PM | Ski | Children's Seasonal Program | 26/27 | Sunday | 4-6yrs | Full Day,$999.00,Type:Sale; Status:Open,Report Total,454,"$354,797.00"
Customer IP,Customer Name,Address,EMail,Age,Sale / Order Date,Product Date,Qty,Product,Net Amount,Transaction Type / Reservation Status,86366590,"Filson, Tig","363 Main St Cumberland Center, ME 04021",brookethorpefilson@gmail.com,8603013727,"Filson, Maya",10,5/27/2026,1/10/2027,1,PM | Ski | Children's Seasonal Program | 26/27 | Sunday | 7-12yrs | 10am,$779.00,Type:Sale; Status:Open,Report Total,454,"$354,797.00"
Customer IP,Customer Name,Address,EMail,Age,Sale / Order Date,Product Date,Qty,Product,Net Amount,Transaction Type / Reservation Status,1451678,"RIGBY, SAM","3 Cumberland Street YARMOUTH, ME 04096",sam.d.rigby@gmail.com,6036671557,"Rigby, Tyson",7,5/28/2026,1/10/2027,1,PM | Ski | Children's Seasonal Program | 26/27 | Sunday | 7-12yrs | Full Day,$999.00,Type:Sale; Status:Open,Report Total,454,"$354,797.00"
Customer IP,Customer Name,Address,EMail,Age,Sale / Order Date,Product Date,Qty,Product,Net Amount,Transaction Type / Reservation Status,1451678,"RIGBY, SAM","3 Cumberland Street YARMOUTH, ME 04096",sam.d.rigby@gmail.com,6036671557,"Rigby, Sloane",9,5/28/2026,1/10/2027,1,PM | Ski | Children's Seasonal Program | 26/27 | Sunday | 7-12yrs | Full Day,$999.00,Type:Sale; Status:Open,Report Total,454,"$354,797.00"
Customer IP,Customer Name,Address,EMail,Age,Sale / Order Date,Product Date,Qty,Product,Net Amount,Transaction Type / Reservation Status,77812569,"Caron, Alexandra","120 ichabod lane ext Gorham, ME 04038",Alexandramlibby@gmail.com,2074233952,"Caron, Arlo",5,5/28/2026,1/10/2027,1,PM | Ski | Children's Seasonal Program | 26/27 | Sunday | 4-6yrs | 1pm,$779.00,Type:Sale; Status:Open,Report Total,454,"$354,797.00"
Customer IP,Customer Name,Address,EMail,Age,Sale / Order Date,Product Date,Qty,Product,Net Amount,Transaction Type / Reservation Status,84982226,"Chase, Christina","61 Noyes St Portland, ME 04103",christinalchase1@gmail.com,2072722002,"Miller, Max",6,5/30/2026,1/9/2027,1,PM | Ski | Children's Seasonal Program | 26/27 | Saturday | 4-6yrs | Full Day,$999.00,Type:Sale; Status:Open,Report Total,454,"$354,797.00"
Customer IP,Customer Name,Address,EMail,Age,Sale / Order Date,Product Date,Qty,Product,Net Amount,Transaction Type / Reservation Status,78888252,"Lewis, Robert","67 Beach Dr Cumberland Foreside, ME 04110",roblewis121@yahoo.com,2145511581,"Lewis, Benton",7,5/30/2026,1/10/2027,1,PM | Ski | Children's Seasonal Program | 26/27 | Sunday | 7-12yrs | Full Day,$999.00,Type:Sale; Status:Open,Report Total,454,"$354,797.00"
Customer IP,Customer Name,Address,EMail,Age,Sale / Order Date,Product Date,Qty,Product,Net Amount,Transaction Type / Reservation Status,80966031,"Walkwitz, Scott","72 Winding Way Yarmouth, ME 04096",walkwitz66@me.com,2078373000,"Walkwitz, Blake",5,5/31/2026,1/9/2027,1,PM | Ski | Children's Seasonal Program | 26/27 | Saturday | 4-6yrs | 10am,$779.00,Type:Sale; Status:Open,Report Total,454,"$354,797.00"
Customer IP,Customer Name,Address,EMail,Age,Sale / Order Date,Product Date,Qty,Product,Net Amount,Transaction Type / Reservation Status,80966031,"Walkwitz, Scott","72 Winding Way Yarmouth, ME 04096",walkwitz66@me.com,2078373000,"Walkwitz, Cohen",9,5/31/2026,1/9/2027,1,PM | Ski | Children's Seasonal Program | 26/27 | Saturday | 7-12yrs | 10am,$779.00,Type:Sale; Status:Open,Report Total,454,"$354,797.00"
Customer IP,Customer Name,Address,EMail,Age,Sale / Order Date,Product Date,Qty,Product,Net Amount,Transaction Type / Reservation Status,86188908,"Tackett, Zachary","12 Blueberry Rd Portland, ME 04107",ztack004@gmail.com,2077521810,"Tackett, Ezra",4,5/31/2026,1/10/2027,1,PM | Ski | Children's Seasonal Program | 26/27 | Sunday | 4-6yrs | Full Day,$999.00,Type:Sale; Status:Open,Report Total,454,"$354,797.00"
Customer IP,Customer Name,Address,EMail,Age,Sale / Order Date,Product Date,Qty,Product,Net Amount,Transaction Type / Reservation Status,86188908,"Tackett, Zachary","12 Blueberry Rd Portland, ME 04107",ztack004@gmail.com,2077521810,"Tackett, Isaiah",7,5/31/2026,1/10/2027,1,PM | Ski | Children's Seasonal Program | 26/27 | Sunday | 7-12yrs | Full Day,$999.00,Type:Sale; Status:Open,Report Total,454,"$354,797.00"
Customer IP,Customer Name,Address,EMail,Age,Sale / Order Date,Product Date,Qty,Product,Net Amount,Transaction Type / Reservation Status,87047915,"Golden, Michael","345 Longshore St Unit 922 Daniel Island, SC 29492",mfgolden@gmail.com,5599779304,"Golden, Charlie",8,6/1/2026,1/10/2027,1,PM | Ski | Children's Seasonal Program | 26/27 | Sunday | 7-12yrs | 10am,$779.00,Type:Sale; Status:Open,Report Total,454,"$354,797.00"
Customer IP,Customer Name,Address,EMail,Age,Sale / Order Date,Product Date,Qty,Product,Net Amount,Transaction Type / Reservation Status,78968161,"Dibiase, Shelley","8 Flagship Ln Windham, ME 04062",sdibiase79@gmail.com,2074097552,"Dibiase, Roman",6,6/3/2026,1/9/2027,1,PM | Ski | Children's Seasonal Program | 26/27 | Saturday | 7-12yrs | 10am,$779.00,Type:Sale; Status:Open,Report Total,454,"$354,797.00"
Customer IP,Customer Name,Address,EMail,Age,Sale / Order Date,Product Date,Qty,Product,Net Amount,Transaction Type / Reservation Status,1274867,"Ryan, Brendan G","67 Jefferson Rd Center Conway, NH 03813",br@alpinesolns.com,2039155760,"Ryan, Parker",8,6/3/2026,1/10/2027,1,PM | Ski | Children's Seasonal Program | 26/27 | Sunday | 7-12yrs | Full Day,$499.50,Type:Sale; Status:Open,Report Total,454,"$354,797.00"
Customer IP,Customer Name,Address,EMail,Age,Sale / Order Date,Product Date,Qty,Product,Net Amount,Transaction Type / Reservation Status,1274867,"Ryan, Brendan G","67 Jefferson Rd Center Conway, NH 03813",br@alpinesolns.com,2039155760,"Ryan, Nova",6,6/3/2026,1/10/2027,1,PM | Ski | Children's Seasonal Program | 26/27 | Sunday | 4-6yrs | Full Day,$499.50,Type:Sale; Status:Open,Report Total,454,"$354,797.00"
Customer IP,Customer Name,Address,EMail,Age,Sale / Order Date,Product Date,Qty,Product,Net Amount,Transaction Type / Reservation Status,77163715,"Fey, Taylor","95 Bradley st Portland, ME 04102",taylor.fey@gmail.com,2072329216,"Fey, Iris",6,6/5/2026,1/10/2027,1,PM | Ski | Children's Seasonal Program | 26/27 | Sunday | 7-12yrs | 1pm,$779.00,Type:Sale; Status:Open,Report Total,454,"$354,797.00"
Customer IP,Customer Name,Address,EMail,Age,Sale / Order Date,Product Date,Qty,Product,Net Amount,Transaction Type / Reservation Status,83150513,"Andrews, Emily","4 Misty Lane Cape Elizabeth, ME 04107",EmAndrews5@gmail.com,18022385993,"Andrews, Holly",7,6/6/2026,1/9/2027,1,PM | Ski | Children's Seasonal Program | 26/27 | Saturday | 7-12yrs | Full Day,$999.00,Type:Sale; Status:Open,Report Total,454,"$354,797.00"
Customer IP,Customer Name,Address,EMail,Age,Sale / Order Date,Product Date,Qty,Product,Net Amount,Transaction Type / Reservation Status,81680029,"Hipkens, Sarah","304 Spring St Portland, ME 04102",shipkens@gmail.com,15103814110,"Laver, Finn",9,6/7/2026,1/10/2027,1,PM | SB | Children's Seasonal Program | 26/27 | Sunday | 7-12yrs | 10am,$779.00,Type:Sale; Status:Open,Report Total,454,"$354,797.00"
Customer IP,Customer Name,Address,EMail,Age,Sale / Order Date,Product Date,Qty,Product,Net Amount,Transaction Type / Reservation Status,78206880,"Profenno, Jessica","689 Sawyer St South Portland, ME 04106",jkd429@gmail.com,2077519710,"Profenno, Luca",5,6/13/2026,1/9/2027,1,PM | SB | Children's Seasonal Program | 26/27 | Saturday | 4-6yrs | 10am,$779.00,Type:Sale; Status:Open,Report Total,454,"$354,797.00"
Customer IP,Customer Name,Address,EMail,Age,Sale / Order Date,Product Date,Qty,Product,Net Amount,Transaction Type / Reservation Status,86133178,"Hunt, Margaret","36 Murray Dr Cape Elizabeth, ME 04107",margdunn@gmail.com,9073017191,"Hunt, Emery",8,6/14/2026,1/10/2027,1,PM | Ski | Children's Seasonal Program | 26/27 | Sunday | 7-12yrs | 1pm,$779.00,Type:Sale; Status:Open,Report Total,454,"$354,797.00"
Customer IP,Customer Name,Address,EMail,Age,Sale / Order Date,Product Date,Qty,Product,Net Amount,Transaction Type / Reservation Status,86133178,"Hunt, Margaret","36 Murray Dr Cape Elizabeth, ME 04107",margdunn@gmail.com,9073017191,"Hunt, Olive",6,6/14/2026,1/10/2027,1,PM | Ski | Children's Seasonal Program | 26/27 | Sunday | 4-6yrs | 1pm,$779.00,Type:Sale; Status:Open,Report Total,454,"$354,797.00"
Customer IP,Customer Name,Address,EMail,Age,Sale / Order Date,Product Date,Qty,Product,Net Amount,Transaction Type / Reservation Status,84847087,"Harry, Lauren","13 Juniper Ln Cape Elizabeth, ME 04107",laurenmbharry@gmail.com,3018017935,"Harry, Oliver",5,6/15/2026,1/9/2027,1,PM | Ski | Children's Seasonal Program | 26/27 | Saturday | 4-6yrs | 10am,$779.00,Type:Sale; Status:Open,Report Total,454,"$354,797.00"
Customer IP,Customer Name,Address,EMail,Age,Sale / Order Date,Product Date,Qty,Product,Net Amount,Transaction Type / Reservation Status,84847087,"Harry, Lauren","13 Juniper Ln Cape Elizabeth, ME 04107",laurenmbharry@gmail.com,3018017935,"Harry, Lincoln",4,6/15/2026,1/9/2027,1,PM | Ski | Children's Seasonal Program | 26/27 | Saturday | 4-6yrs | 10am,$779.00,Type:Sale; Status:Open,Report Total,454,"$354,797.00"
Customer IP,Customer Name,Address,EMail,Age,Sale / Order Date,Product Date,Qty,Product,Net Amount,Transaction Type / Reservation Status,78182652,"Shaughnessy, Elizabeth","17 Knight St Falmouth, ME 04105",Eshaughnessy@gmail.com,9782101557,"Naylor, Henry",3,6/19/2026,1/8/2027,1,PM | Ski | Children's Seasonal Program | 26/27 | 4-6yrs | Friday | Session 1,$389.00,Type:Sale; Status:Open,Report Total,454,"$354,797.00"
Customer IP,Customer Name,Address,EMail,Age,Sale / Order Date,Product Date,Qty,Product,Net Amount,Transaction Type / Reservation Status,87070860,"Styles, Kristin","161 Hartley St Portland, ME 04103",kristin.m.styles@gmail.com,2074088028,"Wallace, Alexander",4,6/25/2026,1/10/2027,1,PM | Ski | Children's Seasonal Program | 26/27 | Sunday | 4-6yrs | 1pm,$779.00,Type:Sale; Status:Open,Report Total,454,"$354,797.00"
Customer IP,Customer Name,Address,EMail,Age,Sale / Order Date,Product Date,Qty,Product,Net Amount,Transaction Type / Reservation Status,87070860,"Styles, Kristin","161 Hartley St Portland, ME 04103",kristin.m.styles@gmail.com,2074088028,"Wallace, Kodi",7,6/25/2026,1/10/2027,1,PM | Ski | Children's Seasonal Program | 26/27 | Sunday | 7-12yrs | 1pm,$779.00,Type:Sale; Status:Open,Report Total,454,"$354,797.00"
Customer IP,Customer Name,Address,EMail,Age,Sale / Order Date,Product Date,Qty,Product,Net Amount,Transaction Type / Reservation Status,87070860,"Styles, Kristin","161 Hartley St Portland, ME 04103",kristin.m.styles@gmail.com,2074088028,"Wallace, Jackson",8,6/25/2026,1/10/2027,1,PM | Ski | Children's Seasonal Program | 26/27 | Sunday | 7-12yrs | 1pm,$779.00,Type:Sale; Status:Open,Report Total,454,"$354,797.00"
Customer IP,Customer Name,Address,EMail,Age,Sale / Order Date,Product Date,Qty,Product,Net Amount,Transaction Type / Reservation Status,79497167,"Chapin, Thomasine","1 binney street Andover, MA 01810",tchapin83@gmail.com,9786186373,"Chapin, Ryker",3,6/26/2026,1/8/2027,1,PM | SB | Children's Seasonal Program | 26/27 | 2-5yrs | Friday | Session 1,$389.00,Type:Sale; Status:Open,Report Total,454,"$354,797.00"
Customer IP,Customer Name,Address,EMail,Age,Sale / Order Date,Product Date,Qty,Product,Net Amount,Transaction Type / Reservation Status,85808330,"CONRAD, EMILEE","105 Skylark Rd Portland, ME 04103",emileeconrad1@gmail.com,7045645311,"Conrad, Palmer",7,6/27/2026,1/9/2027,1,PM | Ski | Children's Seasonal Program | 26/27 | Saturday | 7-12yrs | 1pm,$779.00,Type:Sale; Status:Open,Report Total,454,"$354,797.00"
Customer IP,Customer Name,Address,EMail,Age,Sale / Order Date,Product Date,Qty,Product,Net Amount,Transaction Type / Reservation Status,85808330,"CONRAD, EMILEE","105 Skylark Rd Portland, ME 04103",emileeconrad1@gmail.com,7045645311,"Conrad, Sylvie",5,6/27/2026,1/9/2027,1,PM | Ski | Children's Seasonal Program | 26/27 | Saturday | 4-6yrs | 1pm,$779.00,Type:Sale; Status:Open,Report Total,454,"$354,797.00"
Customer IP,Customer Name,Address,EMail,Age,Sale / Order Date,Product Date,Qty,Product,Net Amount,Transaction Type / Reservation Status,84966473,"Kavanaugh, Laragh","4 Florence Street South Portland, ME 04106",laraghk@outlook.com,2073218902,"Ouellette, Clare",9,6/28/2026,1/9/2027,1,PM | Ski | Children's Seasonal Program | 26/27 | Saturday | 7-12yrs | 10am,$779.00,Type:Sale; Status:Open,Report Total,454,"$354,797.00"
Customer IP,Customer Name,Address,EMail,Age,Sale / Order Date,Product Date,Qty,Product,Net Amount,Transaction Type / Reservation Status,84966473,"Kavanaugh, Laragh","4 Florence Street South Portland, ME 04106",laraghk@outlook.com,2073218902,"Ouellette, Wesley",7,6/28/2026,1/9/2027,1,PM | Ski | Children's Seasonal Program | 26/27 | Saturday | 7-12yrs | 10am,$779.00,Type:Sale; Status:Open,Report Total,454,"$354,797.00"
Customer IP,Customer Name,Address,EMail,Age,Sale / Order Date,Product Date,Qty,Product,Net Amount,Transaction Type / Reservation Status,84965199,"Dean, Sukie","8 beach road Raymond, ME 04071",sukied@gmail.com,9163979369,"Dean, Isaac",6,7/6/2026,1/10/2027,1,PM | Ski | Children's Seasonal Program | 26/27 | Sunday | 7-12yrs | Full Day,$999.00,Type:Sale; Status:Open,Report Total,454,"$354,797.00"
Customer IP,Customer Name,Address,EMail,Age,Sale / Order Date,Product Date,Qty,Product,Net Amount,Transaction Type / Reservation Status,83942997,"Hampson, Lauren","39 Aster Ln Portland, ME 04107",lashampson@gmail.com,4254459033,"Hampson, Teddy",6,7/7/2026,1/9/2027,1,PM | Ski | Children's Seasonal Program | 26/27 | Saturday | 4-6yrs | 10am,$779.00,Type:Sale; Status:Open,Report Total,454,"$354,797.00"
Customer IP,Customer Name,Address,EMail,Age,Sale / Order Date,Product Date,Qty,Product,Net Amount,Transaction Type / Reservation Status,83942997,"Hampson, Lauren","39 Aster Ln Portland, ME 04107",lashampson@gmail.com,4254459033,"Hampson, Margaret",4,7/7/2026,1/9/2027,1,PM | Ski | Children's Seasonal Program | 26/27 | Saturday | 4-6yrs | 10am,$779.00,Type:Sale; Status:Open,Report Total,454,"$354,797.00"
Customer IP,Customer Name,Address,EMail,Age,Sale / Order Date,Product Date,Qty,Product,Net Amount,Transaction Type / Reservation Status,82597098,"Cote, Kelly","PO Box 670 Bridgton, ME 04009",kellyelyo@yahoo.com,15087289636,"Cote, Carter",6,7/9/2026,1/10/2027,1,PM | SB | Children's Seasonal Program | 26/27 | Sunday | 4-6yrs | 10am,$779.00,Type:Sale; Status:Open,Report Total,454,"$354,797.00"
Customer IP,Customer Name,Address,EMail,Age,Sale / Order Date,Product Date,Qty,Product,Net Amount,Transaction Type / Reservation Status,84052079,"McDonald, Alexandria","8 Meadow Way Portland, ME 04107",Alexandriaclay8@yahoo.com,7742452299,"McDonald, Brooks",5,7/9/2026,1/9/2027,1,PM | SB | Children's Seasonal Program | 26/27 | Saturday | 4-6yrs | 10am,$779.00,Type:Sale; Status:Open,Report Total,454,"$354,797.00"
Customer IP,Customer Name,Address,EMail,Age,Sale / Order Date,Product Date,Qty,Product,Net Amount,Transaction Type / Reservation Status,84759689,"Speer, Kelsey","192 Whitney Ave Portland, ME 04102",k.f.speer@gmail.com,2072339884,"Petesch, Delphi",6,7/11/2026,1/9/2027,1,PM | Ski | Children's Seasonal Program | 26/27 | Saturday | 4-6yrs | 1pm,$779.00,Type:Sale; Status:Open,Report Total,454,"$354,797.00"
Customer IP,Customer Name,Address,EMail,Age,Sale / Order Date,Product Date,Qty,Product,Net Amount,Transaction Type / Reservation Status,85500806,"Baker, Meredith","9 Kineo St Portland, ME 04103",meredithannebaker@gmail.com,6037703722,"Isabelle, Julian",6,7/17/2026,1/9/2027,1,PM | Ski | Children's Seasonal Program | 26/27 | Saturday | 4-6yrs | 10am,$779.00,Type:Sale; Status:Open,Report Total,454,"$354,797.00"
Customer IP,Customer Name,Address,EMail,Age,Sale / Order Date,Product Date,Qty,Product,Net Amount,Transaction Type / Reservation Status,85071015,"Grunwald, Matthew","40 Fessenden St Portland, ME 04103",matthewgrunwald@gmail.com,9172322284,"Grunwald, Hayden",4,7/21/2026,1/9/2027,1,PM | Ski | Children's Seasonal Program | 26/27 | Saturday | 4-6yrs | 10am,$779.00,Type:Sale; Status:Open,Report Total,454,"$354,797.00"
Customer IP,Customer Name,Address,EMail,Age,Sale / Order Date,Product Date,Qty,Product,Net Amount,Transaction Type / Reservation Status,84867903,"Solomito, Courtney","16 tabby way SACO, ME 04072",cnsolomito@gmail.com,6173657789,"Solomito, Cooper",3,7/22/2026,1/10/2027,1,PM | SB | Children's Seasonal Program | 26/27 | Sunday | 4-6yrs | 1pm,$779.00,Type:Sale; Status:Open,Report Total,454,"$354,797.00"
Customer IP,Customer Name,Address,EMail,Age,Sale / Order Date,Product Date,Qty,Product,Net Amount,Transaction Type / Reservation Status,84867903,"Solomito, Courtney","16 tabby way SACO, ME 04072",cnsolomito@gmail.com,6173657789,"Solomito, Blair",7,7/22/2026,1/10/2027,1,PM | SB | Children's Seasonal Program | 26/27 | Sunday | 7-12yrs | 1pm,$779.00,Type:Sale; Status:Open,Report Total,454,"$354,797.00"
Customer IP,Customer Name,Address,EMail,Age,Sale / Order Date,Product Date,Qty,Product,Net Amount,Transaction Type / Reservation Status,81696902,"Haydock, Heidi","12 Bayview Dr Raymond, ME 04071",Heidihaydock@gmail.com,4123287068,"Haydock, William",5,7/23/2026,1/10/2027,1,PM | Ski | Children's Seasonal Program | 26/27 | Sunday | 4-6yrs | Full Day,$999.00,Type:Sale; Status:Open,Report Total,454,"$354,797.00"
Customer IP,Customer Name,Address,EMail,Age,Sale / Order Date,Product Date,Qty,Product,Net Amount,Transaction Type / Reservation Status,81696902,"Haydock, Heidi","12 Bayview Dr Raymond, ME 04071",Heidihaydock@gmail.com,4123287068,"Haydock, George",9,7/23/2026,1/10/2027,1,PM | Ski | Children's Seasonal Program | 26/27 | Sunday | 7-12yrs | Full Day,$999.00,Type:Sale; Status:Open,Report Total,454,"$354,797.00"
Customer IP,Customer Name,Address,EMail,Age,Sale / Order Date,Product Date,Qty,Product,Net Amount,Transaction Type / Reservation Status,78283464,"Kelsen, Lisa M","321 Sebago Lake Rd Gorham, ME 04038",Lisa.kelsen1@gmail.com,2076501182,"Kelsen, Ari",12,7/26/2026,1/10/2027,1,PM | Ski | Children's Seasonal Program | 26/27 | Sunday | 11-13yrs | 9am,$859.00,Type:Sale; Status:Open,Report Total,454,"$354,797.00"
Customer IP,Customer Name,Address,EMail,Age,Sale / Order Date,Product Date,Qty,Product,Net Amount,Transaction Type / Reservation Status,79378391,"Perkins, Ellie","90 Cooks Mill Rd Naples, ME 04055",perkinsellie95@gmail.com,2072298539,"Hawkes, Fiona",2,7/27/2026,1/8/2027,1,PM | SB | Children's Seasonal Program | 26/27 | 2-5yrs | Friday | Session 1,$389.00,Type:Sale; Status:Open,Report Total,454,"$354,797.00"
Customer IP,Customer Name,Address,EMail,Age,Sale / Order Date,Product Date,Qty,Product,Net Amount,Transaction Type / Reservation Status,79378391,"Perkins, Ellie","90 Cooks Mill Rd Naples, ME 04055",perkinsellie95@gmail.com,2072298539,"Hawkes, Vansen",1,7/27/2026,1/8/2027,1,PM | SB | Children's Seasonal Program | 26/27 | 2-5yrs | Friday | Session 1,$389.00,Type:Sale; Status:Open,Report Total,454,"$354,797.00"
Customer IP,Customer Name,Address,EMail,Age,Sale / Order Date,Product Date,Qty,Product,Net Amount,Transaction Type / Reservation Status,80480280,"Fellers, Mary-Beth","28 Franklin Ter South Portland, ME 04106",mefellers@gmail.com,5033082941,"Fellers, August",8,7/30/2026,1/10/2027,1,PM | Ski | Children's Seasonal Program | 26/27 | Sunday | 7-12yrs | Full Day,$999.00,Type:Sale; Status:Open,Report Total,454,"$354,797.00"
Customer IP,Customer Name,Address,EMail,Age,Sale / Order Date,Product Date,Qty,Product,Net Amount,Transaction Type / Reservation Status,80480280,"Fellers, Mary-Beth","28 Franklin Ter South Portland, ME 04106",mefellers@gmail.com,5033082941,"Fellers, Josephine",6,7/30/2026,1/10/2027,1,PM | Ski | Children's Seasonal Program | 26/27 | Sunday | 4-6yrs | Full Day,$999.00,Type:Sale; Status:Open,Report Total,454,"$354,797.00"
Customer IP,Customer Name,Address,EMail,Age,Sale / Order Date,Product Date,Qty,Product,Net Amount,Transaction Type / Reservation Status,77015647,"Fink, Jesse","90 Hodsdon Rd Pownal, ME 04069",mrjfink@gmail.com,9176978042,"Fink, Samson",4,7/31/2026,1/10/2027,1,PM | Ski | Children's Seasonal Program | 26/27 | Sunday | 4-6yrs | Full Day,$999.00,Type:Sale; Status:Open,Report Total,454,"$354,797.00"
Customer IP,Customer Name,Address,EMail,Age,Sale / Order Date,Product Date,Qty,Product,Net Amount,Transaction Type / Reservation Status,77015647,"Fink, Jesse","90 Hodsdon Rd Pownal, ME 04069",mrjfink@gmail.com,9176978042,"Fink, Alice",7,7/31/2026,1/10/2027,1,PM | Ski | Children's Seasonal Program | 26/27 | Sunday | 7-12yrs | Full Day,$999.00,Type:Sale; Status:Open,Report Total,454,"$354,797.00"
Customer IP,Customer Name,Address,EMail,Age,Sale / Order Date,Product Date,Qty,Product,Net Amount,Transaction Type / Reservation Status,78167039,"Brennan, Ben","20 Fairview St. Portland, ME 04102",bbrennan207@gmail.com,12075225850,"Brennan, Luke",4,8/2/2026,1/7/2027,1,PM | Ski | Children's Seasonal Program | 26/27 | 2-5yrs | Thursday | Session 1,$389.00,Type:Sale; Status:Open,Report Total,454,"$354,797.00"
Customer IP,Customer Name,Address,EMail,Age,Sale / Order Date,Product Date,Qty,Product,Net Amount,Transaction Type / Reservation Status,87160332,"Block, Colin","200 Sisquisic Trl Yarmouth, ME 04096",seeteabee@gmail.com,7819102701,"Block, Ellis",8,8/2/2026,1/10/2027,1,PM | Ski | Children's Seasonal Program | 26/27 | Sunday | 7-12yrs | 10am,$779.00,Type:Sale; Status:Open,Report Total,454,"$354,797.00"
Customer IP,Customer Name,Address,EMail,Age,Sale / Order Date,Product Date,Qty,Product,Net Amount,Transaction Type / Reservation Status,87160332,"Block, Colin","200 Sisquisic Trl Yarmouth, ME 04096",seeteabee@gmail.com,7819102701,"Block, Birdie",5,8/2/2026,1/10/2027,1,PM | Ski | Children's Seasonal Program | 26/27 | Sunday | 4-6yrs | Full Day,$999.00,Type:Sale; Status:Open,Report Total,454,"$354,797.00"
Customer IP,Customer Name,Address,EMail,Age,Sale / Order Date,Product Date,Qty,Product,Net Amount,Transaction Type / Reservation Status,79166002,"Colacchio, Nicholas","70 Foreside Rd Cumberland Foreside, ME 04110",ncolacchio@gmail.com,8022335905,"Colacchio, Teddy",6,8/4/2026,1/10/2027,1,PM | Ski | Children's Seasonal Program | 26/27 | Sunday | 4-6yrs | Full Day,$999.00,Type:Sale; Status:Open,Report Total,454,"$354,797.00"
Customer IP,Customer Name,Address,EMail,Age,Sale / Order Date,Product Date,Qty,Product,Net Amount,Transaction Type / Reservation Status,79166002,"Colacchio, Nicholas","70 Foreside Rd Cumberland Foreside, ME 04110",ncolacchio@gmail.com,8022335905,"Colacchio, Davis",3,8/4/2026,1/10/2027,1,PM | Ski | Children's Seasonal Program | 26/27 | Sunday | 4-6yrs | Full Day,$999.00,Type:Sale; Status:Open,Report Total,454,"$354,797.00"
Customer IP,Customer Name,Address,EMail,Age,Sale / Order Date,Product Date,Qty,Product,Net Amount,Transaction Type / Reservation Status,79166002,"Colacchio, Nicholas","70 Foreside Rd Cumberland Foreside, ME 04110",ncolacchio@gmail.com,8022335905,"Colacchio, Hazel",8,8/4/2026,1/9/2027,1,PM | Ski | Children's Seasonal Program | 26/27 | Saturday | 7-12yrs | Full Day,$999.00,Type:Sale; Status:Open,Report Total,454,"$354,797.00"
Customer IP,Customer Name,Address,EMail,Age,Sale / Order Date,Product Date,Qty,Product,Net Amount,Transaction Type / Reservation Status,80966031,"Walkwitz, Scott","72 Winding Way Yarmouth, ME 04096",walkwitz66@me.com,2078373000,"Walkwitz, Blake",5,8/4/2026,1/9/2027,-1,PM | Ski | Children's Seasonal Program | 26/27 | Saturday | 4-6yrs | 10am,($779.00),Type:Return; Status:Open,Report Total,454,"$354,797.00"
Customer IP,Customer Name,Address,EMail,Age,Sale / Order Date,Product Date,Qty,Product,Net Amount,Transaction Type / Reservation Status,80966031,"Walkwitz, Scott","72 Winding Way Yarmouth, ME 04096",walkwitz66@me.com,2078373000,"Walkwitz, Blake",5,8/4/2026,1/9/2027,1,PM | Ski | Children's Seasonal Program | 26/27 | Saturday | 4-6yrs | Full Day,$999.00,Type:Sale; Status:Open,Report Total,454,"$354,797.00"
Customer IP,Customer Name,Address,EMail,Age,Sale / Order Date,Product Date,Qty,Product,Net Amount,Transaction Type / Reservation Status,79166002,"Colacchio, Nicholas","70 Foreside Rd Cumberland Foreside, ME 04110",ncolacchio@gmail.com,8022335905,"Colacchio, Teddy",6,8/4/2026,1/10/2027,-1,PM | Ski | Children's Seasonal Program | 26/27 | Sunday | 4-6yrs | Full Day,($999.00),Type:Return; Status:Open,Report Total,454,"$354,797.00"
Customer IP,Customer Name,Address,EMail,Age,Sale / Order Date,Product Date,Qty,Product,Net Amount,Transaction Type / Reservation Status,79166002,"Colacchio, Nicholas","70 Foreside Rd Cumberland Foreside, ME 04110",ncolacchio@gmail.com,8022335905,"Colacchio, Davis",3,8/4/2026,1/10/2027,-1,PM | Ski | Children's Seasonal Program | 26/27 | Sunday | 4-6yrs | Full Day,($999.00),Type:Return; Status:Open,Report Total,454,"$354,797.00"
Customer IP,Customer Name,Address,EMail,Age,Sale / Order Date,Product Date,Qty,Product,Net Amount,Transaction Type / Reservation Status,79166002,"Colacchio, Nicholas","70 Foreside Rd Cumberland Foreside, ME 04110",ncolacchio@gmail.com,8022335905,"Colacchio, Teddy",6,8/4/2026,1/9/2027,1,PM | Ski | Children's Seasonal Program | 26/27 | Saturday | 4-6yrs | Full Day,$999.00,Type:Sale; Status:Open,Report Total,454,"$354,797.00"
Customer IP,Customer Name,Address,EMail,Age,Sale / Order Date,Product Date,Qty,Product,Net Amount,Transaction Type / Reservation Status,79166002,"Colacchio, Nicholas","70 Foreside Rd Cumberland Foreside, ME 04110",ncolacchio@gmail.com,8022335905,"Colacchio, Davis",3,8/4/2026,1/9/2027,1,PM | Ski | Children's Seasonal Program | 26/27 | Saturday | 4-6yrs | Full Day,$999.00,Type:Sale; Status:Open,Report Total,454,"$354,797.00"
Customer IP,Customer Name,Address,EMail,Age,Sale / Order Date,Product Date,Qty,Product,Net Amount,Transaction Type / Reservation Status,80480280,"Fellers, Mary-Beth","28 Franklin Ter South Portland, ME 04106",mefellers@gmail.com,5033082941,"Fellers, August",8,8/4/2026,1/10/2027,-1,PM | Ski | Children's Seasonal Program | 26/27 | Sunday | 7-12yrs | Full Day,($999.00),Type:Return; Status:Open,Report Total,454,"$354,797.00"
Customer IP,Customer Name,Address,EMail,Age,Sale / Order Date,Product Date,Qty,Product,Net Amount,Transaction Type / Reservation Status,80480280,"Fellers, Mary-Beth","28 Franklin Ter South Portland, ME 04106",mefellers@gmail.com,5033082941,"Fellers, Josephine",6,8/4/2026,1/10/2027,-1,PM | Ski | Children's Seasonal Program | 26/27 | Sunday | 4-6yrs | Full Day,($999.00),Type:Return; Status:Open,Report Total,454,"$354,797.00"
Customer IP,Customer Name,Address,EMail,Age,Sale / Order Date,Product Date,Qty,Product,Net Amount,Transaction Type / Reservation Status,80480280,"Fellers, Mary-Beth","28 Franklin Ter South Portland, ME 04106",mefellers@gmail.com,5033082941,"Fellers, Josephine",6,8/4/2026,1/9/2027,1,PM | Ski | Children's Seasonal Program | 26/27 | Saturday | 4-6yrs | Full Day,$999.00,Type:Sale; Status:Open,Report Total,454,"$354,797.00"
Customer IP,Customer Name,Address,EMail,Age,Sale / Order Date,Product Date,Qty,Product,Net Amount,Transaction Type / Reservation Status,80480280,"Fellers, Mary-Beth","28 Franklin Ter South Portland, ME 04106",mefellers@gmail.com,5033082941,"Fellers, August",8,8/4/2026,1/9/2027,1,PM | Ski | Children's Seasonal Program | 26/27 | Saturday | 7-12yrs | Full Day,$999.00,Type:Sale; Status:Open,Report Total,454,"$354,797.00"
Customer IP,Customer Name,Address,EMail,Age,Sale / Order Date,Product Date,Qty,Product,Net Amount,Transaction Type / Reservation Status,87160332,"Block, Colin","200 Sisquisic Trl Yarmouth, ME 04096",seeteabee@gmail.com,7819102701,"Block, Ellis",8,8/4/2026,1/10/2027,-1,PM | Ski | Children's Seasonal Program | 26/27 | Sunday | 7-12yrs | 10am,($779.00),Type:Return; Status:Open,Report Total,454,"$354,797.00"
Customer IP,Customer Name,Address,EMail,Age,Sale / Order Date,Product Date,Qty,Product,Net Amount,Transaction Type / Reservation Status,87160332,"Block, Colin","200 Sisquisic Trl Yarmouth, ME 04096",seeteabee@gmail.com,7819102701,"Block, Ellis",8,8/4/2026,1/10/2027,1,PM | Ski | Children's Seasonal Program | 26/27 | Sunday | 7-12yrs | Full Day,$999.00,Type:Sale; Status:Open,Report Total,454,"$354,797.00"

