HeaderRowA0,textbox3,textbox9,textbox14,textbox6,HeaderRowA1,HeaderRowA2,HeaderRowA3,HeaderRowA4,HeaderRowA5,HeaderRowA6,DetailRowC0,CustomerName,textbox10,textbox15,textbox7,DetailRowC1,DetailRowC2,DetailRowC3,DetailRowC4,DetailRowC5,DetailRowC6,FooterRowA0,FooterRowA3,FooterRowA5
Customer IP,Customer Name,Age,Address,EMail,Sale / Order Date,Product Date,Qty,Product,Net Amount,Transaction Type / Reservation Status,85409179,"Shinay, Alexander",6,"62 Peaceful Way Cumberland Center, ME 04021",,3/12/2026,1/10/2027,1,PM | Ski | Children's Seasonal Program | 26/27 | Sunday | 4-6yrs | 10am,$719.00,Type:Sale; Status:Open,Report Total,454,"$354,797.00"
Customer IP,Customer Name,Age,Address,EMail,Sale / Order Date,Product Date,Qty,Product,Net Amount,Transaction Type / Reservation Status,83806041,"Shinay, Benjamin",8,"62 Peaceful Way Cumberland Center, ME 04021",,3/12/2026,1/10/2027,1,PM | Ski | Children's Seasonal Program | 26/27 | Sunday | 7-12yrs | 10am,$719.00,Type:Sale; Status:Open,Report Total,454,"$354,797.00"
Customer IP,Customer Name,Age,Address,EMail,Sale / Order Date,Product Date,Qty,Product,Net Amount,Transaction Type / Reservation Status,85848477,"Webster, Oakes",6,"103 Seaborne Drive Yarmouth, ME 04096",,3/12/2026,1/10/2027,1,PM | Ski | Children's Seasonal Program | 26/27 | Sunday | 4-6yrs | Full Day,$959.00,Type:Sale; Status:Open,Report Total,454,"$354,797.00"
Customer IP,Customer Name,Age,Address,EMail,Sale / Order Date,Product Date,Qty,Product,Net Amount,Transaction Type / Reservation Status,85848481,"Webster, Sylvie",4,"103 Seaborne Drive Yarmouth, ME 04096",,3/12/2026,1/10/2027,1,PM | Ski | Children's Seasonal Program | 26/27 | Sunday | 4-6yrs | Full Day,$959.00,Type:Sale; Status:Open,Report Total,454,"$354,797.00"
Customer IP,Customer Name,Age,Address,EMail,Sale / Order Date,Product Date,Qty,Product,Net Amount,Transaction Type / Reservation Status,86910581,"Day, William",4,"276 Main st Cumberland Center, ME 04021",,3/12/2026,1/10/2027,1,PM | Ski | Children's Seasonal Program | 26/27 | Sunday | 4-6yrs | 10am,$719.00,Type:Sale; Status:Open,Report Total,454,"$354,797.00"
Customer IP,Customer Name,Age,Address,EMail,Sale / Order Date,Product Date,Qty,Product,Net Amount,Transaction Type / Reservation Status,86910593,"Coffin, Ezra",4,"2 Broad Cove Way Cumberland Foreside, ME 04110",,3/12/2026,1/10/2027,1,PM | Ski | Children's Seasonal Program | 26/27 | Sunday | 4-6yrs | 10am,$719.00,Type:Sale; Status:Open,Report Total,454,"$354,797.00"
Customer IP,Customer Name,Age,Address,EMail,Sale / Order Date,Product Date,Qty,Product,Net Amount,Transaction Type / Reservation Status,86910591,"Coffin, Zoe",6,"2 Broad Cove Way Cumberland Foreside, ME 04110",,3/12/2026,1/10/2027,1,PM | Ski | Children's Seasonal Program | 26/27 | Sunday | 4-6yrs | 10am,$719.00,Type:Sale; Status:Open,Report Total,454,"$354,797.00"
Customer IP,Customer Name,Age,Address,EMail,Sale / Order Date,Product Date,Qty,Product,Net Amount,Transaction Type / Reservation Status,85409729,"Burns, Callum",4,"50 Peaceful Way Cumberland Center, ME 04021",,3/12/2026,1/10/2027,1,PM | Ski | Children's Seasonal Program | 26/27 | Sunday | 4-6yrs | 10am,$719.00,Type:Sale; Status:Open,Report Total,454,"$354,797.00"
Customer IP,Customer Name,Age,Address,EMail,Sale / Order Date,Product Date,Qty,Product,Net Amount,Transaction Type / Reservation Status,85409743,"Burns, Maxwell",4,"50 Peaceful Way Cumberland Center, ME 04021",,3/12/2026,1/10/2027,1,PM | Ski | Children's Seasonal Program | 26/27 | Sunday | 4-6yrs | 10am,$719.00,Type:Sale; Status:Open,Report Total,454,"$354,797.00"
Customer IP,Customer Name,Age,Address,EMail,Sale / Order Date,Product Date,Qty,Product,Net Amount,Transaction Type / Reservation Status,83908468,"Burns, Wilder",6,"50 Peaceful Way Cumberland Center, ME 04021",,3/12/2026,1/10/2027,1,PM | Ski | Children's Seasonal Program | 26/27 | Sunday | 4-6yrs | 10am,$719.00,Type:Sale; Status:Open,Report Total,454,"$354,797.00"
Customer IP,Customer Name,Age,Address,EMail,Sale / Order Date,Product Date,Qty,Product,Net Amount,Transaction Type / Reservation Status,80042474,"Wiernek, Julia",6,"9 MacKenzie Lane Falmouth, ME 04105",,3/12/2026,1/9/2027,1,PM | Ski | Children's Seasonal Program | 26/27 | Saturday | 7-12yrs | Full Day,$959.00,Type:Sale; Status:Open,Report Total,454,"$354,797.00"
Customer IP,Customer Name,Age,Address,EMail,Sale / Order Date,Product Date,Qty,Product,Net Amount,Transaction Type / Reservation Status,83906829,"Corbett, Cora",6,"62 Hawthorne Dr Windham, ME 04062",,3/12/2026,1/10/2027,1,PM | Ski | Children's Seasonal Program | 26/27 | Sunday | 4-6yrs | 10am,$719.00,Type:Sale; Status:Open,Report Total,454,"$354,797.00"
Customer IP,Customer Name,Age,Address,EMail,Sale / Order Date,Product Date,Qty,Product,Net Amount,Transaction Type / Reservation Status,82495231,"Webber, Ford",8,"38 Glenview Rd Cumberland Center, ME 04021",,3/12/2026,1/10/2027,1,PM | Ski | Children's Seasonal Program | 26/27 | Sunday | 7-12yrs | Full Day,$959.00,Type:Sale; Status:Open,Report Total,454,"$354,797.00"
Customer IP,Customer Name,Age,Address,EMail,Sale / Order Date,Product Date,Qty,Product,Net Amount,Transaction Type / Reservation Status,83585931,"Webber, Maely",7,"38 Glenview Rd Cumberland Center, ME 04021",,3/12/2026,1/10/2027,1,PM | Ski | Children's Seasonal Program | 26/27 | Sunday | 7-12yrs | 10am,$719.00,Type:Sale; Status:Open,Report Total,454,"$354,797.00"
Customer IP,Customer Name,Age,Address,EMail,Sale / Order Date,Product Date,Qty,Product,Net Amount,Transaction Type / Reservation Status,84465787,"KilCommons, Lauren",5,"14 Otis Lilley Drive Scarborough, ME 04074",,3/12/2026,1/10/2027,1,PM | Ski | Children's Seasonal Program | 26/27 | Sunday | 4-6yrs | 10am,$719.00,Type:Sale; Status:Open,Report Total,454,"$354,797.00"
Customer IP,Customer Name,Age,Address,EMail,Sale / Order Date,Product Date,Qty,Product,Net Amount,Transaction Type / Reservation Status,86910655,"KilCommons, Walker",4,"14 Otis Lilley Drive Scarborough, ME 04074",,3/12/2026,1/10/2027,1,PM | Ski | Children's Seasonal Program | 26/27 | Sunday | 4-6yrs | 10am,$719.00,Type:Sale; Status:Open,Report Total,454,"$354,797.00"
Customer IP,Customer Name,Age,Address,EMail,Sale / Order Date,Product Date,Qty,Product,Net Amount,Transaction Type / Reservation Status,85079179,"Mediratta, Amar",4,"39 Shady Run Ln Cumberland Center, ME 04021",,3/12/2026,1/10/2027,1,PM | Ski | Children's Seasonal Program | 26/27 | Sunday | 4-6yrs | 10am,$719.00,Type:Sale; Status:Open,Report Total,454,"$354,797.00"
Customer IP,Customer Name,Age,Address,EMail,Sale / Order Date,Product Date,Qty,Product,Net Amount,Transaction Type / Reservation Status,81034863,"Douglas, Kensie",6,"6 Evergreen Dr Falmouth, ME 04105",,3/12/2026,1/10/2027,1,PM | Ski | Children's Seasonal Program | 26/27 | Sunday | 4-6yrs | 10am,$719.00,Type:Sale; Status:Open,Report Total,454,"$354,797.00"
Customer IP,Customer Name,Age,Address,EMail,Sale / Order Date,Product Date,Qty,Product,Net Amount,Transaction Type / Reservation Status,85409296,"Speyer, Annie",3,"54 Hamblet Ave Portland, ME 04103",,3/12/2026,1/10/2027,1,PM | Ski | Children's Seasonal Program | 26/27 | Sunday | 4-6yrs | 10am,$719.00,Type:Sale; Status:Open,Report Total,454,"$354,797.00"
Customer IP,Customer Name,Age,Address,EMail,Sale / Order Date,Product Date,Qty,Product,Net Amount,Transaction Type / Reservation Status,85409294,"Speyer, Lucy",6,"54 Hamblet Ave Portland, ME 04103",,3/12/2026,1/10/2027,1,PM | Ski | Children's Seasonal Program | 26/27 | Sunday | 4-6yrs | 10am,$719.00,Type:Sale; Status:Open,Report Total,454,"$354,797.00"
Customer IP,Customer Name,Age,Address,EMail,Sale / Order Date,Product Date,Qty,Product,Net Amount,Transaction Type / Reservation Status,86112171,"Pierce, Abigail",6,"80 Highland St Portland, ME 04103",,3/12/2026,1/10/2027,1,PM | Ski | Children's Seasonal Program | 26/27 | Sunday | 4-6yrs | 10am,$719.00,Type:Sale; Status:Open,Report Total,454,"$354,797.00"
Customer IP,Customer Name,Age,Address,EMail,Sale / Order Date,Product Date,Qty,Product,Net Amount,Transaction Type / Reservation Status,86112173,"Pierce, Mae",4,"80 Highland St Portland, ME 04103",,3/12/2026,1/10/2027,1,PM | Ski | Children's Seasonal Program | 26/27 | Sunday | 4-6yrs | 10am,$719.00,Type:Sale; Status:Open,Report Total,454,"$354,797.00"
Customer IP,Customer Name,Age,Address,EMail,Sale / Order Date,Product Date,Qty,Product,Net Amount,Transaction Type / Reservation Status,85694917,"Saotome, Kaira",5,"115 Stewart Drive Scarborough, ME 04074",,3/12/2026,1/9/2027,1,PM | Ski | Children's Seasonal Program | 26/27 | Saturday | 4-6yrs | 1pm,$719.00,Type:Sale; Status:Open,Report Total,454,"$354,797.00"
Customer IP,Customer Name,Age,Address,EMail,Sale / Order Date,Product Date,Qty,Product,Net Amount,Transaction Type / Reservation Status,85695281,"Fox, Sienna",6,"18 Kerryman Cir SCARBOROUGH, ME 04074",,3/12/2026,1/9/2027,1,PM | Ski | Children's Seasonal Program | 26/27 | Saturday | 7-12yrs | 1pm,$719.00,Type:Sale; Status:Open,Report Total,454,"$354,797.00"
Customer IP,Customer Name,Age,Address,EMail,Sale / Order Date,Product Date,Qty,Product,Net Amount,Transaction Type / Reservation Status,85774404,"Fox, Violet",4,"18 Kerryman Cir SCARBOROUGH, ME 04074",,3/12/2026,1/9/2027,1,PM | Ski | Children's Seasonal Program | 26/27 | Saturday | 4-6yrs | 1pm,$719.00,Type:Sale; Status:Open,Report Total,454,"$354,797.00"
Customer IP,Customer Name,Age,Address,EMail,Sale / Order Date,Product Date,Qty,Product,Net Amount,Transaction Type / Reservation Status,81764780,"Lewis, Teddy",6,"29 Columbus Rd Portland, ME 04107",,3/12/2026,1/10/2027,1,PM | Ski | Children's Seasonal Program | 26/27 | Sunday | 4-6yrs | 1pm,$719.00,Type:Sale; Status:Open,Report Total,454,"$354,797.00"
Customer IP,Customer Name,Age,Address,EMail,Sale / Order Date,Product Date,Qty,Product,Net Amount,Transaction Type / Reservation Status,85530377,"Lewis, Thomas",3,"29 Columbus Rd Portland, ME 04107",,3/12/2026,1/10/2027,1,PM | Ski | Children's Seasonal Program | 26/27 | Sunday | 4-6yrs | 1pm,$719.00,Type:Sale; Status:Open,Report Total,454,"$354,797.00"
Customer IP,Customer Name,Age,Address,EMail,Sale / Order Date,Product Date,Qty,Product,Net Amount,Transaction Type / Reservation Status,85161576,"Wallach, Charlie",4,"408 West Elm Street Yarmouth, ME 04096",,3/12/2026,1/10/2027,1,PM | Ski | Children's Seasonal Program | 26/27 | Sunday | 4-6yrs | 10am,$719.00,Type:Sale; Status:Open,Report Total,454,"$354,797.00"
Customer IP,Customer Name,Age,Address,EMail,Sale / Order Date,Product Date,Qty,Product,Net Amount,Transaction Type / Reservation Status,85161574,"Wallach, Emmylou",6,"408 West Elm Street Yarmouth, ME 04096",,3/12/2026,1/10/2027,1,PM | Ski | Children's Seasonal Program | 26/27 | Sunday | 4-6yrs | 10am,$719.00,Type:Sale; Status:Open,Report Total,454,"$354,797.00"
Customer IP,Customer Name,Age,Address,EMail,Sale / Order Date,Product Date,Qty,Product,Net Amount,Transaction Type / Reservation Status,85268298,"Ghantous, George",6,"7 Ryans Mdws Gorham, ME 04038",kbwood10@gmail.com,3/12/2026,1/10/2027,1,PM | Ski | Children's Seasonal Program | 26/27 | Sunday | 7-12yrs | 1pm,$719.00,Type:Sale; Status:Open,Report Total,454,"$354,797.00"
Customer IP,Customer Name,Age,Address,EMail,Sale / Order Date,Product Date,Qty,Product,Net Amount,Transaction Type / Reservation Status,84970731,"Kern, Cameron",4,"39 Cunningham St Wilmington, MA 01887",,3/12/2026,1/9/2027,1,PM | Ski | Children's Seasonal Program | 26/27 | Saturday | 4-6yrs | Full Day,$959.00,Type:Sale; Status:Open,Report Total,454,"$354,797.00"
Customer IP,Customer Name,Age,Address,EMail,Sale / Order Date,Product Date,Qty,Product,Net Amount,Transaction Type / Reservation Status,84970727,"Kern, Madison",7,"39 Cunningham St Wilmington, MA 01887",,3/12/2026,1/9/2027,1,PM | Ski | Children's Seasonal Program | 26/27 | Saturday | 7-12yrs | Full Day,$959.00,Type:Sale; Status:Open,Report Total,454,"$354,797.00"
Customer IP,Customer Name,Age,Address,EMail,Sale / Order Date,Product Date,Qty,Product,Net Amount,Transaction Type / Reservation Status,86769418,"O'Donnell, Dillon",5,"88 Goudy St South Portland, ME 04106",,3/12/2026,1/10/2027,1,PM | Ski | Children's Seasonal Program | 26/27 | Sunday | 4-6yrs | 10am,$719.00,Type:Sale; Status:Open,Report Total,454,"$354,797.00"
Customer IP,Customer Name,Age,Address,EMail,Sale / Order Date,Product Date,Qty,Product,Net Amount,Transaction Type / Reservation Status,86769421,"O'Donnell, Maeve",7,"88 Goudy St South Portland, ME 04106",,3/12/2026,1/10/2027,1,PM | Ski | Children's Seasonal Program | 26/27 | Sunday | 7-12yrs | 10am,$719.00,Type:Sale; Status:Open,Report Total,454,"$354,797.00"
Customer IP,Customer Name,Age,Address,EMail,Sale / Order Date,Product Date,Qty,Product,Net Amount,Transaction Type / Reservation Status,85430385,"Rudasill, Avi",5,"379 Middle Road FALMOUTH, ME 04105",,3/12/2026,1/10/2027,1,PM | Ski | Children's Seasonal Program | 26/27 | Sunday | 4-6yrs | 10am,$719.00,Type:Sale; Status:Open,Report Total,454,"$354,797.00"
Customer IP,Customer Name,Age,Address,EMail,Sale / Order Date,Product Date,Qty,Product,Net Amount,Transaction Type / Reservation Status,83903436,"Rudasill, Leia",7,"379 Middle Road FALMOUTH, ME 04105",,3/12/2026,1/10/2027,1,PM | Ski | Children's Seasonal Program | 26/27 | Sunday | 7-12yrs | 10am,$719.00,Type:Sale; Status:Open,Report Total,454,"$354,797.00"
Customer IP,Customer Name,Age,Address,EMail,Sale / Order Date,Product Date,Qty,Product,Net Amount,Transaction Type / Reservation Status,83583934,"Migliori, Hannah",5,"5 Curriers Cove Portsmouth, NH 03801",,3/12/2026,1/9/2027,1,PM | Ski | Children's Seasonal Program | 26/27 | Saturday | 4-6yrs | 10am,$719.00,Type:Sale; Status:Open,Report Total,454,"$354,797.00"
Customer IP,Customer Name,Age,Address,EMail,Sale / Order Date,Product Date,Qty,Product,Net Amount,Transaction Type / Reservation Status,85093668,"Ferreira, Connor",3,"4 Longmeadow rd Scarborough, ME 04074",,3/12/2026,1/9/2027,1,PM | Ski | Children's Seasonal Program | 26/27 | Saturday | 4-6yrs | 10am,$719.00,Type:Sale; Status:Open,Report Total,454,"$354,797.00"
Customer IP,Customer Name,Age,Address,EMail,Sale / Order Date,Product Date,Qty,Product,Net Amount,Transaction Type / Reservation Status,83880792,"Ferreira, Ellie",6,"4 Longmeadow rd Scarborough, ME 04074",,3/12/2026,1/9/2027,1,PM | Ski | Children's Seasonal Program | 26/27 | Saturday | 7-12yrs | 10am,$719.00,Type:Sale; Status:Open,Report Total,454,"$354,797.00"
Customer IP,Customer Name,Age,Address,EMail,Sale / Order Date,Product Date,Qty,Product,Net Amount,Transaction Type / Reservation Status,83626328,"Atwood, Ava",6,"17 Harding Ave Falmouth, ME 04105",,3/12/2026,1/10/2027,1,PM | Ski | Children's Seasonal Program | 26/27 | Sunday | 4-6yrs | 10am,$719.00,Type:Sale; Status:Open,Report Total,454,"$354,797.00"
Customer IP,Customer Name,Age,Address,EMail,Sale / Order Date,Product Date,Qty,Product,Net Amount,Transaction Type / Reservation Status,83880200,"Levasseur, Isla",6,"16 Hayfield Ln Windham, ME 04062",,3/12/2026,1/9/2027,1,PM | Ski | Children's Seasonal Program | 26/27 | Saturday | 7-12yrs | 10am,$719.00,Type:Sale; Status:Open,Report Total,454,"$354,797.00"
Customer IP,Customer Name,Age,Address,EMail,Sale / Order Date,Product Date,Qty,Product,Net Amount,Transaction Type / Reservation Status,86911451,"Levasseur, Ledgy",3,"16 Hayfield Ln Windham, ME 04062",,3/12/2026,1/9/2027,1,PM | Ski | Children's Seasonal Program | 26/27 | Saturday | 4-6yrs | 10am,$719.00,Type:Sale; Status:Open,Report Total,454,"$354,797.00"
Customer IP,Customer Name,Age,Address,EMail,Sale / Order Date,Product Date,Qty,Product,Net Amount,Transaction Type / Reservation Status,82164407,"Legere, Leverette",6,"49 Brentwood Rd Windham, ME 04062",,3/12/2026,1/10/2027,1,PM | Ski | Children's Seasonal Program | 26/27 | Sunday | 7-12yrs | 10am,$719.00,Type:Sale; Status:Open,Report Total,454,"$354,797.00"
Customer IP,Customer Name,Age,Address,EMail,Sale / Order Date,Product Date,Qty,Product,Net Amount,Transaction Type / Reservation Status,83626360,"Atwood, Vivian",3,"17 Harding Ave Falmouth, ME 04105",,3/12/2026,1/10/2027,1,PM | Ski | Children's Seasonal Program | 26/27 | Sunday | 4-6yrs | 10am,$719.00,Type:Sale; Status:Open,Report Total,454,"$354,797.00"
Customer IP,Customer Name,Age,Address,EMail,Sale / Order Date,Product Date,Qty,Product,Net Amount,Transaction Type / Reservation Status,79109357,"McCluskey, Nash",8,"15 Deering Run Dr Portland, ME 04103",mccluskey.jason@gmail.com,3/12/2026,1/9/2027,1,PM | Ski | Children's Seasonal Program | 26/27 | Saturday | 7-12yrs | 10am,$719.00,Type:Sale; Status:Open,Report Total,454,"$354,797.00"
Customer IP,Customer Name,Age,Address,EMail,Sale / Order Date,Product Date,Qty,Product,Net Amount,Transaction Type / Reservation Status,86639797,"Leen, Jack",11,"321 Spurwink Ave Cape Elizabeth, ME 04107",,3/12/2026,1/9/2027,1,PM | Ski | Children's Seasonal Program | 26/27 | Saturday | 11-13yrs | 9am,$799.00,Type:Sale; Status:Open,Report Total,454,"$354,797.00"
Customer IP,Customer Name,Age,Address,EMail,Sale / Order Date,Product Date,Qty,Product,Net Amount,Transaction Type / Reservation Status,85365929,"Jacobson, Camden",5,"55 Ocean Greens Dr Saco, ME 04072",,3/12/2026,1/9/2027,1,PM | Ski | Children's Seasonal Program | 26/27 | Saturday | 4-6yrs | 10am,$719.00,Type:Sale; Status:Open,Report Total,454,"$354,797.00"
Customer IP,Customer Name,Age,Address,EMail,Sale / Order Date,Product Date,Qty,Product,Net Amount,Transaction Type / Reservation Status,80386441,"Verrico, Allie",8,"23 Farmhouse Rd Scarborough, ME 04074",,3/12/2026,1/10/2027,1,PM | Ski | Children's Seasonal Program | 26/27 | Sunday | 7-12yrs | 10am,$719.00,Type:Sale; Status:Open,Report Total,454,"$354,797.00"
Customer IP,Customer Name,Age,Address,EMail,Sale / Order Date,Product Date,Qty,Product,Net Amount,Transaction Type / Reservation Status,79450587,"Verrico, Jacob",11,"23 Farmhouse Rd Scarborough, ME 04074",,3/12/2026,1/10/2027,1,PM | Ski | Children's Seasonal Program | 26/27 | Sunday | 7-12yrs | 10am,$719.00,Type:Sale; Status:Open,Report Total,454,"$354,797.00"
Customer IP,Customer Name,Age,Address,EMail,Sale / Order Date,Product Date,Qty,Product,Net Amount,Transaction Type / Reservation Status,83890120,"Kadnar, Elliot",5,"22 Hidden Creek Dr Scarborough, ME 04074",,3/12/2026,1/10/2027,1,PM | Ski | Children's Seasonal Program | 26/27 | Sunday | 4-6yrs | 10am,$719.00,Type:Sale; Status:Open,Report Total,454,"$354,797.00"
Customer IP,Customer Name,Age,Address,EMail,Sale / Order Date,Product Date,Qty,Product,Net Amount,Transaction Type / Reservation Status,82554433,"Burla, Vincenzo",7,"25 Schooner Rd SCARBOROUGH, ME 04074",,3/12/2026,1/10/2027,1,PM | Ski | Children's Seasonal Program | 26/27 | Sunday | 7-12yrs | 10am,$719.00,Type:Sale; Status:Open,Report Total,454,"$354,797.00"
Customer IP,Customer Name,Age,Address,EMail,Sale / Order Date,Product Date,Qty,Product,Net Amount,Transaction Type / Reservation Status,83897189,"Selim, Finn",8,"11 Rock Crest Dr. Cape Elizabeth, ME 04107",,3/12/2026,1/9/2027,1,PM | Ski | Children's Seasonal Program | 26/27 | Saturday | 7-12yrs | Full Day,$959.00,Type:Sale; Status:Open,Report Total,454,"$354,797.00"
Customer IP,Customer Name,Age,Address,EMail,Sale / Order Date,Product Date,Qty,Product,Net Amount,Transaction Type / Reservation Status,84780438,"Selim, Holden",5,"11 Rock Crest Dr. Cape Elizabeth, ME 04107",jselim@gmail.com,3/12/2026,1/9/2027,1,PM | Ski | Children's Seasonal Program | 26/27 | Saturday | 4-6yrs | Full Day,$959.00,Type:Sale; Status:Open,Report Total,454,"$354,797.00"
Customer IP,Customer Name,Age,Address,EMail,Sale / Order Date,Product Date,Qty,Product,Net Amount,Transaction Type / Reservation Status,84546689,"Ricci, Lorenzo",11,"17 ARBOR VIEW LN Scarborough, ME 04074",,3/12/2026,1/10/2027,1,PM | Ski | Children's Seasonal Program | 26/27 | Sunday | 7-12yrs | 10am,$719.00,Type:Sale; Status:Open,Report Total,454,"$354,797.00"
Customer IP,Customer Name,Age,Address,EMail,Sale / Order Date,Product Date,Qty,Product,Net Amount,Transaction Type / Reservation Status,85464723,"Ricci, Philomena",11,"17 ARBOR VIEW LN Scarborough, ME 04074",,3/12/2026,1/10/2027,1,PM | Ski | Children's Seasonal Program | 26/27 | Sunday | 7-12yrs | 10am,$719.00,Type:Sale; Status:Open,Report Total,454,"$354,797.00"
Customer IP,Customer Name,Age,Address,EMail,Sale / Order Date,Product Date,Qty,Product,Net Amount,Transaction Type / Reservation Status,85409237,"Sargent, Adeline",10,"5 Galleon Lane SCARBOROUGH, ME 04074",,3/12/2026,1/10/2027,1,PM | Ski | Children's Seasonal Program | 26/27 | Sunday | 7-12yrs | 10am,$719.00,Type:Sale; Status:Open,Report Total,454,"$354,797.00"
Customer IP,Customer Name,Age,Address,EMail,Sale / Order Date,Product Date,Qty,Product,Net Amount,Transaction Type / Reservation Status,85409239,"Sargent, Lucy",7,"5 Galleon Lane SCARBOROUGH, ME 04074",,3/12/2026,1/10/2027,1,PM | Ski | Children's Seasonal Program | 26/27 | Sunday | 7-12yrs | 10am,$719.00,Type:Sale; Status:Open,Report Total,454,"$354,797.00"
Customer IP,Customer Name,Age,Address,EMail,Sale / Order Date,Product Date,Qty,Product,Net Amount,Transaction Type / Reservation Status,81034986,"Resnick, Maddie",9,"72 Decker St MILTON, MA 02186",,3/12/2026,1/9/2027,1,PM | Ski | Children's Seasonal Program | 26/27 | Saturday | 7-12yrs | 10am,$719.00,Type:Sale; Status:Open,Report Total,454,"$354,797.00"
Customer IP,Customer Name,Age,Address,EMail,Sale / Order Date,Product Date,Qty,Product,Net Amount,Transaction Type / Reservation Status,82209482,"Metayer, Wyatt",7,"3 Eisenhower Dr Westbrook, ME 04092",,3/12/2026,1/9/2027,1,PM | Ski | Children's Seasonal Program | 26/27 | Saturday | 7-12yrs | 10am,$719.00,Type:Sale; Status:Open,Report Total,454,"$354,797.00"
Customer IP,Customer Name,Age,Address,EMail,Sale / Order Date,Product Date,Qty,Product,Net Amount,Transaction Type / Reservation Status,85397486,"Fraser, Joy",10,"25 Hammond Rd Falmouth, ME 04105",,3/12/2026,1/10/2027,1,PM | Ski | Children's Seasonal Program | 26/27 | Sunday | 11-13yrs | 9am,$799.00,Type:Sale; Status:Open,Report Total,454,"$354,797.00"
Customer IP,Customer Name,Age,Address,EMail,Sale / Order Date,Product Date,Qty,Product,Net Amount,Transaction Type / Reservation Status,79321221,"Clement, Margot",9,"73 Bowdoin St YARMOUTH, ME 04096",,3/12/2026,1/10/2027,1,PM | Ski | Children's Seasonal Program | 26/27 | Sunday | 7-12yrs | 1pm,$719.00,Type:Sale; Status:Open,Report Total,454,"$354,797.00"
Customer IP,Customer Name,Age,Address,EMail,Sale / Order Date,Product Date,Qty,Product,Net Amount,Transaction Type / Reservation Status,82426150,"Clement, Russell",5,"73 Bowdoin St YARMOUTH, ME 04096",,3/12/2026,1/10/2027,1,PM | Ski | Children's Seasonal Program | 26/27 | Sunday | 4-6yrs | 1pm,$719.00,Type:Sale; Status:Open,Report Total,454,"$354,797.00"
Customer IP,Customer Name,Age,Address,EMail,Sale / Order Date,Product Date,Qty,Product,Net Amount,Transaction Type / Reservation Status,81862578,"Wallace, Henry",8,"96 Bow St Freeport, ME 04032",,3/12/2026,1/9/2027,1,PM | Ski | Children's Seasonal Program | 26/27 | Saturday | 7-12yrs | Full Day,$959.00,Type:Sale; Status:Open,Report Total,454,"$354,797.00"
Customer IP,Customer Name,Age,Address,EMail,Sale / Order Date,Product Date,Qty,Product,Net Amount,Transaction Type / Reservation Status,84027794,"Wallace, Olivia",6,"96 Bow St Freeport, ME 04032",,3/12/2026,1/9/2027,1,PM | Ski | Children's Seasonal Program | 26/27 | Saturday | 4-6yrs | Full Day,$959.00,Type:Sale; Status:Open,Report Total,454,"$354,797.00"
Customer IP,Customer Name,Age,Address,EMail,Sale / Order Date,Product Date,Qty,Product,Net Amount,Transaction Type / Reservation Status,84844295,"Leslie, Blair",4,"45 Bay View Dr Portland, ME 04103",,3/12/2026,1/10/2027,1,PM | Ski | Children's Seasonal Program | 26/27 | Sunday | 4-6yrs | Full Day,$959.00,Type:Sale; Status:Open,Report Total,454,"$354,797.00"
Customer IP,Customer Name,Age,Address,EMail,Sale / Order Date,Product Date,Qty,Product,Net Amount,Transaction Type / Reservation Status,83993560,"Leslie, Read",6,"45 Bay View Dr Portland, ME 04103",,3/12/2026,1/10/2027,1,PM | Ski | Children's Seasonal Program | 26/27 | Sunday | 4-6yrs | Full Day,$959.00,Type:Sale; Status:Open,Report Total,454,"$354,797.00"
Customer IP,Customer Name,Age,Address,EMail,Sale / Order Date,Product Date,Qty,Product,Net Amount,Transaction Type / Reservation Status,86914675,"Schwartzman, Jack",6,"973 SHORE RD CAPE ELIZABETH, ME 04107",,3/12/2026,1/9/2027,1,PM | Ski | Children's Seasonal Program | 26/27 | Saturday | 4-6yrs | 10am,$719.00,Type:Sale; Status:Open,Report Total,454,"$354,797.00"
Customer IP,Customer Name,Age,Address,EMail,Sale / Order Date,Product Date,Qty,Product,Net Amount,Transaction Type / Reservation Status,86761087,"Scarponi, Jack",3,"987 ROYALSBOROUGH RD DURHAM, ME 04222",,3/12/2026,1/10/2027,1,PM | Ski | Children's Seasonal Program | 26/27 | Sunday | 4-6yrs | 1pm,$719.00,Type:Sale; Status:Open,Report Total,454,"$354,797.00"
Customer IP,Customer Name,Age,Address,EMail,Sale / Order Date,Product Date,Qty,Product,Net Amount,Transaction Type / Reservation Status,86332937,"Lippincott, Amelia",4,"263 W Elm St Yarmouth, ME 04096",,3/12/2026,1/9/2027,1,PM | Ski | Children's Seasonal Program | 26/27 | Saturday | 4-6yrs | Full Day,$959.00,Type:Sale; Status:Open,Report Total,454,"$354,797.00"
Customer IP,Customer Name,Age,Address,EMail,Sale / Order Date,Product Date,Qty,Product,Net Amount,Transaction Type / Reservation Status,84971044,"Sadlak, James",4,"6 Ryan Road Newburyport, MA 01950",,3/12/2026,1/9/2027,1,PM | Ski | Children's Seasonal Program | 26/27 | Saturday | 4-6yrs | Full Day,$959.00,Type:Sale; Status:Open,Report Total,454,"$354,797.00"
Customer IP,Customer Name,Age,Address,EMail,Sale / Order Date,Product Date,Qty,Product,Net Amount,Transaction Type / Reservation Status,86914754,"Steinberg, Isaac",6,"11 High Bluff Rd Cape Elizabeth, ME 04107",,3/12/2026,1/10/2027,1,PM | Ski | Children's Seasonal Program | 26/27 | Sunday | 7-12yrs | 10am,$719.00,Type:Sale; Status:Open,Report Total,454,"$354,797.00"
Customer IP,Customer Name,Age,Address,EMail,Sale / Order Date,Product Date,Qty,Product,Net Amount,Transaction Type / Reservation Status,86914758,"Steinberg, Lev",6,"11 High Bluff Rd Cape Elizabeth, ME 04107",,3/12/2026,1/10/2027,1,PM | Ski | Children's Seasonal Program | 26/27 | Sunday | 7-12yrs | 10am,$719.00,Type:Sale; Status:Open,Report Total,454,"$354,797.00"
Customer IP,Customer Name,Age,Address,EMail,Sale / Order Date,Product Date,Qty,Product,Net Amount,Transaction Type / Reservation Status,86914760,"Steinberg, Reuben",4,"11 High Bluff Rd Cape Elizabeth, ME 04107",,3/12/2026,1/10/2027,1,PM | Ski | Children's Seasonal Program | 26/27 | Sunday | 4-6yrs | 10am,$719.00,Type:Sale; Status:Open,Report Total,454,"$354,797.00"
Customer IP,Customer Name,Age,Address,EMail,Sale / Order Date,Product Date,Qty,Product,Net Amount,Transaction Type / Reservation Status,83309233,"Blattner, Nina",7,"50 Seaborne Dr Yarmouth, ME 04096",,3/12/2026,1/9/2027,1,PM | Ski | Children's Seasonal Program | 26/27 | Saturday | 7-12yrs | 10am,$719.00,Type:Sale; Status:Open,Report Total,454,"$354,797.00"
Customer IP,Customer Name,Age,Address,EMail,Sale / Order Date,Product Date,Qty,Product,Net Amount,Transaction Type / Reservation Status,85412441,"Blattner, Sylvia",4,"50 Seaborne Dr Yarmouth, ME 04096",,3/12/2026,1/9/2027,1,PM | Ski | Children's Seasonal Program | 26/27 | Saturday | 4-6yrs | 10am,$719.00,Type:Sale; Status:Open,Report Total,454,"$354,797.00"
Customer IP,Customer Name,Age,Address,EMail,Sale / Order Date,Product Date,Qty,Product,Net Amount,Transaction Type / Reservation Status,84895031,"Bushman Willcox, Ellowyn",4,"31 Montrose Ave Portland, ME 04103",,3/12/2026,1/10/2027,1,PM | Ski | Children's Seasonal Program | 26/27 | Sunday | 4-6yrs | 10am,$719.00,Type:Sale; Status:Open,Report Total,454,"$354,797.00"
Customer IP,Customer Name,Age,Address,EMail,Sale / Order Date,Product Date,Qty,Product,Net Amount,Transaction Type / Reservation Status,84811153,"Butt, Anders",10,"9 South St Salem, MA 01970",,3/13/2026,1/9/2027,1,PM | Ski | Children's Seasonal Program | 26/27 | Saturday | 7-12yrs | 10am,$719.00,Type:Sale; Status:Open,Report Total,454,"$354,797.00"
Customer IP,Customer Name,Age,Address,EMail,Sale / Order Date,Product Date,Qty,Product,Net Amount,Transaction Type / Reservation Status,86876945,"Butt, Bjorn",7,"9 South St Salem, MA 01970",,3/13/2026,1/9/2027,1,PM | Ski | Children's Seasonal Program | 26/27 | Saturday | 7-12yrs | 10am,$719.00,Type:Sale; Status:Open,Report Total,454,"$354,797.00"
Customer IP,Customer Name,Age,Address,EMail,Sale / Order Date,Product Date,Qty,Product,Net Amount,Transaction Type / Reservation Status,84559305,"Sountis, Billie",4,"24 Spear Ave South Portland, ME 04106",,3/13/2026,1/10/2027,1,PM | Ski | Children's Seasonal Program | 26/27 | Sunday | 4-6yrs | Full Day,$959.00,Type:Sale; Status:Open,Report Total,454,"$354,797.00"
Customer IP,Customer Name,Age,Address,EMail,Sale / Order Date,Product Date,Qty,Product,Net Amount,Transaction Type / Reservation Status,79541942,"Sountis, Nikolaos",8,,,3/13/2026,1/10/2027,1,PM | Ski | Children's Seasonal Program | 26/27 | Sunday | 7-12yrs | 10am,$719.00,Type:Sale; Status:Open,Report Total,454,"$354,797.00"
Customer IP,Customer Name,Age,Address,EMail,Sale / Order Date,Product Date,Qty,Product,Net Amount,Transaction Type / Reservation Status,81508713,"Sountis, Travers",6,"24 Spear Ave South Portland, ME 04106",,3/13/2026,1/10/2027,1,PM | Ski | Children's Seasonal Program | 26/27 | Sunday | 4-6yrs | 10am,$719.00,Type:Sale; Status:Open,Report Total,454,"$354,797.00"
Customer IP,Customer Name,Age,Address,EMail,Sale / Order Date,Product Date,Qty,Product,Net Amount,Transaction Type / Reservation Status,86916303,"Clifford, Phoebe",5,"48 Cumberland Ave Portland, ME 04101",,3/13/2026,1/10/2027,1,PM | Ski | Children's Seasonal Program | 26/27 | Sunday | 4-6yrs | 1pm,$719.00,Type:Sale; Status:Open,Report Total,454,"$354,797.00"
Customer IP,Customer Name,Age,Address,EMail,Sale / Order Date,Product Date,Qty,Product,Net Amount,Transaction Type / Reservation Status,84423977,"Doyle, Eve",5,"53 Pleasant Hill Rd Falmouth, ME 04105",,3/13/2026,1/10/2027,1,PM | Ski | Children's Seasonal Program | 26/27 | Sunday | 4-6yrs | 1pm,$719.00,Type:Sale; Status:Open,Report Total,454,"$354,797.00"
Customer IP,Customer Name,Age,Address,EMail,Sale / Order Date,Product Date,Qty,Product,Net Amount,Transaction Type / Reservation Status,82635044,"Pulsifer, Reagan",6,"108 Ocean Ave Wells, ME 04090",,3/13/2026,1/10/2027,1,PM | Ski | Children's Seasonal Program | 26/27 | Sunday | 7-12yrs | 10am,$719.00,Type:Sale; Status:Open,Report Total,454,"$354,797.00"
Customer IP,Customer Name,Age,Address,EMail,Sale / Order Date,Product Date,Qty,Product,Net Amount,Transaction Type / Reservation Status,84424720,"Lowrance, Wilder",5,"8 Wilshore Way Falmouth, ME 04105",,3/13/2026,1/10/2027,1,PM | SB | Children's Seasonal Program | 26/27 | Sunday | 4-6yrs | 1pm,$719.00,Type:Sale; Status:Open,Report Total,454,"$354,797.00"
Customer IP,Customer Name,Age,Address,EMail,Sale / Order Date,Product Date,Qty,Product,Net Amount,Transaction Type / Reservation Status,81249481,"Turner, Jack",5,"15 West St Portland, ME 04102",,3/13/2026,1/10/2027,1,PM | Ski | Children's Seasonal Program | 26/27 | Sunday | 4-6yrs | 10am,$719.00,Type:Sale; Status:Open,Report Total,454,"$354,797.00"
Customer IP,Customer Name,Age,Address,EMail,Sale / Order Date,Product Date,Qty,Product,Net Amount,Transaction Type / Reservation Status,81249479,"Turner, Wren",7,"15 West St Portland, ME 04102",,3/13/2026,1/10/2027,1,PM | Ski | Children's Seasonal Program | 26/27 | Sunday | 7-12yrs | 10am,$719.00,Type:Sale; Status:Open,Report Total,454,"$354,797.00"
Customer IP,Customer Name,Age,Address,EMail,Sale / Order Date,Product Date,Qty,Product,Net Amount,Transaction Type / Reservation Status,83536724,"Rioux, Marshal",6,"9 Eli Lane Windham, ME 04062",,3/13/2026,1/9/2027,1,PM | Ski | Children's Seasonal Program | 26/27 | Saturday | 4-6yrs | 10am,$719.00,Type:Sale; Status:Open,Report Total,454,"$354,797.00"
Customer IP,Customer Name,Age,Address,EMail,Sale / Order Date,Product Date,Qty,Product,Net Amount,Transaction Type / Reservation Status,85532797,"Henderson, Cecilia",7,"66 E Elm Street Yarmouth, ME 04096",,3/13/2026,1/9/2027,1,PM | Ski | Children's Seasonal Program | 26/27 | Saturday | 7-12yrs | 10am,$719.00,Type:Sale; Status:Open,Report Total,454,"$354,797.00"
Customer IP,Customer Name,Age,Address,EMail,Sale / Order Date,Product Date,Qty,Product,Net Amount,Transaction Type / Reservation Status,85532798,"Henderson, Eleanor",5,"66 E Elm Street Yarmouth, ME 04096",,3/13/2026,1/9/2027,1,PM | Ski | Children's Seasonal Program | 26/27 | Saturday | 4-6yrs | 10am,$719.00,Type:Sale; Status:Open,Report Total,454,"$354,797.00"
Customer IP,Customer Name,Age,Address,EMail,Sale / Order Date,Product Date,Qty,Product,Net Amount,Transaction Type / Reservation Status,85532799,"Henderson, Phineas",4,"66 E Elm Street Yarmouth, ME 04096",,3/13/2026,1/9/2027,1,PM | Ski | Children's Seasonal Program | 26/27 | Saturday | 4-6yrs | 10am,$719.00,Type:Sale; Status:Open,Report Total,454,"$354,797.00"
Customer IP,Customer Name,Age,Address,EMail,Sale / Order Date,Product Date,Qty,Product,Net Amount,Transaction Type / Reservation Status,85979936,"Thompson, Callan",4,"7 Harraseeket Rd Freeport, ME 04032",,3/13/2026,1/9/2027,1,PM | Ski | Children's Seasonal Program | 26/27 | Saturday | 4-6yrs | 10am,$719.00,Type:Sale; Status:Open,Report Total,454,"$354,797.00"
Customer IP,Customer Name,Age,Address,EMail,Sale / Order Date,Product Date,Qty,Product,Net Amount,Transaction Type / Reservation Status,85266965,"Carroll, Wyley",4,"161 Pine St Unit 3 Portland, ME 04102",,3/14/2026,1/9/2027,1,PM | Ski | Children's Seasonal Program | 26/27 | Saturday | 4-6yrs | 10am,$719.00,Type:Sale; Status:Open,Report Total,454,"$354,797.00"
Customer IP,Customer Name,Age,Address,EMail,Sale / Order Date,Product Date,Qty,Product,Net Amount,Transaction Type / Reservation Status,80818602,"Patregnani, Nico",7,"34 Dylan Drive Scarborough, ME 04074",,3/14/2026,1/9/2027,1,PM | Ski | Children's Seasonal Program | 26/27 | Saturday | 7-12yrs | Full Day,$959.00,Type:Sale; Status:Open,Report Total,454,"$354,797.00"
Customer IP,Customer Name,Age,Address,EMail,Sale / Order Date,Product Date,Qty,Product,Net Amount,Transaction Type / Reservation Status,82422742,"Hart, William",7,"15 Leighton Farm Road Cape Elizabeth, ME 04107",,3/14/2026,1/9/2027,1,PM | Ski | Children's Seasonal Program | 26/27 | Saturday | 7-12yrs | Full Day,$959.00,Type:Sale; Status:Open,Report Total,454,"$354,797.00"
Customer IP,Customer Name,Age,Address,EMail,Sale / Order Date,Product Date,Qty,Product,Net Amount,Transaction Type / Reservation Status,84675585,"Gill, Amelia",8,"24 Columbus Rd Cape Elizabeth, ME 04107",,3/14/2026,1/9/2027,1,PM | Ski | Children's Seasonal Program | 26/27 | Saturday | 7-12yrs | Full Day,$959.00,Type:Sale; Status:Open,Report Total,454,"$354,797.00"
Customer IP,Customer Name,Age,Address,EMail,Sale / Order Date,Product Date,Qty,Product,Net Amount,Transaction Type / Reservation Status,84675590,"Gill, Sophia",8,"24 Columbus Rd Cape Elizabeth, ME 04107",,3/14/2026,1/9/2027,1,PM | Ski | Children's Seasonal Program | 26/27 | Saturday | 7-12yrs | Full Day,$959.00,Type:Sale; Status:Open,Report Total,454,"$354,797.00"
Customer IP,Customer Name,Age,Address,EMail,Sale / Order Date,Product Date,Qty,Product,Net Amount,Transaction Type / Reservation Status,83572998,"Pickles, Oaklee",6,"78 Orchard Rd Cumberland Center, ME 04021",,3/14/2026,1/10/2027,1,PM | Ski | Children's Seasonal Program | 26/27 | Sunday | 4-6yrs | Full Day,$959.00,Type:Sale; Status:Open,Report Total,454,"$354,797.00"
Customer IP,Customer Name,Age,Address,EMail,Sale / Order Date,Product Date,Qty,Product,Net Amount,Transaction Type / Reservation Status,83878421,"Pickles, Wylee",4,"78 Orchard Rd Cumberland Center, ME 04021",,3/14/2026,1/10/2027,1,PM | Ski | Children's Seasonal Program | 26/27 | Sunday | 4-6yrs | Full Day,$959.00,Type:Sale; Status:Open,Report Total,454,"$354,797.00"
Customer IP,Customer Name,Age,Address,EMail,Sale / Order Date,Product Date,Qty,Product,Net Amount,Transaction Type / Reservation Status,84052337,"Botler, Calvin",4,"35 woodmont st Portland, ME 04102",,3/14/2026,1/9/2027,1,PM | Ski | Children's Seasonal Program | 26/27 | Saturday | 4-6yrs | Full Day,$959.00,Type:Sale; Status:Open,Report Total,454,"$354,797.00"
Customer IP,Customer Name,Age,Address,EMail,Sale / Order Date,Product Date,Qty,Product,Net Amount,Transaction Type / Reservation Status,82903590,"Botler, Theo",7,"35 woodmont st Portland, ME 04102",tim.botler@gmail.com,3/14/2026,1/9/2027,1,PM | Ski | Children's Seasonal Program | 26/27 | Saturday | 7-12yrs | Full Day,$959.00,Type:Sale; Status:Open,Report Total,454,"$354,797.00"
Customer IP,Customer Name,Age,Address,EMail,Sale / Order Date,Product Date,Qty,Product,Net Amount,Transaction Type / Reservation Status,83911230,"Kimball, Cora",6,"7 Ledge Rd Kennebunkport, ME 04046",,3/14/2026,1/9/2027,1,PM | Ski | Children's Seasonal Program | 26/27 | Saturday | 4-6yrs | 10am,$719.00,Type:Sale; Status:Open,Report Total,454,"$354,797.00"
Customer IP,Customer Name,Age,Address,EMail,Sale / Order Date,Product Date,Qty,Product,Net Amount,Transaction Type / Reservation Status,83911223,"Kimball, Easton",9,"7 Ledge Rd Kennebunkport, ME 04046",,3/14/2026,1/9/2027,1,PM | Ski | Children's Seasonal Program | 26/27 | Saturday | 11-13yrs | 9am,$799.00,Type:Sale; Status:Open,Report Total,454,"$354,797.00"
Customer IP,Customer Name,Age,Address,EMail,Sale / Order Date,Product Date,Qty,Product,Net Amount,Transaction Type / Reservation Status,83821231,"Crothers, Annika",4,"32 sheffield st Portland, ME 04102",,3/14/2026,1/10/2027,1,PM | Ski | Children's Seasonal Program | 26/27 | Sunday | 4-6yrs | Full Day,$959.00,Type:Sale; Status:Open,Report Total,454,"$354,797.00"
Customer IP,Customer Name,Age,Address,EMail,Sale / Order Date,Product Date,Qty,Product,Net Amount,Transaction Type / Reservation Status,85448803,"Crothers, August",7,"32 Sheffield St Portland, ME 04102",eliza.bullis@gmail.com,3/14/2026,1/10/2027,1,PM | Ski | Children's Seasonal Program | 26/27 | Sunday | 7-12yrs | Full Day,$959.00,Type:Sale; Status:Open,Report Total,454,"$354,797.00"
Customer IP,Customer Name,Age,Address,EMail,Sale / Order Date,Product Date,Qty,Product,Net Amount,Transaction Type / Reservation Status,86927121,"Clarke, Keira",5,"10 Candlewick Ln Cumberland Center, ME 04021",,3/14/2026,1/10/2027,1,PM | Ski | Children's Seasonal Program | 26/27 | Sunday | 4-6yrs | 1pm,$719.00,Type:Sale; Status:Open,Report Total,454,"$354,797.00"
Customer IP,Customer Name,Age,Address,EMail,Sale / Order Date,Product Date,Qty,Product,Net Amount,Transaction Type / Reservation Status,83880197,"Cox, Isla",10,"5 High St Yarmouth, ME 04096",,3/15/2026,1/10/2027,1,PM | Ski | Children's Seasonal Program | 26/27 | Sunday | 7-12yrs | Full Day,$959.00,Type:Sale; Status:Open,Report Total,454,"$354,797.00"
Customer IP,Customer Name,Age,Address,EMail,Sale / Order Date,Product Date,Qty,Product,Net Amount,Transaction Type / Reservation Status,83880199,"Cox, Maisy",8,"5 High St Yarmouth, ME 04096",,3/15/2026,1/10/2027,1,PM | Ski | Children's Seasonal Program | 26/27 | Sunday | 7-12yrs | Full Day,$959.00,Type:Sale; Status:Open,Report Total,454,"$354,797.00"
Customer IP,Customer Name,Age,Address,EMail,Sale / Order Date,Product Date,Qty,Product,Net Amount,Transaction Type / Reservation Status,84978838,"Howard, Madeline",7,"24 Brookside Ln Portland, ME 04103",,3/15/2026,1/10/2027,1,PM | Ski | Children's Seasonal Program | 26/27 | Sunday | 7-12yrs | 10am,$719.00,Type:Sale; Status:Open,Report Total,454,"$354,797.00"
Customer IP,Customer Name,Age,Address,EMail,Sale / Order Date,Product Date,Qty,Product,Net Amount,Transaction Type / Reservation Status,84978875,"Howard, Noah",5,"24 Brookside Ln Portland, ME 04103",,3/15/2026,1/10/2027,1,PM | Ski | Children's Seasonal Program | 26/27 | Sunday | 4-6yrs | 10am,$719.00,Type:Sale; Status:Open,Report Total,454,"$354,797.00"
Customer IP,Customer Name,Age,Address,EMail,Sale / Order Date,Product Date,Qty,Product,Net Amount,Transaction Type / Reservation Status,85697576,"Griffin, Layla",8,,,3/15/2026,1/10/2027,1,PM | SB | Children's Seasonal Program | 26/27 | Sunday | 7-12yrs | 10am,$719.00,Type:Sale; Status:Open,Report Total,454,"$354,797.00"
Customer IP,Customer Name,Age,Address,EMail,Sale / Order Date,Product Date,Qty,Product,Net Amount,Transaction Type / Reservation Status,86930390,"Randall, Reese",4,"22 Pinewood Dr Cumberland Center, ME 04021",,3/15/2026,1/10/2027,1,PM | Ski | Children's Seasonal Program | 26/27 | Sunday | 4-6yrs | 10am,$719.00,Type:Sale; Status:Open,Report Total,454,"$354,797.00"
Customer IP,Customer Name,Age,Address,EMail,Sale / Order Date,Product Date,Qty,Product,Net Amount,Transaction Type / Reservation Status,86930632,"Walters, Liv",4,"9 Overlook Dr Saco, ME 04072",,3/15/2026,1/10/2027,1,PM | Ski | Children's Seasonal Program | 26/27 | Sunday | 4-6yrs | 10am,$719.00,Type:Sale; Status:Open,Report Total,454,"$354,797.00"
Customer IP,Customer Name,Age,Address,EMail,Sale / Order Date,Product Date,Qty,Product,Net Amount,Transaction Type / Reservation Status,82062924,"Creagan, Macklin",7,"79 Providence Ave South Portland, ME 04106",,3/15/2026,1/10/2027,1,PM | Ski | Children's Seasonal Program | 26/27 | Sunday | 7-12yrs | 10am,$719.00,Type:Sale; Status:Open,Report Total,454,"$354,797.00"
Customer IP,Customer Name,Age,Address,EMail,Sale / Order Date,Product Date,Qty,Product,Net Amount,Transaction Type / Reservation Status,81518062,"Boucher, Boden",8,"82 Salem Street Portland, ME 04102",,3/15/2026,1/10/2027,1,PM | Ski | Children's Seasonal Program | 26/27 | Sunday | 7-12yrs | 10am,$719.00,Type:Sale; Status:Open,Report Total,454,"$354,797.00"
Customer IP,Customer Name,Age,Address,EMail,Sale / Order Date,Product Date,Qty,Product,Net Amount,Transaction Type / Reservation Status,81518065,"Boucher, Josephine",6,"82 Salem Street Portland, ME 04102",,3/15/2026,1/10/2027,1,PM | Ski | Children's Seasonal Program | 26/27 | Sunday | 4-6yrs | 10am,$719.00,Type:Sale; Status:Open,Report Total,454,"$354,797.00"
Customer IP,Customer Name,Age,Address,EMail,Sale / Order Date,Product Date,Qty,Product,Net Amount,Transaction Type / Reservation Status,81034490,"Henckel, Camila",9,"18 Otis Lilley dr Scarborough, ME 04074",,3/15/2026,1/10/2027,1,PM | Ski | Children's Seasonal Program | 26/27 | Sunday | 7-12yrs | 10am,$719.00,Type:Sale; Status:Open,Report Total,454,"$354,797.00"
Customer IP,Customer Name,Age,Address,EMail,Sale / Order Date,Product Date,Qty,Product,Net Amount,Transaction Type / Reservation Status,82473384,"Henckel, Lilian",4,"18 Otis Lilley dr Scarborough, ME 04074",,3/15/2026,1/10/2027,1,PM | Ski | Children's Seasonal Program | 26/27 | Sunday | 4-6yrs | 10am,$719.00,Type:Sale; Status:Open,Report Total,454,"$354,797.00"
Customer IP,Customer Name,Age,Address,EMail,Sale / Order Date,Product Date,Qty,Product,Net Amount,Transaction Type / Reservation Status,86595718,"Quesada, Pondie",7,"35 Harraseeket Rd South Freeport, ME 04078",,3/15/2026,1/10/2027,1,PM | Ski | Children's Seasonal Program | 26/27 | Sunday | 7-12yrs | Full Day,$959.00,Type:Sale; Status:Open,Report Total,454,"$354,797.00"
Customer IP,Customer Name,Age,Address,EMail,Sale / Order Date,Product Date,Qty,Product,Net Amount,Transaction Type / Reservation Status,84844843,"Maresh, Beatrice",4,"114 Clifford St South Portland, ME 04106",,3/15/2026,1/10/2027,1,PM | Ski | Children's Seasonal Program | 26/27 | Sunday | 4-6yrs | Full Day,$959.00,Type:Sale; Status:Open,Report Total,454,"$354,797.00"
Customer IP,Customer Name,Age,Address,EMail,Sale / Order Date,Product Date,Qty,Product,Net Amount,Transaction Type / Reservation Status,83547434,"Maresh, Eleanor",7,"114 Clifford St South Portland, ME 04106",,3/15/2026,1/10/2027,1,PM | Ski | Children's Seasonal Program | 26/27 | Sunday | 7-12yrs | Full Day,$959.00,Type:Sale; Status:Open,Report Total,454,"$354,797.00"
Customer IP,Customer Name,Age,Address,EMail,Sale / Order Date,Product Date,Qty,Product,Net Amount,Transaction Type / Reservation Status,82940784,"Smith, Piper",7,"9 Summer Way Cumberland, ME 04021",,3/15/2026,1/10/2027,1,PM | Ski | Children's Seasonal Program | 26/27 | Sunday | 7-12yrs | Full Day,$959.00,Type:Sale; Status:Open,Report Total,454,"$354,797.00"
Customer IP,Customer Name,Age,Address,EMail,Sale / Order Date,Product Date,Qty,Product,Net Amount,Transaction Type / Reservation Status,82642265,"Guiffre, Walker",6,"84 Rocky Point Rd HARRISON, ME 04040",,3/15/2026,1/9/2027,1,PM | Ski | Children's Seasonal Program | 26/27 | Saturday | 7-12yrs | 10am,$719.00,Type:Sale; Status:Open,Report Total,454,"$354,797.00"
Customer IP,Customer Name,Age,Address,EMail,Sale / Order Date,Product Date,Qty,Product,Net Amount,Transaction Type / Reservation Status,85772013,"Gostanian, Aram",4,"22 captains way Falmouth, ME 04105",,3/15/2026,1/9/2027,1,PM | Ski | Children's Seasonal Program | 26/27 | Saturday | 4-6yrs | 10am,$719.00,Type:Sale; Status:Open,Report Total,454,"$354,797.00"
Customer IP,Customer Name,Age,Address,EMail,Sale / Order Date,Product Date,Qty,Product,Net Amount,Transaction Type / Reservation Status,83622342,"Gostanian, Rose",6,"22 captains way Falmouth, ME 04105",,3/15/2026,1/9/2027,1,PM | Ski | Children's Seasonal Program | 26/27 | Saturday | 7-12yrs | 10am,$719.00,Type:Sale; Status:Open,Report Total,454,"$354,797.00"
Customer IP,Customer Name,Age,Address,EMail,Sale / Order Date,Product Date,Qty,Product,Net Amount,Transaction Type / Reservation Status,81731150,"O'Connor, Owen",8,"1185 highland ave South Portland, ME 04106",,3/15/2026,1/10/2027,1,PM | Ski | Children's Seasonal Program | 26/27 | Sunday | 7-12yrs | 10am,$719.00,Type:Sale; Status:Open,Report Total,454,"$354,797.00"
Customer IP,Customer Name,Age,Address,EMail,Sale / Order Date,Product Date,Qty,Product,Net Amount,Transaction Type / Reservation Status,82470382,"Holshouser, Olivia",6,"1451 North Road North Yarmouth, ME 04097",sean.holshouser@gmail.com,3/15/2026,1/10/2027,1,PM | Ski | Children's Seasonal Program | 26/27 | Sunday | 4-6yrs | 10am,$719.00,Type:Sale; Status:Open,Report Total,454,"$354,797.00"
Customer IP,Customer Name,Age,Address,EMail,Sale / Order Date,Product Date,Qty,Product,Net Amount,Transaction Type / Reservation Status,81937541,"Holshouser, Megan",9,"1451 North Road North Yarmouth, ME 04097",sean.holshouser@gmail.com,3/15/2026,1/10/2027,1,PM | Ski | Children's Seasonal Program | 26/27 | Sunday | 7-12yrs | 10am,$719.00,Type:Sale; Status:Open,Report Total,454,"$354,797.00"
Customer IP,Customer Name,Age,Address,EMail,Sale / Order Date,Product Date,Qty,Product,Net Amount,Transaction Type / Reservation Status,82454907,"Kellner, Elliott",6,"21 Cross Ridge Dr Windham, ME 04401",,3/15/2026,1/10/2027,1,PM | Ski | Children's Seasonal Program | 26/27 | Sunday | 7-12yrs | 10am,$719.00,Type:Sale; Status:Open,Report Total,454,"$354,797.00"
Customer IP,Customer Name,Age,Address,EMail,Sale / Order Date,Product Date,Qty,Product,Net Amount,Transaction Type / Reservation Status,86934645,"Condrey, Mae",4,"213 Auburn Street Portland, ME 04103",,3/15/2026,1/10/2027,1,PM | Ski | Children's Seasonal Program | 26/27 | Sunday | 4-6yrs | 10am,$719.00,Type:Sale; Status:Open,Report Total,454,"$354,797.00"
Customer IP,Customer Name,Age,Address,EMail,Sale / Order Date,Product Date,Qty,Product,Net Amount,Transaction Type / Reservation Status,85604121,"Miller, Henry",7,"26 sunnyfield lane Cumberland, ME 04021",,3/15/2026,1/10/2027,1,PM | Ski | Children's Seasonal Program | 26/27 | Sunday | 7-12yrs | 1pm,$719.00,Type:Sale; Status:Open,Report Total,454,"$354,797.00"
Customer IP,Customer Name,Age,Address,EMail,Sale / Order Date,Product Date,Qty,Product,Net Amount,Transaction Type / Reservation Status,85604134,"Miller, Maddie",5,"26 sunnyfield lane Cumberland, ME 04021",,3/15/2026,1/10/2027,1,PM | Ski | Children's Seasonal Program | 26/27 | Sunday | 4-6yrs | 1pm,$719.00,Type:Sale; Status:Open,Report Total,454,"$354,797.00"
Customer IP,Customer Name,Age,Address,EMail,Sale / Order Date,Product Date,Qty,Product,Net Amount,Transaction Type / Reservation Status,83439179,"Newell, Eloise",7,"32 Valley Rd Cumberland Center, ME 04021",,3/15/2026,1/10/2027,1,PM | Ski | Children's Seasonal Program | 26/27 | Sunday | 7-12yrs | 1pm,$719.00,Type:Sale; Status:Open,Report Total,454,"$354,797.00"
Customer IP,Customer Name,Age,Address,EMail,Sale / Order Date,Product Date,Qty,Product,Net Amount,Transaction Type / Reservation Status,83507594,"Newell, Jonas",4,"32 Valley Rd Cumberland Center, ME 04021",,3/15/2026,1/10/2027,1,PM | Ski | Children's Seasonal Program | 26/27 | Sunday | 4-6yrs | 1pm,$719.00,Type:Sale; Status:Open,Report Total,454,"$354,797.00"
Customer IP,Customer Name,Age,Address,EMail,Sale / Order Date,Product Date,Qty,Product,Net Amount,Transaction Type / Reservation Status,83891444,"Duval, Simon",5,"10 Winchester Dr Windham, ME 04062",,3/15/2026,1/10/2027,1,PM | Ski | Children's Seasonal Program | 26/27 | Sunday | 4-6yrs | 10am,$719.00,Type:Sale; Status:Open,Report Total,454,"$354,797.00"
Customer IP,Customer Name,Age,Address,EMail,Sale / Order Date,Product Date,Qty,Product,Net Amount,Transaction Type / Reservation Status,84635459,"Card, Charlotte",5,"20 BELKNAP ST PORTLAND, ME 04103",,3/15/2026,1/10/2027,1,PM | Ski | Children's Seasonal Program | 26/27 | Sunday | 4-6yrs | 10am,$719.00,Type:Sale; Status:Open,Report Total,454,"$354,797.00"
Customer IP,Customer Name,Age,Address,EMail,Sale / Order Date,Product Date,Qty,Product,Net Amount,Transaction Type / Reservation Status,85429506,"Gilbert, Asa David",4,"17 Owls Nest Lane Brunswick, ME 04011",,3/16/2026,1/9/2027,1,PM | Ski | Children's Seasonal Program | 26/27 | Saturday | 4-6yrs | Full Day,$959.00,Type:Sale; Status:Open,Report Total,454,"$354,797.00"
Customer IP,Customer Name,Age,Address,EMail,Sale / Order Date,Product Date,Qty,Product,Net Amount,Transaction Type / Reservation Status,83918206,"Gilbert, Remi",6,"17 Owls Nest Lane Brunswick, ME 04011",,3/16/2026,1/9/2027,1,PM | Ski | Children's Seasonal Program | 26/27 | Saturday | 4-6yrs | Full Day,$959.00,Type:Sale; Status:Open,Report Total,454,"$354,797.00"
Customer IP,Customer Name,Age,Address,EMail,Sale / Order Date,Product Date,Qty,Product,Net Amount,Transaction Type / Reservation Status,84846847,"Turner, Tate",5,"12 Anderson Dr Falmouth, ME 04105",,3/16/2026,1/9/2027,1,PM | Ski | Children's Seasonal Program | 26/27 | Saturday | 4-6yrs | Full Day,$959.00,Type:Sale; Status:Open,Report Total,454,"$354,797.00"
Customer IP,Customer Name,Age,Address,EMail,Sale / Order Date,Product Date,Qty,Product,Net Amount,Transaction Type / Reservation Status,86935981,"Greenwald, Nell",7,"268 Ferry Road SACO, ME 04072",,3/16/2026,1/9/2027,1,PM | Ski | Children's Seasonal Program | 26/27 | Saturday | 7-12yrs | 10am,$719.00,Type:Sale; Status:Open,Report Total,454,"$354,797.00"
Customer IP,Customer Name,Age,Address,EMail,Sale / Order Date,Product Date,Qty,Product,Net Amount,Transaction Type / Reservation Status,85466672,"Piper, James",4,"24 Johnson Road Falmouth, ME 04105",,3/16/2026,1/9/2027,1,PM | Ski | Children's Seasonal Program | 26/27 | Saturday | 4-6yrs | Full Day,$959.00,Type:Sale; Status:Open,Report Total,454,"$354,797.00"
Customer IP,Customer Name,Age,Address,EMail,Sale / Order Date,Product Date,Qty,Product,Net Amount,Transaction Type / Reservation Status,84816675,"Bromley, Caroline",5,"17 Hunts Point Road Cape Elizabeth, ME 04107",,3/16/2026,1/9/2027,1,PM | Ski | Children's Seasonal Program | 26/27 | Saturday | 4-6yrs | Full Day,$959.00,Type:Sale; Status:Open,Report Total,454,"$354,797.00"
Customer IP,Customer Name,Age,Address,EMail,Sale / Order Date,Product Date,Qty,Product,Net Amount,Transaction Type / Reservation Status,82395688,"Bromley, Evelyn",7,"17 Hunts Point Road Cape Elizabeth, ME 04107",,3/16/2026,1/9/2027,1,PM | Ski | Children's Seasonal Program | 26/27 | Saturday | 7-12yrs | Full Day,$959.00,Type:Sale; Status:Open,Report Total,454,"$354,797.00"
Customer IP,Customer Name,Age,Address,EMail,Sale / Order Date,Product Date,Qty,Product,Net Amount,Transaction Type / Reservation Status,86276256,"Schaft, Grace",6,"18 Saint Martin St Charlestown, MA 02129",,3/16/2026,1/9/2027,1,PM | Ski | Children's Seasonal Program | 26/27 | Saturday | 4-6yrs | Full Day,$959.00,Type:Sale; Status:Open,Report Total,454,"$354,797.00"
Customer IP,Customer Name,Age,Address,EMail,Sale / Order Date,Product Date,Qty,Product,Net Amount,Transaction Type / Reservation Status,86276271,"Schaft, Sam",4,"18 Saint Martin St Charlestown, MA 02129",,3/16/2026,1/9/2027,1,PM | Ski | Children's Seasonal Program | 26/27 | Saturday | 4-6yrs | Full Day,$959.00,Type:Sale; Status:Open,Report Total,454,"$354,797.00"
Customer IP,Customer Name,Age,Address,EMail,Sale / Order Date,Product Date,Qty,Product,Net Amount,Transaction Type / Reservation Status,81765238,"Ryan, Leona",7,"48 Baldwin Rd Freeport, ME 04032",erin.e.bond@gmail.com,3/16/2026,1/10/2027,1,PM | Ski | Children's Seasonal Program | 26/27 | Sunday | 7-12yrs | 10am,$719.00,Type:Sale; Status:Open,Report Total,454,"$354,797.00"
Customer IP,Customer Name,Age,Address,EMail,Sale / Order Date,Product Date,Qty,Product,Net Amount,Transaction Type / Reservation Status,85500807,"Isabelle, Julian",6,"9 Kineo St Portland, ME 04103",,3/16/2026,1/9/2027,1,PM | Ski | Children's Seasonal Program | 26/27 | Saturday | 4-6yrs | 10am,$719.00,Type:Sale; Status:Open,Report Total,454,"$354,797.00"
Customer IP,Customer Name,Age,Address,EMail,Sale / Order Date,Product Date,Qty,Product,Net Amount,Transaction Type / Reservation Status,86140733,"Alcott, Maggie",5,"7 Cottage Park Rd Portland, ME 04103",,3/16/2026,1/10/2027,1,PM | SB | Children's Seasonal Program | 26/27 | Sunday | 4-6yrs | Full Day,$959.00,Type:Sale; Status:Open,Report Total,454,"$354,797.00"
Customer IP,Customer Name,Age,Address,EMail,Sale / Order Date,Product Date,Qty,Product,Net Amount,Transaction Type / Reservation Status,81743312,"Reynolds, Leighton",5,"123 Sligo Rd Yarmouth, ME 04096",,3/16/2026,1/10/2027,1,PM | Ski | Children's Seasonal Program | 26/27 | Sunday | 4-6yrs | 10am,$719.00,Type:Sale; Status:Open,Report Total,454,"$354,797.00"
Customer IP,Customer Name,Age,Address,EMail,Sale / Order Date,Product Date,Qty,Product,Net Amount,Transaction Type / Reservation Status,84096749,"Parnes, Elliot",8,"59 Belfield Rd Cape Elizabeth, ME 04107",,3/16/2026,1/9/2027,1,PM | Ski | Children's Seasonal Program | 26/27 | Saturday | 7-12yrs | 10am,$719.00,Type:Sale; Status:Open,Report Total,454,"$354,797.00"
Customer IP,Customer Name,Age,Address,EMail,Sale / Order Date,Product Date,Qty,Product,Net Amount,Transaction Type / Reservation Status,85479962,"Parnes, Ethan",4,"59 Belfield Rd Cape Elizabeth, ME 04107",,3/16/2026,1/9/2027,1,PM | Ski | Children's Seasonal Program | 26/27 | Saturday | 4-6yrs | 10am,$719.00,Type:Sale; Status:Open,Report Total,454,"$354,797.00"
Customer IP,Customer Name,Age,Address,EMail,Sale / Order Date,Product Date,Qty,Product,Net Amount,Transaction Type / Reservation Status,85479961,"Parnes, Owen",4,"59 Belfield Rd Cape Elizabeth, ME 04107",,3/16/2026,1/9/2027,1,PM | Ski | Children's Seasonal Program | 26/27 | Saturday | 4-6yrs | 10am,$719.00,Type:Sale; Status:Open,Report Total,454,"$354,797.00"
Customer IP,Customer Name,Age,Address,EMail,Sale / Order Date,Product Date,Qty,Product,Net Amount,Transaction Type / Reservation Status,82641900,"Spydell, Eliza",6,"5 Red Barn Cir Scarborough, ME 04074",,3/16/2026,1/10/2027,1,PM | Ski | Children's Seasonal Program | 26/27 | Sunday | 4-6yrs | 10am,$719.00,Type:Sale; Status:Open,Report Total,454,"$354,797.00"
Customer IP,Customer Name,Age,Address,EMail,Sale / Order Date,Product Date,Qty,Product,Net Amount,Transaction Type / Reservation Status,82641899,"Spydell, Lucy",9,"5 Red Barn Cir Scarborough, ME 04074",,3/16/2026,1/10/2027,1,PM | Ski | Children's Seasonal Program | 26/27 | Sunday | 7-12yrs | 10am,$719.00,Type:Sale; Status:Open,Report Total,454,"$354,797.00"
Customer IP,Customer Name,Age,Address,EMail,Sale / Order Date,Product Date,Qty,Product,Net Amount,Transaction Type / Reservation Status,85340462,"Harvey, Charlotte",9,"16 Ashwood Dr Saco, ME 04072",,3/17/2026,1/10/2027,1,PM | Ski | Children's Seasonal Program | 26/27 | Sunday | 7-12yrs | 10am,$719.00,Type:Sale; Status:Open,Report Total,454,"$354,797.00"
Customer IP,Customer Name,Age,Address,EMail,Sale / Order Date,Product Date,Qty,Product,Net Amount,Transaction Type / Reservation Status,85337863,"Harvey, Logan",7,"16 Ashwood Dr Saco, ME 04072",,3/17/2026,1/10/2027,1,PM | Ski | Children's Seasonal Program | 26/27 | Sunday | 7-12yrs | 10am,$719.00,Type:Sale; Status:Open,Report Total,454,"$354,797.00"
Customer IP,Customer Name,Age,Address,EMail,Sale / Order Date,Product Date,Qty,Product,Net Amount,Transaction Type / Reservation Status,85111800,"Gardner, Bell",4,"44 Bowdoin St Portland, ME 04102",,3/17/2026,1/9/2027,1,PM | Ski | Children's Seasonal Program | 26/27 | Saturday | 4-6yrs | 10am,$719.00,Type:Sale; Status:Open,Report Total,454,"$354,797.00"
Customer IP,Customer Name,Age,Address,EMail,Sale / Order Date,Product Date,Qty,Product,Net Amount,Transaction Type / Reservation Status,85111806,"Gardner, Rose",6,"44 Bowdoin St Portland, ME 04102",,3/17/2026,1/9/2027,1,PM | Ski | Children's Seasonal Program | 26/27 | Saturday | 7-12yrs | 10am,$719.00,Type:Sale; Status:Open,Report Total,454,"$354,797.00"
Customer IP,Customer Name,Age,Address,EMail,Sale / Order Date,Product Date,Qty,Product,Net Amount,Transaction Type / Reservation Status,84031506,"Sobel, Rose",5,"22 Berkeley St Portland, ME 04103",,3/17/2026,1/10/2027,1,PM | Ski | Children's Seasonal Program | 26/27 | Sunday | 4-6yrs | 10am,$719.00,Type:Sale; Status:Open,Report Total,454,"$354,797.00"
Customer IP,Customer Name,Age,Address,EMail,Sale / Order Date,Product Date,Qty,Product,Net Amount,Transaction Type / Reservation Status,81620699,"Morse, Hattie",7,"193 Meadow Road Portsmouth, NH 03801",,3/17/2026,1/10/2027,1,PM | Ski | Children's Seasonal Program | 26/27 | Sunday | 7-12yrs | Full Day,$959.00,Type:Sale; Status:Open,Report Total,454,"$354,797.00"
Customer IP,Customer Name,Age,Address,EMail,Sale / Order Date,Product Date,Qty,Product,Net Amount,Transaction Type / Reservation Status,83391638,"Davis, Alexander",6,"11 Highland Ave Manchester, MA 01944",,3/17/2026,1/9/2027,1,PM | Ski | Children's Seasonal Program | 26/27 | Saturday | 4-6yrs | Full Day,$959.00,Type:Sale; Status:Open,Report Total,454,"$354,797.00"
Customer IP,Customer Name,Age,Address,EMail,Sale / Order Date,Product Date,Qty,Product,Net Amount,Transaction Type / Reservation Status,83391654,"Davis, McKenzie",9,"11 Highland Ave Manchester, MA 01944",,3/17/2026,1/9/2027,1,PM | Ski | Children's Seasonal Program | 26/27 | Saturday | 7-12yrs | Full Day,$959.00,Type:Sale; Status:Open,Report Total,454,"$354,797.00"
Customer IP,Customer Name,Age,Address,EMail,Sale / Order Date,Product Date,Qty,Product,Net Amount,Transaction Type / Reservation Status,83628666,"Tangren, Isla",5,"276 Mill Street NEWTON, MA 02460",,3/17/2026,1/9/2027,1,PM | Ski | Children's Seasonal Program | 26/27 | Saturday | 4-6yrs | 10am,$719.00,Type:Sale; Status:Open,Report Total,454,"$354,797.00"
Customer IP,Customer Name,Age,Address,EMail,Sale / Order Date,Product Date,Qty,Product,Net Amount,Transaction Type / Reservation Status,82034579,"Tangren, Ruth",7,"276 Mill Street NEWTON, MA 02460",,3/17/2026,1/9/2027,1,PM | Ski | Children's Seasonal Program | 26/27 | Saturday | 7-12yrs | 10am,$719.00,Type:Sale; Status:Open,Report Total,454,"$354,797.00"
Customer IP,Customer Name,Age,Address,EMail,Sale / Order Date,Product Date,Qty,Product,Net Amount,Transaction Type / Reservation Status,84477239,"Shapiro, Ruth",5,"5 Plumwood Way Falmouth, ME 04105",,3/17/2026,1/9/2027,1,PM | Ski | Children's Seasonal Program | 26/27 | Saturday | 4-6yrs | Full Day,$959.00,Type:Sale; Status:Open,Report Total,454,"$354,797.00"
Customer IP,Customer Name,Age,Address,EMail,Sale / Order Date,Product Date,Qty,Product,Net Amount,Transaction Type / Reservation Status,86773733,"Berkow, Clay",4,"8 Flintlock Lane Falmouth, ME 04105",,3/17/2026,1/9/2027,1,PM | Ski | Children's Seasonal Program | 26/27 | Saturday | 4-6yrs | 1pm,$719.00,Type:Sale; Status:Open,Report Total,454,"$354,797.00"
Customer IP,Customer Name,Age,Address,EMail,Sale / Order Date,Product Date,Qty,Product,Net Amount,Transaction Type / Reservation Status,85759001,"Berkow, Miles",6,"8 Flintlock Lane Falmouth, ME 04105",,3/17/2026,1/9/2027,1,PM | Ski | Children's Seasonal Program | 26/27 | Saturday | 4-6yrs | 1pm,$719.00,Type:Sale; Status:Open,Report Total,454,"$354,797.00"
Customer IP,Customer Name,Age,Address,EMail,Sale / Order Date,Product Date,Qty,Product,Net Amount,Transaction Type / Reservation Status,80709095,"DiMillo, Jack",8,"8 Country Ln Falmouth, ME 04105",,3/17/2026,1/10/2027,1,PM | Ski | Children's Seasonal Program | 26/27 | Sunday | 7-12yrs | 10am,$719.00,Type:Sale; Status:Open,Report Total,454,"$354,797.00"
Customer IP,Customer Name,Age,Address,EMail,Sale / Order Date,Product Date,Qty,Product,Net Amount,Transaction Type / Reservation Status,82006137,"Barth, Aria",8,"100 CLEARWATER DRIVE UNIT 150 FALMOUTH, ME 04105",carl.barth@gmail.com,3/17/2026,1/9/2027,1,PM | Ski | Children's Seasonal Program | 26/27 | Saturday | 7-12yrs | Full Day,$959.00,Type:Sale; Status:Open,Report Total,454,"$354,797.00"
Customer IP,Customer Name,Age,Address,EMail,Sale / Order Date,Product Date,Qty,Product,Net Amount,Transaction Type / Reservation Status,85409703,"Barth, Georgia",6,"111 Brook Rd Falmouth, ME 04105",,3/17/2026,1/9/2027,1,PM | Ski | Children's Seasonal Program | 26/27 | Saturday | 4-6yrs | Full Day,$959.00,Type:Sale; Status:Open,Report Total,454,"$354,797.00"
Customer IP,Customer Name,Age,Address,EMail,Sale / Order Date,Product Date,Qty,Product,Net Amount,Transaction Type / Reservation Status,85409699,"Barth, Ivy",10,"111 Brook Rd Falmouth, ME 04105",,3/17/2026,1/9/2027,1,PM | Ski | Children's Seasonal Program | 26/27 | Saturday | 7-12yrs | Full Day,$959.00,Type:Sale; Status:Open,Report Total,454,"$354,797.00"
Customer IP,Customer Name,Age,Address,EMail,Sale / Order Date,Product Date,Qty,Product,Net Amount,Transaction Type / Reservation Status,82197454,"Ferrante, Elliott",5,"21 Birkdale Rd Falmouth, ME 04105",,3/17/2026,1/9/2027,1,PM | Ski | Children's Seasonal Program | 26/27 | Saturday | 4-6yrs | 10am,$719.00,Type:Sale; Status:Open,Report Total,454,"$354,797.00"
Customer IP,Customer Name,Age,Address,EMail,Sale / Order Date,Product Date,Qty,Product,Net Amount,Transaction Type / Reservation Status,82197449,"Ferrante, Oscar",7,"21 Birkdale Rd Falmouth, ME 04105",,3/17/2026,1/9/2027,1,PM | Ski | Children's Seasonal Program | 26/27 | Saturday | 7-12yrs | 10am,$719.00,Type:Sale; Status:Open,Report Total,454,"$354,797.00"
Customer IP,Customer Name,Age,Address,EMail,Sale / Order Date,Product Date,Qty,Product,Net Amount,Transaction Type / Reservation Status,83875377,"Hart, Eva",3,"15 Leighton Farm Road Cape Elizabeth, ME 04107",,3/17/2026,1/9/2027,1,PM | Ski | Children's Seasonal Program | 26/27 | Saturday | 4-6yrs | 10am,$719.00,Type:Sale; Status:Open,Report Total,454,"$354,797.00"
Customer IP,Customer Name,Age,Address,EMail,Sale / Order Date,Product Date,Qty,Product,Net Amount,Transaction Type / Reservation Status,86942444,"Aicher, Amelie",5,"16 Heather Rd Portland, ME 04103",,3/17/2026,1/10/2027,1,PM | Ski | Children's Seasonal Program | 26/27 | Sunday | 4-6yrs | Full Day,$959.00,Type:Sale; Status:Open,Report Total,454,"$354,797.00"
Customer IP,Customer Name,Age,Address,EMail,Sale / Order Date,Product Date,Qty,Product,Net Amount,Transaction Type / Reservation Status,81186208,"Barrett, Natalie",8,"11 Wainwright Dr. Cape Elizabeth, ME 04107",lindsayabarrett@gmail.com,3/18/2026,1/9/2027,1,PM | Ski | Children's Seasonal Program | 26/27 | Saturday | 7-12yrs | 10am,$719.00,Type:Sale; Status:Open,Report Total,454,"$354,797.00"
Customer IP,Customer Name,Age,Address,EMail,Sale / Order Date,Product Date,Qty,Product,Net Amount,Transaction Type / Reservation Status,84052244,"Barrett, Paige",4,"11 Wainwright Dr. Cape Elizabeth, ME 04107",,3/18/2026,1/9/2027,1,PM | Ski | Children's Seasonal Program | 26/27 | Saturday | 4-6yrs | 10am,$719.00,Type:Sale; Status:Open,Report Total,454,"$354,797.00"
Customer IP,Customer Name,Age,Address,EMail,Sale / Order Date,Product Date,Qty,Product,Net Amount,Transaction Type / Reservation Status,83419698,"Castoldi, Grace",9,"12 Littlejohn Rd Cape Elizabeth, ME 04107",dougcastoldi@gmail.com,3/18/2026,1/9/2027,1,PM | Ski | Children's Seasonal Program | 26/27 | Saturday | 7-12yrs | 10am,$719.00,Type:Sale; Status:Open,Report Total,454,"$354,797.00"
Customer IP,Customer Name,Age,Address,EMail,Sale / Order Date,Product Date,Qty,Product,Net Amount,Transaction Type / Reservation Status,83419701,"Castoldi, Owen",7,"12 Littlejohn Rd Cape Elizabeth, ME 04107",dougcastoldi@gmail.com,3/18/2026,1/9/2027,1,PM | Ski | Children's Seasonal Program | 26/27 | Saturday | 7-12yrs | 10am,$719.00,Type:Sale; Status:Open,Report Total,454,"$354,797.00"
Customer IP,Customer Name,Age,Address,EMail,Sale / Order Date,Product Date,Qty,Product,Net Amount,Transaction Type / Reservation Status,86945108,"Coit, Hugo",6,"8 garden way Falmouth, ME 04105",,3/18/2026,1/9/2027,1,PM | Ski | Children's Seasonal Program | 26/27 | Saturday | 7-12yrs | 10am,$719.00,Type:Sale; Status:Open,Report Total,454,"$354,797.00"
Customer IP,Customer Name,Age,Address,EMail,Sale / Order Date,Product Date,Qty,Product,Net Amount,Transaction Type / Reservation Status,86945109,"Coit, Shaler",3,"8 garden way Falmouth, ME 04105",,3/18/2026,1/9/2027,1,PM | Ski | Children's Seasonal Program | 26/27 | Saturday | 4-6yrs | 10am,$719.00,Type:Sale; Status:Open,Report Total,454,"$354,797.00"
Customer IP,Customer Name,Age,Address,EMail,Sale / Order Date,Product Date,Qty,Product,Net Amount,Transaction Type / Reservation Status,82933744,"Finley, Silas",5,"132 Sherwood St Portland, ME 04103",,3/18/2026,1/10/2027,1,PM | Ski | Children's Seasonal Program | 26/27 | Sunday | 4-6yrs | 10am,$719.00,Type:Sale; Status:Open,Report Total,454,"$354,797.00"
Customer IP,Customer Name,Age,Address,EMail,Sale / Order Date,Product Date,Qty,Product,Net Amount,Transaction Type / Reservation Status,85742922,"Finley, Sloane",3,"132 Sherwood St Portland, ME 04103",,3/18/2026,1/8/2027,1,PM | Ski | Children's Seasonal Program | 26/27 | 2-5yrs | Friday | Session 1,$339.00,Type:Sale; Status:Open,Report Total,454,"$354,797.00"
Customer IP,Customer Name,Age,Address,EMail,Sale / Order Date,Product Date,Qty,Product,Net Amount,Transaction Type / Reservation Status,83219377,"Geant, Griffin",6,"90 Vaughan St Portland, ME 04102",,3/19/2026,1/10/2027,1,PM | Ski | Children's Seasonal Program | 26/27 | Sunday | 4-6yrs | 10am,$719.00,Type:Sale; Status:Open,Report Total,454,"$354,797.00"
Customer IP,Customer Name,Age,Address,EMail,Sale / Order Date,Product Date,Qty,Product,Net Amount,Transaction Type / Reservation Status,86190370,"Mccarthy, Lettie",3,,,3/19/2026,1/8/2027,1,PM | Ski | Children's Seasonal Program | 26/27 | 2-5yrs | Friday | Session 1,$339.00,Type:Sale; Status:Open,Report Total,454,"$354,797.00"
Customer IP,Customer Name,Age,Address,EMail,Sale / Order Date,Product Date,Qty,Product,Net Amount,Transaction Type / Reservation Status,86190367,"Mccarthy, Sloane",4,,,3/19/2026,1/8/2027,1,PM | Ski | Children's Seasonal Program | 26/27 | 4-6yrs | Friday | Session 1,$339.00,Type:Sale; Status:Open,Report Total,454,"$354,797.00"
Customer IP,Customer Name,Age,Address,EMail,Sale / Order Date,Product Date,Qty,Product,Net Amount,Transaction Type / Reservation Status,86874234,"Nalabothula, Poorvi Kshetra",5,"3 truman rd gorham, ME 04038",,3/19/2026,1/10/2027,1,PM | Ski | Children's Seasonal Program | 26/27 | Sunday | 4-6yrs | 10am,$719.00,Type:Sale; Status:Open,Report Total,454,"$354,797.00"
Customer IP,Customer Name,Age,Address,EMail,Sale / Order Date,Product Date,Qty,Product,Net Amount,Transaction Type / Reservation Status,82455425,"Peters, Jackson",7,"34 Woodfield Dr Scarborough, ME 04074",,3/19/2026,1/10/2027,1,PM | Ski | Children's Seasonal Program | 26/27 | Sunday | 7-12yrs | 1pm,$719.00,Type:Sale; Status:Open,Report Total,454,"$354,797.00"
Customer IP,Customer Name,Age,Address,EMail,Sale / Order Date,Product Date,Qty,Product,Net Amount,Transaction Type / Reservation Status,82629230,"San Antonio, Clara",6,"51 Crestview Dr Portland, ME 04103",,3/19/2026,1/9/2027,1,PM | Ski | Children's Seasonal Program | 26/27 | Saturday | 4-6yrs | Full Day,$959.00,Type:Sale; Status:Open,Report Total,454,"$354,797.00"
Customer IP,Customer Name,Age,Address,EMail,Sale / Order Date,Product Date,Qty,Product,Net Amount,Transaction Type / Reservation Status,85681554,"Brooks, Sophia",5,"806 Spec Pond Rd Porter, ME 04068",,3/20/2026,1/10/2027,1,PM | Ski | Children's Seasonal Program | 26/27 | Sunday | 4-6yrs | 10am,$719.00,Type:Sale; Status:Open,Report Total,454,"$354,797.00"
Customer IP,Customer Name,Age,Address,EMail,Sale / Order Date,Product Date,Qty,Product,Net Amount,Transaction Type / Reservation Status,83956029,"Potvin, Linus",8,"1 Lanier Ln FALMOUTH, ME 04105",,3/20/2026,1/10/2027,1,PM | Ski | Children's Seasonal Program | 26/27 | Sunday | 7-12yrs | 1pm,$719.00,Type:Sale; Status:Open,Report Total,454,"$354,797.00"
Customer IP,Customer Name,Age,Address,EMail,Sale / Order Date,Product Date,Qty,Product,Net Amount,Transaction Type / Reservation Status,83956030,"Potvin, Otto",6,"1 Lanier Ln FALMOUTH, ME 04105",,3/20/2026,1/10/2027,1,PM | Ski | Children's Seasonal Program | 26/27 | Sunday | 4-6yrs | 1pm,$719.00,Type:Sale; Status:Open,Report Total,454,"$354,797.00"
Customer IP,Customer Name,Age,Address,EMail,Sale / Order Date,Product Date,Qty,Product,Net Amount,Transaction Type / Reservation Status,86955611,"Maiorino, Charlie",6,"8220 Muirhead Cir Boynton Beach, FL 33472",,3/20/2026,1/9/2027,1,PM | Ski | Children's Seasonal Program | 26/27 | Saturday | 7-12yrs | 10am,$719.00,Type:Sale; Status:Open,Report Total,454,"$354,797.00"
Customer IP,Customer Name,Age,Address,EMail,Sale / Order Date,Product Date,Qty,Product,Net Amount,Transaction Type / Reservation Status,86955609,"Maiorino, Ella",8,"8220 Muirhead Cir Boynton Beach, FL 33472",,3/20/2026,1/9/2027,1,PM | Ski | Children's Seasonal Program | 26/27 | Saturday | 7-12yrs | 10am,$719.00,Type:Sale; Status:Open,Report Total,454,"$354,797.00"
Customer IP,Customer Name,Age,Address,EMail,Sale / Order Date,Product Date,Qty,Product,Net Amount,Transaction Type / Reservation Status,85108020,"Kinnucan, Lumi",4,"9 Willis Street Portland, ME 04101",,3/20/2026,1/9/2027,1,PM | Ski | Children's Seasonal Program | 26/27 | Saturday | 4-6yrs | Full Day,$959.00,Type:Sale; Status:Open,Report Total,454,"$354,797.00"
Customer IP,Customer Name,Age,Address,EMail,Sale / Order Date,Product Date,Qty,Product,Net Amount,Transaction Type / Reservation Status,80684904,"Petrozzini, Adeline",9,"173 Pleasant Ave Portland, ME 04103",mzini5@gmail.com,3/20/2026,1/9/2027,1,PM | Ski | Children's Seasonal Program | 26/27 | Saturday | 7-12yrs | Full Day,$959.00,Type:Sale; Status:Open,Report Total,454,"$354,797.00"
Customer IP,Customer Name,Age,Address,EMail,Sale / Order Date,Product Date,Qty,Product,Net Amount,Transaction Type / Reservation Status,86958956,"McDonough, Cora",1,"PO Box 551 Bridgton, ME 04009",,3/21/2026,2/5/2027,1,PM | Ski | Children's Seasonal Program | 26/27 | 2-5yrs | Friday | Session 2,$339.00,Type:Sale; Status:Open,Report Total,454,"$354,797.00"
Customer IP,Customer Name,Age,Address,EMail,Sale / Order Date,Product Date,Qty,Product,Net Amount,Transaction Type / Reservation Status,81668678,"Moore, Barrett",9,"35 MCFADDEN RD Arrowsic, ME 04530",claire.enterline@gmail.com,3/21/2026,1/9/2027,1,PM | Ski | Children's Seasonal Program | 26/27 | Saturday | 7-12yrs | 10am,$719.00,Type:Sale; Status:Open,Report Total,454,"$354,797.00"
Customer IP,Customer Name,Age,Address,EMail,Sale / Order Date,Product Date,Qty,Product,Net Amount,Transaction Type / Reservation Status,86339583,"LaRosa, MJ",4,"59 Morrill Rd Norway, ME 04268",,3/21/2026,1/10/2027,1,PM | Ski | Children's Seasonal Program | 26/27 | Sunday | 4-6yrs | 10am,$719.00,Type:Sale; Status:Open,Report Total,454,"$354,797.00"
Customer IP,Customer Name,Age,Address,EMail,Sale / Order Date,Product Date,Qty,Product,Net Amount,Transaction Type / Reservation Status,86304314,"Viggiano, Finnick",4,"73 Parsons Rd Norway, ME 04268",,3/21/2026,1/10/2027,1,PM | Ski | Children's Seasonal Program | 26/27 | Sunday | 4-6yrs | 10am,$719.00,Type:Sale; Status:Open,Report Total,454,"$354,797.00"
Customer IP,Customer Name,Age,Address,EMail,Sale / Order Date,Product Date,Qty,Product,Net Amount,Transaction Type / Reservation Status,86962154,"Breen, Noah",8,"90 Brentwood Rd Cape Elizabeth, ME 04107",,3/21/2026,1/9/2027,1,PM | Ski | Children's Seasonal Program | 26/27 | Saturday | 7-12yrs | Full Day,$959.00,Type:Sale; Status:Open,Report Total,454,"$354,797.00"
Customer IP,Customer Name,Age,Address,EMail,Sale / Order Date,Product Date,Qty,Product,Net Amount,Transaction Type / Reservation Status,81754919,"Woolf, Jonah",6,"40 Waites Landing Rd Falmouth, ME 04105",,3/21/2026,1/9/2027,1,PM | Ski | Children's Seasonal Program | 26/27 | Saturday | 7-12yrs | 1pm,$719.00,Type:Sale; Status:Open,Report Total,454,"$354,797.00"
Customer IP,Customer Name,Age,Address,EMail,Sale / Order Date,Product Date,Qty,Product,Net Amount,Transaction Type / Reservation Status,81660865,"Adams, Patrick",7,"8 Old Colony Ln Scarborough, ME 04074",,3/22/2026,1/10/2027,1,PM | Ski | Children's Seasonal Program | 26/27 | Sunday | 7-12yrs | 10am,$719.00,Type:Sale; Status:Open,Report Total,454,"$354,797.00"
Customer IP,Customer Name,Age,Address,EMail,Sale / Order Date,Product Date,Qty,Product,Net Amount,Transaction Type / Reservation Status,81660861,"Adams, R.J.",10,"8 Old Colony Ln Scarborough, ME 04074",,3/22/2026,1/10/2027,1,PM | Ski | Children's Seasonal Program | 26/27 | Sunday | 11-13yrs | 9am,$799.00,Type:Sale; Status:Open,Report Total,454,"$354,797.00"
Customer IP,Customer Name,Age,Address,EMail,Sale / Order Date,Product Date,Qty,Product,Net Amount,Transaction Type / Reservation Status,86964789,"Marchesi, Bodhi",5,"50 W Main St Yarmouth, ME 04096",,3/22/2026,1/9/2027,1,PM | Ski | Children's Seasonal Program | 26/27 | Saturday | 4-6yrs | 10am,$719.00,Type:Sale; Status:Open,Report Total,454,"$354,797.00"
Customer IP,Customer Name,Age,Address,EMail,Sale / Order Date,Product Date,Qty,Product,Net Amount,Transaction Type / Reservation Status,86942444,"Aicher, Amelie",5,"16 Heather Rd Portland, ME 04103",,3/22/2026,1/10/2027,-1,PM | Ski | Children's Seasonal Program | 26/27 | Sunday | 4-6yrs | Full Day,($959.00),Type:Return; Status:Open,Report Total,454,"$354,797.00"
Customer IP,Customer Name,Age,Address,EMail,Sale / Order Date,Product Date,Qty,Product,Net Amount,Transaction Type / Reservation Status,86942444,"Aicher, Amelie",5,"16 Heather Rd Portland, ME 04103",,3/22/2026,1/10/2027,1,PM | Ski | Children's Seasonal Program | 26/27 | Sunday | 4-6yrs | 10am,$719.00,Type:Sale; Status:Open,Report Total,454,"$354,797.00"
Customer IP,Customer Name,Age,Address,EMail,Sale / Order Date,Product Date,Qty,Product,Net Amount,Transaction Type / Reservation Status,82483490,"Cooper, Caroline",8,"65 Ledgefield Cir South Portland, ME 04106",,3/22/2026,1/9/2027,1,PM | Ski | Children's Seasonal Program | 26/27 | Saturday | 7-12yrs | 10am,$719.00,Type:Sale; Status:Open,Report Total,454,"$354,797.00"
Customer IP,Customer Name,Age,Address,EMail,Sale / Order Date,Product Date,Qty,Product,Net Amount,Transaction Type / Reservation Status,82483494,"Cooper, Siena",8,"65 Ledgefield Cir South Portland, ME 04106",,3/22/2026,1/9/2027,1,PM | Ski | Children's Seasonal Program | 26/27 | Saturday | 7-12yrs | 10am,$719.00,Type:Sale; Status:Open,Report Total,454,"$354,797.00"
Customer IP,Customer Name,Age,Address,EMail,Sale / Order Date,Product Date,Qty,Product,Net Amount,Transaction Type / Reservation Status,86965693,"Carr, Oliver",5,"89 Kindred Way Yarmouth, ME 04096",,3/22/2026,1/9/2027,1,PM | Ski | Children's Seasonal Program | 26/27 | Saturday | 4-6yrs | 10am,$719.00,Type:Sale; Status:Open,Report Total,454,"$354,797.00"
Customer IP,Customer Name,Age,Address,EMail,Sale / Order Date,Product Date,Qty,Product,Net Amount,Transaction Type / Reservation Status,84010558,"Ramirez Garganese, Nicolai",4,"2 Crestview Dr SOUTH PORTLAND, ME 04106",,3/23/2026,1/9/2027,1,PM | Ski | Children's Seasonal Program | 26/27 | Saturday | 4-6yrs | 10am,$719.00,Type:Sale; Status:Open,Report Total,454,"$354,797.00"
Customer IP,Customer Name,Age,Address,EMail,Sale / Order Date,Product Date,Qty,Product,Net Amount,Transaction Type / Reservation Status,84010553,"Ramirez Garganese, Zylea",7,"2 Crestview Dr SOUTH PORTLAND, ME 04106",,3/23/2026,1/9/2027,1,PM | Ski | Children's Seasonal Program | 26/27 | Saturday | 7-12yrs | 10am,$719.00,Type:Sale; Status:Open,Report Total,454,"$354,797.00"
Customer IP,Customer Name,Age,Address,EMail,Sale / Order Date,Product Date,Qty,Product,Net Amount,Transaction Type / Reservation Status,80743542,"Rego, Alison",7,"4 Stonewall Dr Cumberland Center, ME 04021",,3/23/2026,1/9/2027,1,PM | Ski | Children's Seasonal Program | 26/27 | Saturday | 7-12yrs | 10am,$719.00,Type:Sale; Status:Open,Report Total,454,"$354,797.00"
Customer IP,Customer Name,Age,Address,EMail,Sale / Order Date,Product Date,Qty,Product,Net Amount,Transaction Type / Reservation Status,83681327,"Rego, Emily",4,"4 Stonewall Dr Cumberland Center, ME 04021",,3/23/2026,1/9/2027,1,PM | Ski | Children's Seasonal Program | 26/27 | Saturday | 4-6yrs | 10am,$719.00,Type:Sale; Status:Open,Report Total,454,"$354,797.00"
Customer IP,Customer Name,Age,Address,EMail,Sale / Order Date,Product Date,Qty,Product,Net Amount,Transaction Type / Reservation Status,79835025,"Nichols, Elizabeth",9,"236 Bull Ring Rd Denmark, ME 04022",,3/23/2026,1/10/2027,1,PM | Ski | Children's Seasonal Program | 26/27 | Sunday | 7-12yrs | 10am,$719.00,Type:Sale; Status:Open,Report Total,454,"$354,797.00"
Customer IP,Customer Name,Age,Address,EMail,Sale / Order Date,Product Date,Qty,Product,Net Amount,Transaction Type / Reservation Status,79835028,"Nichols, Julia",7,"236 Bull Ring Rd Denmark, ME 04022",,3/23/2026,1/10/2027,1,PM | Ski | Children's Seasonal Program | 26/27 | Sunday | 7-12yrs | 10am,$719.00,Type:Sale; Status:Open,Report Total,454,"$354,797.00"
Customer IP,Customer Name,Age,Address,EMail,Sale / Order Date,Product Date,Qty,Product,Net Amount,Transaction Type / Reservation Status,86968837,"Hine, Aiden",8,"10 Birch Ln Scarborough, ME 04074",,3/24/2026,1/10/2027,1,PM | Ski | Children's Seasonal Program | 26/27 | Sunday | 7-12yrs | 10am,$719.00,Type:Sale; Status:Open,Report Total,454,"$354,797.00"
Customer IP,Customer Name,Age,Address,EMail,Sale / Order Date,Product Date,Qty,Product,Net Amount,Transaction Type / Reservation Status,86968841,"Hine, Hazel",4,"10 Birch Ln Scarborough, ME 04074",,3/24/2026,1/10/2027,1,PM | Ski | Children's Seasonal Program | 26/27 | Sunday | 4-6yrs | 10am,$719.00,Type:Sale; Status:Open,Report Total,454,"$354,797.00"
Customer IP,Customer Name,Age,Address,EMail,Sale / Order Date,Product Date,Qty,Product,Net Amount,Transaction Type / Reservation Status,86968840,"Hine, Miles",8,"10 Birch Ln Scarborough, ME 04074",,3/24/2026,1/10/2027,1,PM | Ski | Children's Seasonal Program | 26/27 | Sunday | 7-12yrs | 10am,$719.00,Type:Sale; Status:Open,Report Total,454,"$354,797.00"
Customer IP,Customer Name,Age,Address,EMail,Sale / Order Date,Product Date,Qty,Product,Net Amount,Transaction Type / Reservation Status,86970530,"Jackson, Avery",9,"6 Acorn Lane Scarborough, ME 04074",,3/24/2026,1/10/2027,1,PM | Ski | Children's Seasonal Program | 26/27 | Sunday | 7-12yrs | 10am,$719.00,Type:Sale; Status:Open,Report Total,454,"$354,797.00"
Customer IP,Customer Name,Age,Address,EMail,Sale / Order Date,Product Date,Qty,Product,Net Amount,Transaction Type / Reservation Status,86970531,"Jackson, Callie",6,"6 Acorn Lane Scarborough, ME 04074",,3/24/2026,1/10/2027,1,PM | Ski | Children's Seasonal Program | 26/27 | Sunday | 7-12yrs | 10am,$719.00,Type:Sale; Status:Open,Report Total,454,"$354,797.00"
Customer IP,Customer Name,Age,Address,EMail,Sale / Order Date,Product Date,Qty,Product,Net Amount,Transaction Type / Reservation Status,86970532,"Jackson, Parker",4,"6 Acorn Lane Scarborough, ME 04074",,3/24/2026,1/10/2027,1,PM | Ski | Children's Seasonal Program | 26/27 | Sunday | 4-6yrs | 10am,$719.00,Type:Sale; Status:Open,Report Total,454,"$354,797.00"
Customer IP,Customer Name,Age,Address,EMail,Sale / Order Date,Product Date,Qty,Product,Net Amount,Transaction Type / Reservation Status,86971133,"Tierney-Kracht, Luisa",6,"7 Canterbury Ln Scarborough, ME 04074",,3/24/2026,1/10/2027,1,PM | Ski | Children's Seasonal Program | 26/27 | Sunday | 7-12yrs | 10am,$719.00,Type:Sale; Status:Open,Report Total,454,"$354,797.00"
Customer IP,Customer Name,Age,Address,EMail,Sale / Order Date,Product Date,Qty,Product,Net Amount,Transaction Type / Reservation Status,86971732,"Gancsos, Juniper",6,"33 Caldwell St Portland, ME 04103",,3/25/2026,1/10/2027,1,PM | Ski | Children's Seasonal Program | 26/27 | Sunday | 7-12yrs | 10am,$719.00,Type:Sale; Status:Open,Report Total,454,"$354,797.00"
Customer IP,Customer Name,Age,Address,EMail,Sale / Order Date,Product Date,Qty,Product,Net Amount,Transaction Type / Reservation Status,81160844,"Ray, Eoighan",11,"31 Autumn Brook Way Gorham, ME 04038",,3/25/2026,1/9/2027,1,PM | SB | Children's Seasonal Program | 26/27 | Saturday | 7-12yrs | Full Day,$959.00,Type:Sale; Status:Open,Report Total,454,"$354,797.00"
Customer IP,Customer Name,Age,Address,EMail,Sale / Order Date,Product Date,Qty,Product,Net Amount,Transaction Type / Reservation Status,81160847,"Ray, Fiona",9,"31 Autumn Brook Way Gorham, ME 04038",,3/25/2026,1/9/2027,1,PM | Ski | Children's Seasonal Program | 26/27 | Saturday | 7-12yrs | 10am,$719.00,Type:Sale; Status:Open,Report Total,454,"$354,797.00"
Customer IP,Customer Name,Age,Address,EMail,Sale / Order Date,Product Date,Qty,Product,Net Amount,Transaction Type / Reservation Status,84051027,"Sanford, Josephine",5,"27 West St Portland, ME 04102",,3/25/2026,1/10/2027,1,PM | Ski | Children's Seasonal Program | 26/27 | Sunday | 4-6yrs | 10am,$719.00,Type:Sale; Status:Open,Report Total,454,"$354,797.00"
Customer IP,Customer Name,Age,Address,EMail,Sale / Order Date,Product Date,Qty,Product,Net Amount,Transaction Type / Reservation Status,81035779,"Sanford, Victor",7,"27 West St Portland, ME 04102",,3/25/2026,1/10/2027,1,PM | Ski | Children's Seasonal Program | 26/27 | Sunday | 7-12yrs | 10am,$719.00,Type:Sale; Status:Open,Report Total,454,"$354,797.00"
Customer IP,Customer Name,Age,Address,EMail,Sale / Order Date,Product Date,Qty,Product,Net Amount,Transaction Type / Reservation Status,84051780,"Fronczke, William",3,"10 Charles River Sq Boston, MA 02114",,3/26/2026,1/9/2027,1,PM | Ski | Children's Seasonal Program | 26/27 | Saturday | 4-6yrs | Full Day,$959.00,Type:Sale; Status:Open,Report Total,454,"$354,797.00"
Customer IP,Customer Name,Age,Address,EMail,Sale / Order Date,Product Date,Qty,Product,Net Amount,Transaction Type / Reservation Status,85917395,"Swarthout, Will",5,"12 Acorn Lane Cumberland Center, ME 04021",,3/26/2026,1/10/2027,1,PM | Ski | Children's Seasonal Program | 26/27 | Sunday | 4-6yrs | 1pm,$719.00,Type:Sale; Status:Open,Report Total,454,"$354,797.00"
Customer IP,Customer Name,Age,Address,EMail,Sale / Order Date,Product Date,Qty,Product,Net Amount,Transaction Type / Reservation Status,85917398,"Swarthout, Zoe",10,"12 Acorn Lane Cumberland Center, ME 04021",,3/26/2026,1/10/2027,1,PM | Ski | Children's Seasonal Program | 26/27 | Sunday | 7-12yrs | 1pm,$719.00,Type:Sale; Status:Open,Report Total,454,"$354,797.00"
Customer IP,Customer Name,Age,Address,EMail,Sale / Order Date,Product Date,Qty,Product,Net Amount,Transaction Type / Reservation Status,86947966,"Prescott, Eloise",5,"96 South St Yarmouth, ME 04096",,3/26/2026,1/10/2027,1,PM | Ski | Children's Seasonal Program | 26/27 | Sunday | 4-6yrs | 10am,$719.00,Type:Sale; Status:Open,Report Total,454,"$354,797.00"
Customer IP,Customer Name,Age,Address,EMail,Sale / Order Date,Product Date,Qty,Product,Net Amount,Transaction Type / Reservation Status,86975369,"Hamilton, Grace",4,"29 Applecrest Dr Yarmouth, ME 04096",,3/26/2026,1/10/2027,1,PM | Ski | Children's Seasonal Program | 26/27 | Sunday | 4-6yrs | 10am,$719.00,Type:Sale; Status:Open,Report Total,454,"$354,797.00"
Customer IP,Customer Name,Age,Address,EMail,Sale / Order Date,Product Date,Qty,Product,Net Amount,Transaction Type / Reservation Status,86975366,"Hamilton, Luke",7,"29 Applecrest Dr Yarmouth, ME 04096",,3/26/2026,1/10/2027,1,PM | Ski | Children's Seasonal Program | 26/27 | Sunday | 7-12yrs | 10am,$719.00,Type:Sale; Status:Open,Report Total,454,"$354,797.00"
Customer IP,Customer Name,Age,Address,EMail,Sale / Order Date,Product Date,Qty,Product,Net Amount,Transaction Type / Reservation Status,84965074,"Gonzalez, Hugo",5,"15 Sandy Brook Lane Yarmouth, ME 04096",,3/26/2026,1/9/2027,1,PM | Ski | Children's Seasonal Program | 26/27 | Saturday | 4-6yrs | 10am,$719.00,Type:Sale; Status:Open,Report Total,454,"$354,797.00"
Customer IP,Customer Name,Age,Address,EMail,Sale / Order Date,Product Date,Qty,Product,Net Amount,Transaction Type / Reservation Status,86978151,"Treantos, Charles",4,"134 Haverhill Rd Topsfield, MA 01983",,3/27/2026,1/10/2027,1,PM | Ski | Children's Seasonal Program | 26/27 | Sunday | 4-6yrs | 10am,$719.00,Type:Sale; Status:Open,Report Total,454,"$354,797.00"
Customer IP,Customer Name,Age,Address,EMail,Sale / Order Date,Product Date,Qty,Product,Net Amount,Transaction Type / Reservation Status,86978144,"Treantos, Nickolas",5,"134 Haverhill Rd Topsfield, MA 01983",,3/27/2026,1/10/2027,1,PM | Ski | Children's Seasonal Program | 26/27 | Sunday | 4-6yrs | 10am,$719.00,Type:Sale; Status:Open,Report Total,454,"$354,797.00"
Customer IP,Customer Name,Age,Address,EMail,Sale / Order Date,Product Date,Qty,Product,Net Amount,Transaction Type / Reservation Status,81671886,"Davenport, Luke",10,"51 Wagner Farm Road Gorham, ME 04038",ajstairs@gmail.com,3/27/2026,1/10/2027,1,PM | Ski | Children's Seasonal Program | 26/27 | Sunday | 7-12yrs | 10am,$719.00,Type:Sale; Status:Open,Report Total,454,"$354,797.00"
Customer IP,Customer Name,Age,Address,EMail,Sale / Order Date,Product Date,Qty,Product,Net Amount,Transaction Type / Reservation Status,82478429,"Storrs, Sadie",9,"230 Pleasant Ave Portland, ME 04103",,3/28/2026,1/9/2027,1,PM | Ski | Children's Seasonal Program | 26/27 | Saturday | 7-12yrs | Full Day,$959.00,Type:Sale; Status:Open,Report Total,454,"$354,797.00"
Customer IP,Customer Name,Age,Address,EMail,Sale / Order Date,Product Date,Qty,Product,Net Amount,Transaction Type / Reservation Status,82478432,"Storrs, Will",7,"230 Pleasant Ave Portland, ME 04103",,3/28/2026,1/9/2027,1,PM | Ski | Children's Seasonal Program | 26/27 | Saturday | 7-12yrs | Full Day,$959.00,Type:Sale; Status:Open,Report Total,454,"$354,797.00"
Customer IP,Customer Name,Age,Address,EMail,Sale / Order Date,Product Date,Qty,Product,Net Amount,Transaction Type / Reservation Status,86675838,"Chabot, Lilia",4,"107 Berry Rd Saco, ME 04072",,3/28/2026,1/10/2027,1,PM | Ski | Children's Seasonal Program | 26/27 | Sunday | 4-6yrs | 1pm,$719.00,Type:Sale; Status:Open,Report Total,454,"$354,797.00"
Customer IP,Customer Name,Age,Address,EMail,Sale / Order Date,Product Date,Qty,Product,Net Amount,Transaction Type / Reservation Status,86675835,"Chabot, Lydia",11,"107 Berry Rd Saco, ME 04072",,3/28/2026,1/10/2027,1,PM | Ski | Children's Seasonal Program | 26/27 | Sunday | 7-12yrs | 1pm,$719.00,Type:Sale; Status:Open,Report Total,454,"$354,797.00"
Customer IP,Customer Name,Age,Address,EMail,Sale / Order Date,Product Date,Qty,Product,Net Amount,Transaction Type / Reservation Status,82292539,"Auger, Finn",8,"3 Devonshire Ln Kennebunk, ME 04043",jauger12@gmail.com,3/28/2026,1/9/2027,1,PM | Ski | Children's Seasonal Program | 26/27 | Saturday | 7-12yrs | 1pm,$719.00,Type:Sale; Status:Open,Report Total,454,"$354,797.00"
Customer IP,Customer Name,Age,Address,EMail,Sale / Order Date,Product Date,Qty,Product,Net Amount,Transaction Type / Reservation Status,86485432,"Larlee, Zoe",8,"5 Cedar Ledge Road Cape Elizabeth, ME 04107-1403",,3/28/2026,1/10/2027,1,PM | Ski | Children's Seasonal Program | 26/27 | Sunday | 7-12yrs | 1pm,$719.00,Type:Sale; Status:Open,Report Total,454,"$354,797.00"
Customer IP,Customer Name,Age,Address,EMail,Sale / Order Date,Product Date,Qty,Product,Net Amount,Transaction Type / Reservation Status,84443260,"Stuckey, Dean",4,"7 Greenacres Ln Scarborough, ME 04074",,3/30/2026,1/10/2027,1,PM | Ski | Children's Seasonal Program | 26/27 | Sunday | 4-6yrs | 1pm,$719.00,Type:Sale; Status:Open,Report Total,454,"$354,797.00"
Customer IP,Customer Name,Age,Address,EMail,Sale / Order Date,Product Date,Qty,Product,Net Amount,Transaction Type / Reservation Status,84595512,"Stuckey, William",7,"7 Greenacres Ln Scarborough, ME 04074",,3/30/2026,1/10/2027,1,PM | Ski | Children's Seasonal Program | 26/27 | Sunday | 7-12yrs | 1pm,$719.00,Type:Sale; Status:Open,Report Total,454,"$354,797.00"
Customer IP,Customer Name,Age,Address,EMail,Sale / Order Date,Product Date,Qty,Product,Net Amount,Transaction Type / Reservation Status,83432932,"Szeniawski, Alice",6,"33 Commercial Wharf Boston, MA 02110",,3/30/2026,1/9/2027,1,PM | Ski | Children's Seasonal Program | 26/27 | Saturday | 7-12yrs | Full Day,$959.00,Type:Sale; Status:Open,Report Total,454,"$354,797.00"
Customer IP,Customer Name,Age,Address,EMail,Sale / Order Date,Product Date,Qty,Product,Net Amount,Transaction Type / Reservation Status,83807378,"Szeniawski, Simon",4,"33 Commercial Wharf Boston, MA 02110",,3/30/2026,1/9/2027,1,PM | Ski | Children's Seasonal Program | 26/27 | Saturday | 4-6yrs | Full Day,$959.00,Type:Sale; Status:Open,Report Total,454,"$354,797.00"
Customer IP,Customer Name,Age,Address,EMail,Sale / Order Date,Product Date,Qty,Product,Net Amount,Transaction Type / Reservation Status,86991862,"Anderson, Jack",4,"128 Old County Rd Yarmouth, ME 04096",,3/31/2026,1/10/2027,1,PM | Ski | Children's Seasonal Program | 26/27 | Sunday | 4-6yrs | 10am,$719.00,Type:Sale; Status:Open,Report Total,454,"$354,797.00"
Customer IP,Customer Name,Age,Address,EMail,Sale / Order Date,Product Date,Qty,Product,Net Amount,Transaction Type / Reservation Status,86991863,"Anderson, Lottie",4,"128 Old County Rd Yarmouth, ME 04096",,3/31/2026,1/10/2027,1,PM | Ski | Children's Seasonal Program | 26/27 | Sunday | 4-6yrs | 10am,$719.00,Type:Sale; Status:Open,Report Total,454,"$354,797.00"
Customer IP,Customer Name,Age,Address,EMail,Sale / Order Date,Product Date,Qty,Product,Net Amount,Transaction Type / Reservation Status,85431756,"Williams, Finley",4,"16 Dirigo Dr Yarmouth, ME 04096",,3/31/2026,1/10/2027,1,PM | SB | Children's Seasonal Program | 26/27 | Sunday | 4-6yrs | 10am,$719.00,Type:Sale; Status:Open,Report Total,454,"$354,797.00"
Customer IP,Customer Name,Age,Address,EMail,Sale / Order Date,Product Date,Qty,Product,Net Amount,Transaction Type / Reservation Status,82636208,"Williams, Hudson",9,"16 Dirigo Dr Yarmouth, ME 04096",,3/31/2026,1/10/2027,1,PM | SB | Children's Seasonal Program | 26/27 | Sunday | 7-12yrs | 10am,$719.00,Type:Sale; Status:Open,Report Total,454,"$354,797.00"
Customer IP,Customer Name,Age,Address,EMail,Sale / Order Date,Product Date,Qty,Product,Net Amount,Transaction Type / Reservation Status,82636209,"Williams, Reese",7,"16 Dirigo Dr Yarmouth, ME 04096",,3/31/2026,1/10/2027,1,PM | SB | Children's Seasonal Program | 26/27 | Sunday | 7-12yrs | 10am,$719.00,Type:Sale; Status:Open,Report Total,454,"$354,797.00"
Customer IP,Customer Name,Age,Address,EMail,Sale / Order Date,Product Date,Qty,Product,Net Amount,Transaction Type / Reservation Status,86993297,"Larmon, Jack",4,"14 Steeplebush Rd Cape Elizabeth, ME 04107",,3/31/2026,1/9/2027,1,PM | Ski | Children's Seasonal Program | 26/27 | Saturday | 4-6yrs | 10am,$719.00,Type:Sale; Status:Open,Report Total,454,"$354,797.00"
Customer IP,Customer Name,Age,Address,EMail,Sale / Order Date,Product Date,Qty,Product,Net Amount,Transaction Type / Reservation Status,86993296,"Larmon, Quinn",6,"14 Steeplebush Rd Cape Elizabeth, ME 04107",,3/31/2026,1/9/2027,1,PM | Ski | Children's Seasonal Program | 26/27 | Saturday | 7-12yrs | 10am,$719.00,Type:Sale; Status:Open,Report Total,454,"$354,797.00"
Customer IP,Customer Name,Age,Address,EMail,Sale / Order Date,Product Date,Qty,Product,Net Amount,Transaction Type / Reservation Status,86408556,"Simpson, Winslow",7,"331 Lower Flying Point Rd FREEPORT, ME 04032",,3/31/2026,1/9/2027,1,PM | Ski | Children's Seasonal Program | 26/27 | Saturday | 7-12yrs | 10am,$719.00,Type:Sale; Status:Open,Report Total,454,"$354,797.00"
Customer IP,Customer Name,Age,Address,EMail,Sale / Order Date,Product Date,Qty,Product,Net Amount,Transaction Type / Reservation Status,86993595,"Plante, Emery",6,"11 Lorings Way Falmouth, ME 04105",,3/31/2026,1/9/2027,1,PM | Ski | Children's Seasonal Program | 26/27 | Saturday | 7-12yrs | 10am,$719.00,Type:Sale; Status:Open,Report Total,454,"$354,797.00"
Customer IP,Customer Name,Age,Address,EMail,Sale / Order Date,Product Date,Qty,Product,Net Amount,Transaction Type / Reservation Status,85269689,"Plante, Luca",4,"11 Lorings Way Falmouth, ME 04105",,3/31/2026,1/9/2027,1,PM | Ski | Children's Seasonal Program | 26/27 | Saturday | 4-6yrs | 10am,$719.00,Type:Sale; Status:Open,Report Total,454,"$354,797.00"
Customer IP,Customer Name,Age,Address,EMail,Sale / Order Date,Product Date,Qty,Product,Net Amount,Transaction Type / Reservation Status,86993614,"Weidner, Abigail",4,"16 Pilot point rd Cape Elizabeth, ME 04107",,3/31/2026,1/9/2027,1,PM | SB | Children's Seasonal Program | 26/27 | Saturday | 4-6yrs | 10am,$719.00,Type:Sale; Status:Open,Report Total,454,"$354,797.00"
Customer IP,Customer Name,Age,Address,EMail,Sale / Order Date,Product Date,Qty,Product,Net Amount,Transaction Type / Reservation Status,85784297,"Weidner, Lily",6,"16 Pilot point rd Cape Elizabeth, ME 04107",,3/31/2026,1/9/2027,1,PM | SB | Children's Seasonal Program | 26/27 | Saturday | 4-6yrs | Full Day,$959.00,Type:Sale; Status:Open,Report Total,454,"$354,797.00"
Customer IP,Customer Name,Age,Address,EMail,Sale / Order Date,Product Date,Qty,Product,Net Amount,Transaction Type / Reservation Status,83735526,"Jacobson, Theo",8,"215 Spurwink Ave Cape Elizabeth, ME 04107",,4/1/2026,1/9/2027,1,PM | Ski | Children's Seasonal Program | 26/27 | Saturday | 7-12yrs | Full Day,$959.00,Type:Sale; Status:Open,Report Total,454,"$354,797.00"
Customer IP,Customer Name,Age,Address,EMail,Sale / Order Date,Product Date,Qty,Product,Net Amount,Transaction Type / Reservation Status,86505821,"Meserve, Eleanor",5,"48 Oxford Woods dr Falmouth, ME 04105",,4/1/2026,1/10/2027,1,PM | Ski | Children's Seasonal Program | 26/27 | Sunday | 4-6yrs | Full Day,$959.00,Type:Sale; Status:Open,Report Total,454,"$354,797.00"
Customer IP,Customer Name,Age,Address,EMail,Sale / Order Date,Product Date,Qty,Product,Net Amount,Transaction Type / Reservation Status,84500023,"Rosato, Ollin",6,"20 Thrasher Rd Cape Elizabeth, ME 04107",,4/1/2026,1/10/2027,1,PM | Ski | Children's Seasonal Program | 26/27 | Sunday | 4-6yrs | 1pm,$719.00,Type:Sale; Status:Open,Report Total,454,"$354,797.00"
Customer IP,Customer Name,Age,Address,EMail,Sale / Order Date,Product Date,Qty,Product,Net Amount,Transaction Type / Reservation Status,79943053,"Knouse, Greta",7,"11 Trapper John Rd Scarborough, ME 04074",,4/1/2026,1/9/2027,1,PM | Ski | Children's Seasonal Program | 26/27 | Saturday | 7-12yrs | 1pm,$719.00,Type:Sale; Status:Open,Report Total,454,"$354,797.00"
Customer IP,Customer Name,Age,Address,EMail,Sale / Order Date,Product Date,Qty,Product,Net Amount,Transaction Type / Reservation Status,85429646,"Cummins, Everett",8,"62 Bowdoin St Yarmouth, ME 04096",,4/2/2026,1/9/2027,1,PM | Ski | Children's Seasonal Program | 26/27 | Saturday | 7-12yrs | 10am,$719.00,Type:Sale; Status:Open,Report Total,454,"$354,797.00"
Customer IP,Customer Name,Age,Address,EMail,Sale / Order Date,Product Date,Qty,Product,Net Amount,Transaction Type / Reservation Status,85765581,"Cummins, Weston",10,"62 Bowdoin St Yarmouth, ME 04096",,4/2/2026,1/9/2027,1,PM | Ski | Children's Seasonal Program | 26/27 | Saturday | 7-12yrs | 10am,$719.00,Type:Sale; Status:Open,Report Total,454,"$354,797.00"
Customer IP,Customer Name,Age,Address,EMail,Sale / Order Date,Product Date,Qty,Product,Net Amount,Transaction Type / Reservation Status,85760979,"Pump, James",3,"11 Heron Ct NAPLES, ME 04055",Alexandrea.burns@gmail.com,4/2/2026,1/7/2027,1,PM | Ski | Children's Seasonal Program | 26/27 | 2-5yrs | Thursday | Session 1,$339.00,Type:Sale; Status:Open,Report Total,454,"$354,797.00"
Customer IP,Customer Name,Age,Address,EMail,Sale / Order Date,Product Date,Qty,Product,Net Amount,Transaction Type / Reservation Status,85760980,"Pump, Thomas",3,"11 Heron Ct NAPLES, ME 04055",Alexandrea.burns@gmail.com,4/2/2026,1/7/2027,1,PM | Ski | Children's Seasonal Program | 26/27 | 2-5yrs | Thursday | Session 1,$339.00,Type:Sale; Status:Open,Report Total,454,"$354,797.00"
Customer IP,Customer Name,Age,Address,EMail,Sale / Order Date,Product Date,Qty,Product,Net Amount,Transaction Type / Reservation Status,82496592,"Grubb, Declan",12,"208 Range Rd Cumberland Center, ME 04021",,4/2/2026,1/10/2027,1,PM | Ski | Children's Seasonal Program | 26/27 | Sunday | 11-13yrs | 9am,$799.00,Type:Sale; Status:Open,Report Total,454,"$354,797.00"
Customer IP,Customer Name,Age,Address,EMail,Sale / Order Date,Product Date,Qty,Product,Net Amount,Transaction Type / Reservation Status,83016398,"Deely, Brayden",8,"287 Pleasant Hill Road Scarborough, ME 04074",,4/2/2026,1/10/2027,1,PM | Ski | Children's Seasonal Program | 26/27 | Sunday | 7-12yrs | 10am,$719.00,Type:Sale; Status:Open,Report Total,454,"$354,797.00"
Customer IP,Customer Name,Age,Address,EMail,Sale / Order Date,Product Date,Qty,Product,Net Amount,Transaction Type / Reservation Status,83016399,"Deely, Madeline",6,"287 Pleasant Hill Road Scarborough, ME 04074",echeney2619@gmail.com,4/2/2026,1/10/2027,1,PM | Ski | Children's Seasonal Program | 26/27 | Sunday | 7-12yrs | 10am,$719.00,Type:Sale; Status:Open,Report Total,454,"$354,797.00"
Customer IP,Customer Name,Age,Address,EMail,Sale / Order Date,Product Date,Qty,Product,Net Amount,Transaction Type / Reservation Status,81181404,"Ho, Elise",11,"53 White’s Cove Road Yarmouth, ME 04096",,4/2/2026,1/10/2027,1,PM | Ski | Children's Seasonal Program | 26/27 | Sunday | 11-13yrs | 9am,$799.00,Type:Sale; Status:Open,Report Total,454,"$354,797.00"
Customer IP,Customer Name,Age,Address,EMail,Sale / Order Date,Product Date,Qty,Product,Net Amount,Transaction Type / Reservation Status,81181407,"Ho, Oliver",7,"53 White’s Cove Road Yarmouth, ME 04096",,4/2/2026,1/9/2027,1,PM | Ski | Children's Seasonal Program | 26/27 | Saturday | 7-12yrs | Full Day,$959.00,Type:Sale; Status:Open,Report Total,454,"$354,797.00"
Customer IP,Customer Name,Age,Address,EMail,Sale / Order Date,Product Date,Qty,Product,Net Amount,Transaction Type / Reservation Status,86490735,"Curtin, Louis",4,"PO Box 752 South Freeport, ME 04078",,4/3/2026,1/10/2027,1,PM | Ski | Children's Seasonal Program | 26/27 | Sunday | 4-6yrs | Full Day,$959.00,Type:Sale; Status:Open,Report Total,454,"$354,797.00"
Customer IP,Customer Name,Age,Address,EMail,Sale / Order Date,Product Date,Qty,Product,Net Amount,Transaction Type / Reservation Status,84359351,"Curtin, Tom",9,"PO Box 752 South Freeport, ME 04078",,4/3/2026,1/10/2027,1,PM | Ski | Children's Seasonal Program | 26/27 | Sunday | 7-12yrs | Full Day,$959.00,Type:Sale; Status:Open,Report Total,454,"$354,797.00"
Customer IP,Customer Name,Age,Address,EMail,Sale / Order Date,Product Date,Qty,Product,Net Amount,Transaction Type / Reservation Status,86916287,"Doyle, Max",3,"53 Pleasant Hill Rd Falmouth, ME 04105",,4/3/2026,1/7/2027,1,PM | Ski | Children's Seasonal Program | 26/27 | 2-5yrs | Thursday | Session 1,$339.00,Type:Sale; Status:Open,Report Total,454,"$354,797.00"
Customer IP,Customer Name,Age,Address,EMail,Sale / Order Date,Product Date,Qty,Product,Net Amount,Transaction Type / Reservation Status,86991991,"Nally, Juliette",1,"10 Adams Road Boxford, MA 01921",,4/3/2026,2/5/2027,1,PM | Ski | Children's Seasonal Program | 26/27 | 2-5yrs | Friday | Session 2,$339.00,Type:Sale; Status:Open,Report Total,454,"$354,797.00"
Customer IP,Customer Name,Age,Address,EMail,Sale / Order Date,Product Date,Qty,Product,Net Amount,Transaction Type / Reservation Status,85070541,"Nally, Madeline",3,"10 Adams Road Boxford, MA 01921",,4/3/2026,2/5/2027,1,PM | Ski | Children's Seasonal Program | 26/27 | 2-5yrs | Friday | Session 2,$339.00,Type:Sale; Status:Open,Report Total,454,"$354,797.00"
Customer IP,Customer Name,Age,Address,EMail,Sale / Order Date,Product Date,Qty,Product,Net Amount,Transaction Type / Reservation Status,83447811,"Moehlen, Clare",8,"11 McKinley Rd Falmouth, ME 04105",howard.elizabeth@gmail.com,4/3/2026,1/10/2027,1,PM | Ski | Children's Seasonal Program | 26/27 | Sunday | 7-12yrs | Full Day,$959.00,Type:Sale; Status:Open,Report Total,454,"$354,797.00"
Customer IP,Customer Name,Age,Address,EMail,Sale / Order Date,Product Date,Qty,Product,Net Amount,Transaction Type / Reservation Status,83447805,"Moehlen, William",10,"11 McKinley Rd Falmouth, ME 04105",howard.elizabeth@gmail.com,4/3/2026,1/10/2027,1,PM | Ski | Children's Seasonal Program | 26/27 | Sunday | 7-12yrs | 10am,$719.00,Type:Sale; Status:Open,Report Total,454,"$354,797.00"
Customer IP,Customer Name,Age,Address,EMail,Sale / Order Date,Product Date,Qty,Product,Net Amount,Transaction Type / Reservation Status,81160812,"White, Avery",8,"6 Walcott Ave. Falmouth, ME 04105",,4/3/2026,1/10/2027,1,PM | Ski | Children's Seasonal Program | 26/27 | Sunday | 7-12yrs | 10am,$719.00,Type:Sale; Status:Open,Report Total,454,"$354,797.00"
Customer IP,Customer Name,Age,Address,EMail,Sale / Order Date,Product Date,Qty,Product,Net Amount,Transaction Type / Reservation Status,87003156,"Doyon, John",4,"84 Linnell Rd Windham, ME 04062",,4/4/2026,1/10/2027,1,PM | Ski | Children's Seasonal Program | 26/27 | Sunday | 4-6yrs | 1pm,$719.00,Type:Sale; Status:Open,Report Total,454,"$354,797.00"
Customer IP,Customer Name,Age,Address,EMail,Sale / Order Date,Product Date,Qty,Product,Net Amount,Transaction Type / Reservation Status,83804405,"Gridley, Finn",7,"33 Eider Point Drive Yarmouth, ME 04096",,4/4/2026,1/10/2027,1,PM | Ski | Children's Seasonal Program | 26/27 | Sunday | 7-12yrs | Full Day,$959.00,Type:Sale; Status:Open,Report Total,454,"$354,797.00"
Customer IP,Customer Name,Age,Address,EMail,Sale / Order Date,Product Date,Qty,Product,Net Amount,Transaction Type / Reservation Status,83804408,"Gridley, Maisy",6,"33 Eider Point Drive Yarmouth, ME 04096",,4/4/2026,1/10/2027,1,PM | Ski | Children's Seasonal Program | 26/27 | Sunday | 7-12yrs | Full Day,$959.00,Type:Sale; Status:Open,Report Total,454,"$354,797.00"
Customer IP,Customer Name,Age,Address,EMail,Sale / Order Date,Product Date,Qty,Product,Net Amount,Transaction Type / Reservation Status,82636376,"Fitzpatrick, James",8,"45 Snowberry Dr South Portland, ME 04106",,4/4/2026,1/9/2027,1,PM | Ski | Children's Seasonal Program | 26/27 | Saturday | 7-12yrs | Full Day,$959.00,Type:Sale; Status:Open,Report Total,454,"$354,797.00"
Customer IP,Customer Name,Age,Address,EMail,Sale / Order Date,Product Date,Qty,Product,Net Amount,Transaction Type / Reservation Status,84469764,"Fitzpatrick, Maren",5,"45 Snowberry Dr South Portland, ME 04106",,4/4/2026,1/9/2027,1,PM | Ski | Children's Seasonal Program | 26/27 | Saturday | 4-6yrs | Full Day,$959.00,Type:Sale; Status:Open,Report Total,454,"$354,797.00"
Customer IP,Customer Name,Age,Address,EMail,Sale / Order Date,Product Date,Qty,Product,Net Amount,Transaction Type / Reservation Status,86892042,"Barstow, Rowan",5,"102 Loveitts Field Rd South Portland, ME 04106",,4/4/2026,1/10/2027,1,PM | Ski | Children's Seasonal Program | 26/27 | Sunday | 4-6yrs | 1pm,$719.00,Type:Sale; Status:Open,Report Total,454,"$354,797.00"
Customer IP,Customer Name,Age,Address,EMail,Sale / Order Date,Product Date,Qty,Product,Net Amount,Transaction Type / Reservation Status,87006198,"Milligan, August",5,"90 Carroll St Portland, ME 04102",,4/4/2026,1/10/2027,1,PM | Ski | Children's Seasonal Program | 26/27 | Sunday | 4-6yrs | 1pm,$719.00,Type:Sale; Status:Open,Report Total,454,"$354,797.00"
Customer IP,Customer Name,Age,Address,EMail,Sale / Order Date,Product Date,Qty,Product,Net Amount,Transaction Type / Reservation Status,84052141,"Morgan, June",4,"206 Coyle St PORTLAND, ME 04103",,4/4/2026,1/10/2027,1,PM | Ski | Children's Seasonal Program | 26/27 | Sunday | 4-6yrs | Full Day,$959.00,Type:Sale; Status:Open,Report Total,454,"$354,797.00"
Customer IP,Customer Name,Age,Address,EMail,Sale / Order Date,Product Date,Qty,Product,Net Amount,Transaction Type / Reservation Status,84052139,"Morgan, Polly",5,"94 Walnut St Portland, ME 04101",LTTMORGAN2@GMAIL.COM,4/4/2026,1/10/2027,1,PM | Ski | Children's Seasonal Program | 26/27 | Sunday | 4-6yrs | Full Day,$959.00,Type:Sale; Status:Open,Report Total,454,"$354,797.00"
Customer IP,Customer Name,Age,Address,EMail,Sale / Order Date,Product Date,Qty,Product,Net Amount,Transaction Type / Reservation Status,82096138,"Mehta, Cecily",6,"22 Inverness Rd Falmouth, ME 04105",,4/5/2026,1/9/2027,1,PM | Ski | Children's Seasonal Program | 26/27 | Saturday | 4-6yrs | 10am,$719.00,Type:Sale; Status:Open,Report Total,454,"$354,797.00"
Customer IP,Customer Name,Age,Address,EMail,Sale / Order Date,Product Date,Qty,Product,Net Amount,Transaction Type / Reservation Status,82096109,"Mehta, Lincoln",9,"22 Inverness Rd Falmouth, ME 04105",,4/5/2026,1/9/2027,1,PM | Ski | Children's Seasonal Program | 26/27 | Saturday | 7-12yrs | 10am,$719.00,Type:Sale; Status:Open,Report Total,454,"$354,797.00"
Customer IP,Customer Name,Age,Address,EMail,Sale / Order Date,Product Date,Qty,Product,Net Amount,Transaction Type / Reservation Status,80387272,"Brophy, Will",9,"9 Lancaster Ln Scarborough, ME 04074",,4/6/2026,1/10/2027,1,PM | Ski | Children's Seasonal Program | 26/27 | Sunday | 7-12yrs | 10am,$719.00,Type:Sale; Status:Open,Report Total,454,"$354,797.00"
Customer IP,Customer Name,Age,Address,EMail,Sale / Order Date,Product Date,Qty,Product,Net Amount,Transaction Type / Reservation Status,84052209,"Boots, Nell",5,"667 Sawyer St South Portland, ME 04106",,4/6/2026,1/10/2027,1,PM | Ski | Children's Seasonal Program | 26/27 | Sunday | 4-6yrs | Full Day,$959.00,Type:Sale; Status:Open,Report Total,454,"$354,797.00"
Customer IP,Customer Name,Age,Address,EMail,Sale / Order Date,Product Date,Qty,Product,Net Amount,Transaction Type / Reservation Status,82257900,"Quinn, Annie",7,"24 Tenney Ln Scarborough, ME 04074",,4/6/2026,1/9/2027,1,PM | Ski | Children's Seasonal Program | 26/27 | Saturday | 7-12yrs | 1pm,$719.00,Type:Sale; Status:Open,Report Total,454,"$354,797.00"
Customer IP,Customer Name,Age,Address,EMail,Sale / Order Date,Product Date,Qty,Product,Net Amount,Transaction Type / Reservation Status,82279984,"Quinn, Maura",9,"24 Tenney Ln Scarborough, ME 04074",,4/6/2026,1/9/2027,1,PM | Ski | Children's Seasonal Program | 26/27 | Saturday | 7-12yrs | 1pm,$719.00,Type:Sale; Status:Open,Report Total,454,"$354,797.00"
Customer IP,Customer Name,Age,Address,EMail,Sale / Order Date,Product Date,Qty,Product,Net Amount,Transaction Type / Reservation Status,83940414,"DELLI COLLI, Gia",6,"21 Distant Pines Dr Gorham, ME 04038",delli22@hotmail.com,4/6/2026,1/9/2027,1,PM | Ski | Children's Seasonal Program | 26/27 | Saturday | 7-12yrs | 1pm,$719.00,Type:Sale; Status:Open,Report Total,454,"$354,797.00"
Customer IP,Customer Name,Age,Address,EMail,Sale / Order Date,Product Date,Qty,Product,Net Amount,Transaction Type / Reservation Status,83940418,"DELLI COLLI, Lena",10,,,4/6/2026,1/9/2027,1,PM | Ski | Children's Seasonal Program | 26/27 | Saturday | 7-12yrs | Full Day,$959.00,Type:Sale; Status:Open,Report Total,454,"$354,797.00"
Customer IP,Customer Name,Age,Address,EMail,Sale / Order Date,Product Date,Qty,Product,Net Amount,Transaction Type / Reservation Status,85866813,"Borowski, Adelaide",5,"8 Island Pond Road Cumberland, ME 04110",,4/7/2026,1/9/2027,1,PM | Ski | Children's Seasonal Program | 26/27 | Saturday | 4-6yrs | 10am,$719.00,Type:Sale; Status:Open,Report Total,454,"$354,797.00"
Customer IP,Customer Name,Age,Address,EMail,Sale / Order Date,Product Date,Qty,Product,Net Amount,Transaction Type / Reservation Status,87011054,"Priestley, Naomi",1,"771 Little Chatham Road Fryeburg, ME 04037",,4/7/2026,1/8/2027,1,PM | Ski | Children's Seasonal Program | 26/27 | 2-5yrs | Friday | Session 1,$339.00,Type:Sale; Status:Open,Report Total,454,"$354,797.00"
Customer IP,Customer Name,Age,Address,EMail,Sale / Order Date,Product Date,Qty,Product,Net Amount,Transaction Type / Reservation Status,87011054,"Priestley, Naomi",1,"771 Little Chatham Road Fryeburg, ME 04037",,4/7/2026,2/5/2027,1,PM | Ski | Children's Seasonal Program | 26/27 | 2-5yrs | Friday | Session 2,$339.00,Type:Sale; Status:Open,Report Total,454,"$354,797.00"
Customer IP,Customer Name,Age,Address,EMail,Sale / Order Date,Product Date,Qty,Product,Net Amount,Transaction Type / Reservation Status,82524125,"White, Charles",9,"13 Rocky Hill Rd Cape Elizabeth, ME 04107",,4/7/2026,1/10/2027,1,PM | Ski | Children's Seasonal Program | 26/27 | Sunday | 7-12yrs | 10am,$719.00,Type:Sale; Status:Open,Report Total,454,"$354,797.00"
Customer IP,Customer Name,Age,Address,EMail,Sale / Order Date,Product Date,Qty,Product,Net Amount,Transaction Type / Reservation Status,82211687,"White, Nora",6,"13 Rocky Hill Rd Cape Elizabeth, ME 04107",,4/7/2026,1/10/2027,1,PM | Ski | Children's Seasonal Program | 26/27 | Sunday | 7-12yrs | 10am,$719.00,Type:Sale; Status:Open,Report Total,454,"$354,797.00"
Customer IP,Customer Name,Age,Address,EMail,Sale / Order Date,Product Date,Qty,Product,Net Amount,Transaction Type / Reservation Status,81028302,"Thormann, Canaan",7,"25 Telos Rd Freeport, ME 04032",mcspepin@gmail.com,4/8/2026,1/9/2027,1,PM | Ski | Children's Seasonal Program | 26/27 | Saturday | 7-12yrs | Full Day,$959.00,Type:Sale; Status:Open,Report Total,454,"$354,797.00"
Customer IP,Customer Name,Age,Address,EMail,Sale / Order Date,Product Date,Qty,Product,Net Amount,Transaction Type / Reservation Status,85518867,"Thormann, Renleigh",4,"25 Telos Rd Freeport, ME 04032",,4/8/2026,1/9/2027,1,PM | Ski | Children's Seasonal Program | 26/27 | Saturday | 4-6yrs | Full Day,$959.00,Type:Sale; Status:Open,Report Total,454,"$354,797.00"
Customer IP,Customer Name,Age,Address,EMail,Sale / Order Date,Product Date,Qty,Product,Net Amount,Transaction Type / Reservation Status,85428719,"Mccormack, Alice",9,"256 Capisic St Portland, ME 04102",,4/8/2026,1/9/2027,1,PM | Ski | Children's Seasonal Program | 26/27 | Saturday | 7-12yrs | 1pm,$719.00,Type:Sale; Status:Open,Report Total,454,"$354,797.00"
Customer IP,Customer Name,Age,Address,EMail,Sale / Order Date,Product Date,Qty,Product,Net Amount,Transaction Type / Reservation Status,85428712,"Mccormack, Eleanor",10,"256 Capisic St Portland, ME 04102",,4/8/2026,1/9/2027,1,PM | Ski | Children's Seasonal Program | 26/27 | Saturday | 7-12yrs | 1pm,$719.00,Type:Sale; Status:Open,Report Total,454,"$354,797.00"
Customer IP,Customer Name,Age,Address,EMail,Sale / Order Date,Product Date,Qty,Product,Net Amount,Transaction Type / Reservation Status,85428724,"Mccormack, Teddy",6,"256 Capisic St Portland, ME 04102",,4/8/2026,1/9/2027,1,PM | Ski | Children's Seasonal Program | 26/27 | Saturday | 4-6yrs | 1pm,$719.00,Type:Sale; Status:Open,Report Total,454,"$354,797.00"
Customer IP,Customer Name,Age,Address,EMail,Sale / Order Date,Product Date,Qty,Product,Net Amount,Transaction Type / Reservation Status,82006438,"Gendron, Emeline",10,"33 shepherd lane PORTLAND, ME 04103",,4/10/2026,1/10/2027,1,PM | Ski | Children's Seasonal Program | 26/27 | Sunday | 7-12yrs | 10am,$719.00,Type:Sale; Status:Open,Report Total,454,"$354,797.00"
Customer IP,Customer Name,Age,Address,EMail,Sale / Order Date,Product Date,Qty,Product,Net Amount,Transaction Type / Reservation Status,86727636,"Wright, Lydia",7,,,4/10/2026,1/9/2027,1,PM | Ski | Children's Seasonal Program | 26/27 | Saturday | 7-12yrs | 10am,$719.00,Type:Sale; Status:Open,Report Total,454,"$354,797.00"
Customer IP,Customer Name,Age,Address,EMail,Sale / Order Date,Product Date,Qty,Product,Net Amount,Transaction Type / Reservation Status,86727638,"Wright, Oliver",4,,,4/10/2026,1/9/2027,1,PM | Ski | Children's Seasonal Program | 26/27 | Saturday | 4-6yrs | 10am,$719.00,Type:Sale; Status:Open,Report Total,454,"$354,797.00"
Customer IP,Customer Name,Age,Address,EMail,Sale / Order Date,Product Date,Qty,Product,Net Amount,Transaction Type / Reservation Status,87016102,"Gauthier, James",4,"3 scabbard rd Scarborough, ME 04074",,4/11/2026,1/10/2027,1,PM | Ski | Children's Seasonal Program | 26/27 | Sunday | 4-6yrs | 1pm,$719.00,Type:Sale; Status:Open,Report Total,454,"$354,797.00"
Customer IP,Customer Name,Age,Address,EMail,Sale / Order Date,Product Date,Qty,Product,Net Amount,Transaction Type / Reservation Status,87015306,"Kremer, Hugo",4,"70 Ocean View Rd Cape Elizabeth, ME 04107",,4/11/2026,1/9/2027,1,PM | Ski | Children's Seasonal Program | 26/27 | Saturday | 4-6yrs | 10am,$719.00,Type:Sale; Status:Open,Report Total,454,"$354,797.00"
Customer IP,Customer Name,Age,Address,EMail,Sale / Order Date,Product Date,Qty,Product,Net Amount,Transaction Type / Reservation Status,87015311,"Kremer, Ulla",7,"70 Ocean View Rd Cape Elizabeth, ME 04107",,4/11/2026,1/9/2027,1,PM | Ski | Children's Seasonal Program | 26/27 | Saturday | 7-12yrs | 10am,$719.00,Type:Sale; Status:Open,Report Total,454,"$354,797.00"
Customer IP,Customer Name,Age,Address,EMail,Sale / Order Date,Product Date,Qty,Product,Net Amount,Transaction Type / Reservation Status,85527061,"Goulart, Weston James",4,"78 Millett Rd Swampscott, MA 01907",,4/13/2026,1/9/2027,1,PM | Ski | Children's Seasonal Program | 26/27 | Saturday | 4-6yrs | Full Day,$959.00,Type:Sale; Status:Open,Report Total,454,"$354,797.00"
Customer IP,Customer Name,Age,Address,EMail,Sale / Order Date,Product Date,Qty,Product,Net Amount,Transaction Type / Reservation Status,87018850,"Perez, Avery",8,"3 Hunter Point Dr Scarborough, ME 04074",,4/13/2026,1/9/2027,1,PM | Ski | Children's Seasonal Program | 26/27 | Saturday | 7-12yrs | 10am,$719.00,Type:Sale; Status:Open,Report Total,454,"$354,797.00"
Customer IP,Customer Name,Age,Address,EMail,Sale / Order Date,Product Date,Qty,Product,Net Amount,Transaction Type / Reservation Status,87018851,"Perez, Emma",6,"3 Hunter Point Dr Scarborough, ME 04074",,4/13/2026,1/9/2027,1,PM | Ski | Children's Seasonal Program | 26/27 | Saturday | 7-12yrs | 10am,$719.00,Type:Sale; Status:Open,Report Total,454,"$354,797.00"
Customer IP,Customer Name,Age,Address,EMail,Sale / Order Date,Product Date,Qty,Product,Net Amount,Transaction Type / Reservation Status,82223640,"Spear, Elsie",7,"36 Woodmont St PORTLAND, ME 04102",,4/14/2026,1/10/2027,1,PM | Ski | Children's Seasonal Program | 26/27 | Sunday | 7-12yrs | 1pm,$719.00,Type:Sale; Status:Open,Report Total,454,"$354,797.00"
Customer IP,Customer Name,Age,Address,EMail,Sale / Order Date,Product Date,Qty,Product,Net Amount,Transaction Type / Reservation Status,85162955,"Spear, Willis E.",5,"36 Woodmont St PORTLAND, ME 04102",,4/14/2026,1/10/2027,1,PM | Ski | Children's Seasonal Program | 26/27 | Sunday | 4-6yrs | 1pm,$719.00,Type:Sale; Status:Open,Report Total,454,"$354,797.00"
Customer IP,Customer Name,Age,Address,EMail,Sale / Order Date,Product Date,Qty,Product,Net Amount,Transaction Type / Reservation Status,82603281,"Condon, Bridget",10,"7 Louanis Dr Reading, MA 01867",mjcondon79@gmail.com,4/16/2026,1/10/2027,1,PM | Ski | Children's Seasonal Program | 26/27 | Sunday | 11-13yrs | 9am,$799.00,Type:Sale; Status:Open,Report Total,454,"$354,797.00"
Customer IP,Customer Name,Age,Address,EMail,Sale / Order Date,Product Date,Qty,Product,Net Amount,Transaction Type / Reservation Status,81579189,"Condon, James",12,"7 Louanis Dr Reading, MA 01867",mjcondon79@gmail.com,4/16/2026,1/10/2027,1,PM | Ski | Children's Seasonal Program | 26/27 | Sunday | 11-13yrs | 9am,$799.00,Type:Sale; Status:Open,Report Total,454,"$354,797.00"
Customer IP,Customer Name,Age,Address,EMail,Sale / Order Date,Product Date,Qty,Product,Net Amount,Transaction Type / Reservation Status,83311848,"Collier, Brooks",4,"493 Dennett Street Portsmouth, NH 03801",brianrcollier@gmail.com,4/16/2026,1/9/2027,1,PM | Ski | Children's Seasonal Program | 26/27 | Saturday | 4-6yrs | Full Day,$959.00,Type:Sale; Status:Open,Report Total,454,"$354,797.00"
Customer IP,Customer Name,Age,Address,EMail,Sale / Order Date,Product Date,Qty,Product,Net Amount,Transaction Type / Reservation Status,87020860,"Markham, Jesse",7,"7 Hamlin st CAPE ELIZABETH, ME 04107",,4/16/2026,1/10/2027,1,PM | Ski | Children's Seasonal Program | 26/27 | Sunday | 7-12yrs | Full Day,$959.00,Type:Sale; Status:Open,Report Total,454,"$354,797.00"
Customer IP,Customer Name,Age,Address,EMail,Sale / Order Date,Product Date,Qty,Product,Net Amount,Transaction Type / Reservation Status,87020861,"Markham, Michaela",5,"7 Hamlin st CAPE ELIZABETH, ME 04107",,4/16/2026,1/10/2027,1,PM | Ski | Children's Seasonal Program | 26/27 | Sunday | 4-6yrs | Full Day,$959.00,Type:Sale; Status:Open,Report Total,454,"$354,797.00"
Customer IP,Customer Name,Age,Address,EMail,Sale / Order Date,Product Date,Qty,Product,Net Amount,Transaction Type / Reservation Status,87021721,"Zubrow, Ellie",6,"22 Farmhouse Rd Scarborough, ME 04074",,4/17/2026,1/10/2027,1,PM | Ski | Children's Seasonal Program | 26/27 | Sunday | 7-12yrs | 10am,$719.00,Type:Sale; Status:Open,Report Total,454,"$354,797.00"
Customer IP,Customer Name,Age,Address,EMail,Sale / Order Date,Product Date,Qty,Product,Net Amount,Transaction Type / Reservation Status,87021720,"Zubrow, Riley",9,"22 Farmhouse Rd Scarborough, ME 04074",,4/17/2026,1/10/2027,1,PM | Ski | Children's Seasonal Program | 26/27 | Sunday | 7-12yrs | 10am,$719.00,Type:Sale; Status:Open,Report Total,454,"$354,797.00"
Customer IP,Customer Name,Age,Address,EMail,Sale / Order Date,Product Date,Qty,Product,Net Amount,Transaction Type / Reservation Status,82628094,"Bannock, Archie",10,"20 Woodland rd Cape Elizabeth, ME 04107",bbannock@gmail.com,4/17/2026,1/9/2027,1,PM | Ski | Children's Seasonal Program | 26/27 | Saturday | 7-12yrs | 1pm,$719.00,Type:Sale; Status:Open,Report Total,454,"$354,797.00"
Customer IP,Customer Name,Age,Address,EMail,Sale / Order Date,Product Date,Qty,Product,Net Amount,Transaction Type / Reservation Status,82628095,"Bannock, Everett",8,"20 Woodland rd Cape Elizabeth, ME 04107",bbannock@gmail.com,4/17/2026,1/9/2027,1,PM | Ski | Children's Seasonal Program | 26/27 | Saturday | 7-12yrs | 1pm,$719.00,Type:Sale; Status:Open,Report Total,454,"$354,797.00"
Customer IP,Customer Name,Age,Address,EMail,Sale / Order Date,Product Date,Qty,Product,Net Amount,Transaction Type / Reservation Status,83904789,"Cassin, Luna",9,"358 Preble St South Portland, ME 04106",,4/18/2026,1/9/2027,1,PM | Ski | Children's Seasonal Program | 26/27 | Saturday | 7-12yrs | 10am,$719.00,Type:Sale; Status:Open,Report Total,454,"$354,797.00"
Customer IP,Customer Name,Age,Address,EMail,Sale / Order Date,Product Date,Qty,Product,Net Amount,Transaction Type / Reservation Status,85309188,"Cassin, Myla",4,"358 Preble St South Portland, ME 04106",,4/18/2026,1/9/2027,1,PM | Ski | Children's Seasonal Program | 26/27 | Saturday | 4-6yrs | 10am,$719.00,Type:Sale; Status:Open,Report Total,454,"$354,797.00"
Customer IP,Customer Name,Age,Address,EMail,Sale / Order Date,Product Date,Qty,Product,Net Amount,Transaction Type / Reservation Status,82544551,"Gensheimer, Anna",4,"45 Center St YARMOUTH, ME 04096",,4/18/2026,1/10/2027,1,PM | Ski | Children's Seasonal Program | 26/27 | Sunday | 4-6yrs | Full Day,$959.00,Type:Sale; Status:Open,Report Total,454,"$354,797.00"
Customer IP,Customer Name,Age,Address,EMail,Sale / Order Date,Product Date,Qty,Product,Net Amount,Transaction Type / Reservation Status,82544548,"Gensheimer, Jack",7,"45 Center St YARMOUTH, ME 04096",,4/18/2026,1/10/2027,1,PM | Ski | Children's Seasonal Program | 26/27 | Sunday | 7-12yrs | 10am,$719.00,Type:Sale; Status:Open,Report Total,454,"$354,797.00"
Customer IP,Customer Name,Age,Address,EMail,Sale / Order Date,Product Date,Qty,Product,Net Amount,Transaction Type / Reservation Status,87024590,"Leach, Blair",3,"14 Park st South Hamilton, MA 01982",,4/21/2026,1/8/2027,1,PM | Ski | Children's Seasonal Program | 26/27 | 2-5yrs | Friday | Session 1,$339.00,Type:Sale; Status:Open,Report Total,454,"$354,797.00"
Customer IP,Customer Name,Age,Address,EMail,Sale / Order Date,Product Date,Qty,Product,Net Amount,Transaction Type / Reservation Status,82639677,"Dilger, Beatrice",7,"8 Stratton Pl PORTLAND, ME 04101",,4/23/2026,1/10/2027,1,PM | Ski | Children's Seasonal Program | 26/27 | Sunday | 7-12yrs | Full Day,$959.00,Type:Sale; Status:Open,Report Total,454,"$354,797.00"
Customer IP,Customer Name,Age,Address,EMail,Sale / Order Date,Product Date,Qty,Product,Net Amount,Transaction Type / Reservation Status,82440019,"Dilger, Matilda",12,"8 Stratton Pl PORTLAND, ME 04101",,4/23/2026,1/10/2027,1,PM | Ski | Children's Seasonal Program | 26/27 | Sunday | 11-13yrs | 9am,$799.00,Type:Sale; Status:Open,Report Total,454,"$354,797.00"
Customer IP,Customer Name,Age,Address,EMail,Sale / Order Date,Product Date,Qty,Product,Net Amount,Transaction Type / Reservation Status,84052337,"Botler, Calvin",4,"35 woodmont st Portland, ME 04102",,4/24/2026,1/9/2027,-1,PM | Ski | Children's Seasonal Program | 26/27 | Saturday | 4-6yrs | Full Day,($959.00),Type:Return; Status:Open,Report Total,454,"$354,797.00"
Customer IP,Customer Name,Age,Address,EMail,Sale / Order Date,Product Date,Qty,Product,Net Amount,Transaction Type / Reservation Status,84052337,"Botler, Calvin",4,"35 woodmont st Portland, ME 04102",,4/24/2026,1/10/2027,1,PM | Ski | Children's Seasonal Program | 26/27 | Sunday | 4-6yrs | Full Day,$959.00,Type:Sale; Status:Open,Report Total,454,"$354,797.00"
Customer IP,Customer Name,Age,Address,EMail,Sale / Order Date,Product Date,Qty,Product,Net Amount,Transaction Type / Reservation Status,82903590,"Botler, Theo",7,"35 woodmont st Portland, ME 04102",tim.botler@gmail.com,4/24/2026,1/10/2027,1,PM | Ski | Children's Seasonal Program | 26/27 | Sunday | 7-12yrs | Full Day,$959.00,Type:Sale; Status:Open,Report Total,454,"$354,797.00"
Customer IP,Customer Name,Age,Address,EMail,Sale / Order Date,Product Date,Qty,Product,Net Amount,Transaction Type / Reservation Status,82903590,"Botler, Theo",7,"35 woodmont st Portland, ME 04102",tim.botler@gmail.com,4/24/2026,1/9/2027,-1,PM | Ski | Children's Seasonal Program | 26/27 | Saturday | 7-12yrs | Full Day,($959.00),Type:Return; Status:Open,Report Total,454,"$354,797.00"
Customer IP,Customer Name,Age,Address,EMail,Sale / Order Date,Product Date,Qty,Product,Net Amount,Transaction Type / Reservation Status,87026682,"Mills, Charlotte",4,"49 Rising Tide Ln Freeport, ME 04032",,4/25/2026,1/9/2027,1,PM | Ski | Children's Seasonal Program | 26/27 | Saturday | 4-6yrs | 10am,$719.00,Type:Sale; Status:Open,Report Total,454,"$354,797.00"
Customer IP,Customer Name,Age,Address,EMail,Sale / Order Date,Product Date,Qty,Product,Net Amount,Transaction Type / Reservation Status,82620423,"Mills, Marian",8,"49 Rising Tide Ln Freeport, ME 04032",laurenblair7@gmail.com,4/25/2026,1/10/2027,1,PM | Ski | Children's Seasonal Program | 26/27 | Sunday | 7-12yrs | 10am,$719.00,Type:Sale; Status:Open,Report Total,454,"$354,797.00"
Customer IP,Customer Name,Age,Address,EMail,Sale / Order Date,Product Date,Qty,Product,Net Amount,Transaction Type / Reservation Status,84617266,"Liegner, Josie",4,"274 Main St Cumberland Center, ME 04021",,4/25/2026,1/10/2027,1,PM | Ski | Children's Seasonal Program | 26/27 | Sunday | 4-6yrs | 1pm,$719.00,Type:Sale; Status:Open,Report Total,454,"$354,797.00"
Customer IP,Customer Name,Age,Address,EMail,Sale / Order Date,Product Date,Qty,Product,Net Amount,Transaction Type / Reservation Status,85507961,"Skillings, Andrew",13,"5 Flintlock Dr Scarborough, ME 04074",,4/26/2026,1/9/2027,1,PM | Ski | Children's Seasonal Program | 26/27 | Saturday | 11-13yrs | 9am,$799.00,Type:Sale; Status:Open,Report Total,454,"$354,797.00"
Customer IP,Customer Name,Age,Address,EMail,Sale / Order Date,Product Date,Qty,Product,Net Amount,Transaction Type / Reservation Status,81034622,"Eaton, Gilbert",10,"1001 River Rd Brunswick, ME 04011",jceatcc@gmail.com,4/26/2026,1/10/2027,1,PM | Ski | Children's Seasonal Program | 26/27 | Sunday | 7-12yrs | Full Day,$959.00,Type:Sale; Status:Open,Report Total,454,"$354,797.00"
Customer IP,Customer Name,Age,Address,EMail,Sale / Order Date,Product Date,Qty,Product,Net Amount,Transaction Type / Reservation Status,81494932,"Cardone, Dominic",8,"6 Ardell Street Quincy, MA 02171",,4/27/2026,1/10/2027,1,PM | Ski | Children's Seasonal Program | 26/27 | Sunday | 7-12yrs | Full Day,$959.00,Type:Sale; Status:Open,Report Total,454,"$354,797.00"
Customer IP,Customer Name,Age,Address,EMail,Sale / Order Date,Product Date,Qty,Product,Net Amount,Transaction Type / Reservation Status,81494933,"Cardone, Marie",6,"6 Ardell Street Quincy, MA 02171",,4/27/2026,1/10/2027,1,PM | Ski | Children's Seasonal Program | 26/27 | Sunday | 7-12yrs | Full Day,$959.00,Type:Sale; Status:Open,Report Total,454,"$354,797.00"
Customer IP,Customer Name,Age,Address,EMail,Sale / Order Date,Product Date,Qty,Product,Net Amount,Transaction Type / Reservation Status,82536665,"Wesolowski, Margot",8,"71 TENPENNY ST FREEPORT, ME 04032",,4/27/2026,1/10/2027,1,PM | Ski | Children's Seasonal Program | 26/27 | Sunday | 7-12yrs | 10am,$719.00,Type:Sale; Status:Open,Report Total,454,"$354,797.00"
Customer IP,Customer Name,Age,Address,EMail,Sale / Order Date,Product Date,Qty,Product,Net Amount,Transaction Type / Reservation Status,83946900,"Benjamin, Clara",6,"68 Maple Ave Scarborough, ME 04074",,4/28/2026,1/10/2027,1,PM | Ski | Children's Seasonal Program | 26/27 | Sunday | 4-6yrs | 1pm,$719.00,Type:Sale; Status:Open,Report Total,454,"$354,797.00"
Customer IP,Customer Name,Age,Address,EMail,Sale / Order Date,Product Date,Qty,Product,Net Amount,Transaction Type / Reservation Status,82536664,"Wesolowski, Casimir",5,"71 TENPENNY ST FREEPORT, ME 04032",,4/28/2026,1/10/2027,1,PM | Ski | Children's Seasonal Program | 26/27 | Sunday | 4-6yrs | 1pm,$719.00,Type:Sale; Status:Open,Report Total,454,"$354,797.00"
Customer IP,Customer Name,Age,Address,EMail,Sale / Order Date,Product Date,Qty,Product,Net Amount,Transaction Type / Reservation Status,87029000,"Kerschner, Penelope",5,"258 Main St Cumberland Center, ME 04021",,4/29/2026,1/9/2027,1,PM | Ski | Children's Seasonal Program | 26/27 | Saturday | 4-6yrs | Full Day,$959.00,Type:Sale; Status:Open,Report Total,454,"$354,797.00"
Customer IP,Customer Name,Age,Address,EMail,Sale / Order Date,Product Date,Qty,Product,Net Amount,Transaction Type / Reservation Status,85581959,"Parker, Arden",6,"10 Cape View Dr Windham, ME 04062",,4/29/2026,1/9/2027,1,PM | Ski | Children's Seasonal Program | 26/27 | Saturday | 7-12yrs | Full Day,$959.00,Type:Sale; Status:Open,Report Total,454,"$354,797.00"
Customer IP,Customer Name,Age,Address,EMail,Sale / Order Date,Product Date,Qty,Product,Net Amount,Transaction Type / Reservation Status,85581958,"Parker, Riley",3,"10 Cape View Dr Windham, ME 04062",,4/29/2026,1/9/2027,1,PM | Ski | Children's Seasonal Program | 26/27 | Saturday | 4-6yrs | Full Day,$959.00,Type:Sale; Status:Open,Report Total,454,"$354,797.00"
Customer IP,Customer Name,Age,Address,EMail,Sale / Order Date,Product Date,Qty,Product,Net Amount,Transaction Type / Reservation Status,87028534,"Quinn, Ebba",5,"61 Middle Jam Rd Gorham, ME 04038",,4/29/2026,1/10/2027,1,PM | Ski | Children's Seasonal Program | 26/27 | Sunday | 4-6yrs | 1pm,$719.00,Type:Sale; Status:Open,Report Total,454,"$354,797.00"
Customer IP,Customer Name,Age,Address,EMail,Sale / Order Date,Product Date,Qty,Product,Net Amount,Transaction Type / Reservation Status,86917160,"Quinn, Leo",9,"61 Middle Jam Rd Gorham, ME 04038",,4/29/2026,1/10/2027,1,PM | Ski | Children's Seasonal Program | 26/27 | Sunday | 7-12yrs | 1pm,$719.00,Type:Sale; Status:Open,Report Total,454,"$354,797.00"
Customer IP,Customer Name,Age,Address,EMail,Sale / Order Date,Product Date,Qty,Product,Net Amount,Transaction Type / Reservation Status,86917171,"Quinn, Remy",7,"61 Middle Jam Rd Gorham, ME 04038",,4/29/2026,1/10/2027,1,PM | Ski | Children's Seasonal Program | 26/27 | Sunday | 7-12yrs | 1pm,$719.00,Type:Sale; Status:Open,Report Total,454,"$354,797.00"
Customer IP,Customer Name,Age,Address,EMail,Sale / Order Date,Product Date,Qty,Product,Net Amount,Transaction Type / Reservation Status,85744898,"Laush, Anita",7,"10 Milky Way Scarborough, ME 04074",,4/29/2026,1/9/2027,1,PM | Ski | Children's Seasonal Program | 26/27 | Saturday | 7-12yrs | Full Day,$959.00,Type:Sale; Status:Open,Report Total,454,"$354,797.00"
Customer IP,Customer Name,Age,Address,EMail,Sale / Order Date,Product Date,Qty,Product,Net Amount,Transaction Type / Reservation Status,85744900,"Laush, Poppy",5,"10 Milky Way Scarborough, ME 04074",,4/29/2026,1/9/2027,1,PM | Ski | Children's Seasonal Program | 26/27 | Saturday | 4-6yrs | Full Day,$959.00,Type:Sale; Status:Open,Report Total,454,"$354,797.00"
Customer IP,Customer Name,Age,Address,EMail,Sale / Order Date,Product Date,Qty,Product,Net Amount,Transaction Type / Reservation Status,82841666,"Keelty, Aiden",7,"59 Highland st Portland, ME 04103",,4/29/2026,1/10/2027,1,PM | Ski | Children's Seasonal Program | 26/27 | Sunday | 7-12yrs | 1pm,$719.00,Type:Sale; Status:Open,Report Total,454,"$354,797.00"
Customer IP,Customer Name,Age,Address,EMail,Sale / Order Date,Product Date,Qty,Product,Net Amount,Transaction Type / Reservation Status,83397928,"Keelty, Finn",5,"59 Highland st Portland, ME 04103",,4/29/2026,1/10/2027,1,PM | Ski | Children's Seasonal Program | 26/27 | Sunday | 4-6yrs | 1pm,$719.00,Type:Sale; Status:Open,Report Total,454,"$354,797.00"
Customer IP,Customer Name,Age,Address,EMail,Sale / Order Date,Product Date,Qty,Product,Net Amount,Transaction Type / Reservation Status,81299814,"Nichols, Frances",9,"81 Pitt St Portland, ME 04103",,4/29/2026,1/10/2027,1,PM | Ski | Children's Seasonal Program | 26/27 | Sunday | 7-12yrs | Full Day,$959.00,Type:Sale; Status:Open,Report Total,454,"$354,797.00"
Customer IP,Customer Name,Age,Address,EMail,Sale / Order Date,Product Date,Qty,Product,Net Amount,Transaction Type / Reservation Status,84395466,"Nichols, Sadie",6,"81 Pitt St Portland, ME 04103",,4/29/2026,1/10/2027,1,PM | Ski | Children's Seasonal Program | 26/27 | Sunday | 7-12yrs | 1pm,$719.00,Type:Sale; Status:Open,Report Total,454,"$354,797.00"
Customer IP,Customer Name,Age,Address,EMail,Sale / Order Date,Product Date,Qty,Product,Net Amount,Transaction Type / Reservation Status,85815790,"Richio, Nyla",2,"21 Peterson rd Westbrook, ME 04092",,4/29/2026,1/8/2027,1,PM | Ski | Children's Seasonal Program | 26/27 | 2-5yrs | Friday | Session 1,$339.00,Type:Sale; Status:Open,Report Total,454,"$354,797.00"
Customer IP,Customer Name,Age,Address,EMail,Sale / Order Date,Product Date,Qty,Product,Net Amount,Transaction Type / Reservation Status,82464770,"Cook, Penny",9,"181 Hennessy Dr Portland, ME 04103",,4/30/2026,1/10/2027,1,PM | Ski | Children's Seasonal Program | 26/27 | Sunday | 7-12yrs | Full Day,$959.00,Type:Sale; Status:Open,Report Total,454,"$354,797.00"
Customer IP,Customer Name,Age,Address,EMail,Sale / Order Date,Product Date,Qty,Product,Net Amount,Transaction Type / Reservation Status,84285756,"Roy, Alice",7,"102 Balsam Ln Yarmouth, ME 04096",,4/30/2026,1/10/2027,1,PM | Ski | Children's Seasonal Program | 26/27 | Sunday | 7-12yrs | Full Day,$959.00,Type:Sale; Status:Open,Report Total,454,"$354,797.00"
Customer IP,Customer Name,Age,Address,EMail,Sale / Order Date,Product Date,Qty,Product,Net Amount,Transaction Type / Reservation Status,81035070,"Andress, Alden",7,"271 Ledge Rd Yarmouth, ME 04096",,4/30/2026,1/10/2027,1,PM | Ski | Children's Seasonal Program | 26/27 | Sunday | 7-12yrs | 1pm,$719.00,Type:Sale; Status:Open,Report Total,454,"$354,797.00"
Customer IP,Customer Name,Age,Address,EMail,Sale / Order Date,Product Date,Qty,Product,Net Amount,Transaction Type / Reservation Status,81035009,"Andress, Malcolm",11,"271 Ledge Rd Yarmouth, ME 04096",,4/30/2026,1/10/2027,1,PM | Ski | Children's Seasonal Program | 26/27 | Sunday | 7-12yrs | 1pm,$719.00,Type:Sale; Status:Open,Report Total,454,"$354,797.00"
Customer IP,Customer Name,Age,Address,EMail,Sale / Order Date,Product Date,Qty,Product,Net Amount,Transaction Type / Reservation Status,82547338,"McDevitt, Casey",7,"7 Todd Rd Cape Elizabeth, ME 04107",,4/30/2026,1/9/2027,1,PM | Ski | Children's Seasonal Program | 26/27 | Saturday | 7-12yrs | Full Day,$959.00,Type:Sale; Status:Open,Report Total,454,"$354,797.00"
Customer IP,Customer Name,Age,Address,EMail,Sale / Order Date,Product Date,Qty,Product,Net Amount,Transaction Type / Reservation Status,80643536,"McDevitt, Eleanor",11,"7 Todd Rd Cape Elizabeth, ME 04107",,4/30/2026,1/9/2027,1,PM | Ski | Children's Seasonal Program | 26/27 | Saturday | 7-12yrs | Full Day,$959.00,Type:Sale; Status:Open,Report Total,454,"$354,797.00"
Customer IP,Customer Name,Age,Address,EMail,Sale / Order Date,Product Date,Qty,Product,Net Amount,Transaction Type / Reservation Status,87026682,"Mills, Charlotte",4,"49 Rising Tide Ln Freeport, ME 04032",,4/30/2026,1/9/2027,-1,PM | Ski | Children's Seasonal Program | 26/27 | Saturday | 4-6yrs | 10am,($719.00),Type:Return; Status:Open,Report Total,454,"$354,797.00"
Customer IP,Customer Name,Age,Address,EMail,Sale / Order Date,Product Date,Qty,Product,Net Amount,Transaction Type / Reservation Status,87026682,"Mills, Charlotte",4,"49 Rising Tide Ln Freeport, ME 04032",,4/30/2026,1/10/2027,1,PM | Ski | Children's Seasonal Program | 26/27 | Sunday | 4-6yrs | 10am,$719.00,Type:Sale; Status:Open,Report Total,454,"$354,797.00"
Customer IP,Customer Name,Age,Address,EMail,Sale / Order Date,Product Date,Qty,Product,Net Amount,Transaction Type / Reservation Status,87029570,"Siladi, Maeve",3,"287 Ludlow St PORTLAND, ME 04102",,4/30/2026,1/10/2027,1,PM | Ski | Children's Seasonal Program | 26/27 | Sunday | 4-6yrs | 1pm,$719.00,Type:Sale; Status:Open,Report Total,454,"$354,797.00"
Customer IP,Customer Name,Age,Address,EMail,Sale / Order Date,Product Date,Qty,Product,Net Amount,Transaction Type / Reservation Status,82520962,"Sly, Maya",10,"134 Oakdale Steet Portland, ME 04103",,4/30/2026,1/10/2027,1,PM | Ski | Children's Seasonal Program | 26/27 | Sunday | 7-12yrs | Full Day,$959.00,Type:Sale; Status:Open,Report Total,454,"$354,797.00"
Customer IP,Customer Name,Age,Address,EMail,Sale / Order Date,Product Date,Qty,Product,Net Amount,Transaction Type / Reservation Status,82520936,"Sly, Zetta",6,"134 Oakdale Steet Portland, ME 04103",,4/30/2026,1/10/2027,1,PM | Ski | Children's Seasonal Program | 26/27 | Sunday | 7-12yrs | 1pm,$719.00,Type:Sale; Status:Open,Report Total,454,"$354,797.00"
Customer IP,Customer Name,Age,Address,EMail,Sale / Order Date,Product Date,Qty,Product,Net Amount,Transaction Type / Reservation Status,82129259,"Chamberlin, Isabelle",9,"11 Longwood Dr Portland, ME 04102",,4/30/2026,1/10/2027,1,PM | Ski | Children's Seasonal Program | 26/27 | Sunday | 7-12yrs | 10am,$719.00,Type:Sale; Status:Open,Report Total,454,"$354,797.00"
Customer IP,Customer Name,Age,Address,EMail,Sale / Order Date,Product Date,Qty,Product,Net Amount,Transaction Type / Reservation Status,84701570,"Chamberlin, Isla",4,"11 Longwood Dr Portland, ME 04102",,4/30/2026,1/10/2027,1,PM | Ski | Children's Seasonal Program | 26/27 | Sunday | 4-6yrs | 1pm,$719.00,Type:Sale; Status:Open,Report Total,454,"$354,797.00"
Customer IP,Customer Name,Age,Address,EMail,Sale / Order Date,Product Date,Qty,Product,Net Amount,Transaction Type / Reservation Status,78000623,"Steinglass, Eliza",9,"132 Noyes St PORTLAND, ME 04103",,4/30/2026,1/10/2027,1,PM | Ski | Children's Seasonal Program | 26/27 | Sunday | 7-12yrs | 1pm,$719.00,Type:Sale; Status:Open,Report Total,454,"$354,797.00"
Customer IP,Customer Name,Age,Address,EMail,Sale / Order Date,Product Date,Qty,Product,Net Amount,Transaction Type / Reservation Status,80471362,"Steinglass, Natalie",6,"132 Noyes St PORTLAND, ME 04103",,4/30/2026,1/10/2027,1,PM | Ski | Children's Seasonal Program | 26/27 | Sunday | 7-12yrs | 1pm,$719.00,Type:Sale; Status:Open,Report Total,454,"$354,797.00"
Customer IP,Customer Name,Age,Address,EMail,Sale / Order Date,Product Date,Qty,Product,Net Amount,Transaction Type / Reservation Status,85473162,"Schwartz, Aida",6,"48 Narragansett St Gorham, ME 04038",,4/30/2026,1/9/2027,1,PM | Ski | Children's Seasonal Program | 26/27 | Saturday | 4-6yrs | 10am,$719.00,Type:Sale; Status:Open,Report Total,454,"$354,797.00"
Customer IP,Customer Name,Age,Address,EMail,Sale / Order Date,Product Date,Qty,Product,Net Amount,Transaction Type / Reservation Status,82524588,"Schwartz, Henry",8,"48 Narragansett St Gorham, ME 04038",,4/30/2026,1/9/2027,1,PM | Ski | Children's Seasonal Program | 26/27 | Saturday | 7-12yrs | 10am,$719.00,Type:Sale; Status:Open,Report Total,454,"$354,797.00"
Customer IP,Customer Name,Age,Address,EMail,Sale / Order Date,Product Date,Qty,Product,Net Amount,Transaction Type / Reservation Status,81953167,"Bouchard, Piper",8,"7 pearson drive GORHAM, ME 04038-2635",,4/30/2026,1/10/2027,1,PM | Ski | Children's Seasonal Program | 26/27 | Sunday | 7-12yrs | Full Day,$959.00,Type:Sale; Status:Open,Report Total,454,"$354,797.00"
Customer IP,Customer Name,Age,Address,EMail,Sale / Order Date,Product Date,Qty,Product,Net Amount,Transaction Type / Reservation Status,87030086,"Rose, Gemma",9,"10215 Napoleon St Fredericksburg, VA 22408",,4/30/2026,1/9/2027,1,PM | Ski | Children's Seasonal Program | 26/27 | Saturday | 7-12yrs | Full Day,$959.00,Type:Sale; Status:Open,Report Total,454,"$354,797.00"
Customer IP,Customer Name,Age,Address,EMail,Sale / Order Date,Product Date,Qty,Product,Net Amount,Transaction Type / Reservation Status,86481391,"Dougherty, Hunter",6,"23 Hedgerow Dr Cumberland Center, ME 04021",,4/30/2026,1/9/2027,1,PM | Ski | Children's Seasonal Program | 26/27 | Saturday | 4-6yrs | 10am,$719.00,Type:Sale; Status:Open,Report Total,454,"$354,797.00"
Customer IP,Customer Name,Age,Address,EMail,Sale / Order Date,Product Date,Qty,Product,Net Amount,Transaction Type / Reservation Status,84209135,"Ritchie, Leo",9,"4 Heritage Ct Cape Elizabeth, ME 04107",,4/30/2026,1/9/2027,1,PM | Ski | Children's Seasonal Program | 26/27 | Saturday | 7-12yrs | 1pm,$719.00,Type:Sale; Status:Open,Report Total,454,"$354,797.00"
Customer IP,Customer Name,Age,Address,EMail,Sale / Order Date,Product Date,Qty,Product,Net Amount,Transaction Type / Reservation Status,81753130,"Schulte, Grace",6,"18 Park Steet KENNEBUNK, ME 04043",,4/30/2026,1/9/2027,1,PM | Ski | Children's Seasonal Program | 26/27 | Saturday | 7-12yrs | 1pm,$719.00,Type:Sale; Status:Open,Report Total,454,"$354,797.00"
Customer IP,Customer Name,Age,Address,EMail,Sale / Order Date,Product Date,Qty,Product,Net Amount,Transaction Type / Reservation Status,83463804,"Davis, Samantha",4,"44 Center St Groveland, MA 01834",,5/1/2026,1/9/2027,1,PM | Ski | Children's Seasonal Program | 26/27 | Saturday | 4-6yrs | Full Day,$959.00,Type:Sale; Status:Open,Report Total,454,"$354,797.00"
Customer IP,Customer Name,Age,Address,EMail,Sale / Order Date,Product Date,Qty,Product,Net Amount,Transaction Type / Reservation Status,82598602,"Randi, Jane",5,"6 Chase St West Newbury, MA 01985",,5/1/2026,1/9/2027,1,PM | Ski | Children's Seasonal Program | 26/27 | Saturday | 4-6yrs | 10am,$779.00,Type:Sale; Status:Open,Report Total,454,"$354,797.00"
Customer IP,Customer Name,Age,Address,EMail,Sale / Order Date,Product Date,Qty,Product,Net Amount,Transaction Type / Reservation Status,80497214,"Ranta, Jackson",5,"5 Lone Pine Ln Yarmouth, ME 04096",,5/1/2026,1/9/2027,1,PM | Ski | Children's Seasonal Program | 26/27 | Saturday | 4-6yrs | Full Day,$999.00,Type:Sale; Status:Open,Report Total,454,"$354,797.00"
Customer IP,Customer Name,Age,Address,EMail,Sale / Order Date,Product Date,Qty,Product,Net Amount,Transaction Type / Reservation Status,87031203,"Estell, Quinn",4,"27 Florence St Apt 1 Portland, ME 04103",,5/2/2026,1/10/2027,1,PM | Ski | Children's Seasonal Program | 26/27 | Sunday | 4-6yrs | 1pm,$779.00,Type:Sale; Status:Open,Report Total,454,"$354,797.00"
Customer IP,Customer Name,Age,Address,EMail,Sale / Order Date,Product Date,Qty,Product,Net Amount,Transaction Type / Reservation Status,83462052,"Stanton, Lucca",8,"25 Stonybrook Rd Cape Elizabeth, ME 04107",,5/2/2026,1/10/2027,1,PM | Ski | Children's Seasonal Program | 26/27 | Sunday | 7-12yrs | 10am,$779.00,Type:Sale; Status:Open,Report Total,454,"$354,797.00"
Customer IP,Customer Name,Age,Address,EMail,Sale / Order Date,Product Date,Qty,Product,Net Amount,Transaction Type / Reservation Status,87032161,"Jordan, Natalie",7,"43 Turtle Cove Rd Raymond, ME 04071",,5/4/2026,1/10/2027,1,PM | Ski | Children's Seasonal Program | 26/27 | Sunday | 7-12yrs | 1pm,$779.00,Type:Sale; Status:Open,Report Total,454,"$354,797.00"
Customer IP,Customer Name,Age,Address,EMail,Sale / Order Date,Product Date,Qty,Product,Net Amount,Transaction Type / Reservation Status,85252942,"Halligan, Seamus",9,"41 Lockland Dr Windham, ME 04062",,5/7/2026,1/10/2027,1,PM | Ski | Children's Seasonal Program | 26/27 | Sunday | 7-12yrs | 10am,$779.00,Type:Sale; Status:Open,Report Total,454,"$354,797.00"
Customer IP,Customer Name,Age,Address,EMail,Sale / Order Date,Product Date,Qty,Product,Net Amount,Transaction Type / Reservation Status,87030032,"Waite, Isla",5,"5 Brookview Ln North Yarmouth, ME 04097",,5/12/2026,1/9/2027,1,PM | Ski | Children's Seasonal Program | 26/27 | Saturday | 4-6yrs | 10am,$779.00,Type:Sale; Status:Open,Report Total,454,"$354,797.00"
Customer IP,Customer Name,Age,Address,EMail,Sale / Order Date,Product Date,Qty,Product,Net Amount,Transaction Type / Reservation Status,83450545,"Waite, Sylvie",7,"5 Brookview Ln North Yarmouth, ME 04097",,5/12/2026,1/9/2027,1,PM | Ski | Children's Seasonal Program | 26/27 | Saturday | 7-12yrs | 10am,$779.00,Type:Sale; Status:Open,Report Total,454,"$354,797.00"
Customer IP,Customer Name,Age,Address,EMail,Sale / Order Date,Product Date,Qty,Product,Net Amount,Transaction Type / Reservation Status,83549056,"Johnston, Birdie",9,"366 Spring St Portland, ME 04102",,5/19/2026,1/9/2027,1,PM | Ski | Children's Seasonal Program | 26/27 | Saturday | 7-12yrs | Full Day,$999.00,Type:Sale; Status:Open,Report Total,454,"$354,797.00"
Customer IP,Customer Name,Age,Address,EMail,Sale / Order Date,Product Date,Qty,Product,Net Amount,Transaction Type / Reservation Status,83549057,"Johnston, Scarlett",6,"366 Spring St Portland, ME 04102",,5/19/2026,1/9/2027,1,PM | Ski | Children's Seasonal Program | 26/27 | Saturday | 4-6yrs | Full Day,$999.00,Type:Sale; Status:Open,Report Total,454,"$354,797.00"
Customer IP,Customer Name,Age,Address,EMail,Sale / Order Date,Product Date,Qty,Product,Net Amount,Transaction Type / Reservation Status,85294336,"Vogel, Rosalind",8,"8 Old Farm Ln Yarmouth, ME 04096",,5/19/2026,1/9/2027,1,PM | Ski | Children's Seasonal Program | 26/27 | Saturday | 7-12yrs | Full Day,$999.00,Type:Sale; Status:Open,Report Total,454,"$354,797.00"
Customer IP,Customer Name,Age,Address,EMail,Sale / Order Date,Product Date,Qty,Product,Net Amount,Transaction Type / Reservation Status,82942844,"Kjeldgaard, Emmy",9,"52 W Elm St YARMOUTH, ME 04096",,5/20/2026,1/10/2027,1,PM | Ski | Children's Seasonal Program | 26/27 | Sunday | 7-12yrs | Full Day,$999.00,Type:Sale; Status:Open,Report Total,454,"$354,797.00"
Customer IP,Customer Name,Age,Address,EMail,Sale / Order Date,Product Date,Qty,Product,Net Amount,Transaction Type / Reservation Status,82942845,"Kjeldgaard, Isabelle",6,"52 W Elm St YARMOUTH, ME 04096",,5/20/2026,1/10/2027,1,PM | Ski | Children's Seasonal Program | 26/27 | Sunday | 7-12yrs | Full Day,$999.00,Type:Sale; Status:Open,Report Total,454,"$354,797.00"
Customer IP,Customer Name,Age,Address,EMail,Sale / Order Date,Product Date,Qty,Product,Net Amount,Transaction Type / Reservation Status,82536664,"Wesolowski, Casimir",5,"71 TENPENNY ST FREEPORT, ME 04032",,5/20/2026,1/10/2027,-1,PM | Ski | Children's Seasonal Program | 26/27 | Sunday | 4-6yrs | 1pm,($719.00),Type:Return; Status:Open,Report Total,454,"$354,797.00"
Customer IP,Customer Name,Age,Address,EMail,Sale / Order Date,Product Date,Qty,Product,Net Amount,Transaction Type / Reservation Status,82536664,"Wesolowski, Casimir",5,"71 TENPENNY ST FREEPORT, ME 04032",,5/20/2026,1/10/2027,1,PM | Ski | Children's Seasonal Program | 26/27 | Sunday | 4-6yrs | 10am,$719.00,Type:Sale; Status:Open,Report Total,454,"$354,797.00"
Customer IP,Customer Name,Age,Address,EMail,Sale / Order Date,Product Date,Qty,Product,Net Amount,Transaction Type / Reservation Status,82422935,"Fey, Louisa",6,"15 Amherst Street Portland, ME 04103",,5/23/2026,1/10/2027,1,PM | Ski | Children's Seasonal Program | 26/27 | Sunday | 4-6yrs | 1pm,$779.00,Type:Sale; Status:Open,Report Total,454,"$354,797.00"
Customer IP,Customer Name,Age,Address,EMail,Sale / Order Date,Product Date,Qty,Product,Net Amount,Transaction Type / Reservation Status,87043167,"Haimes, Josie",7,"64 Hersey St Portland, ME 04103",,5/26/2026,1/10/2027,1,PM | Ski | Children's Seasonal Program | 26/27 | Sunday | 7-12yrs | 10am,$779.00,Type:Sale; Status:Open,Report Total,454,"$354,797.00"
Customer IP,Customer Name,Age,Address,EMail,Sale / Order Date,Product Date,Qty,Product,Net Amount,Transaction Type / Reservation Status,81991463,"Beeler, Jay",7,"4 Oakwood rd Cape Elizabeth, ME 04107",,5/27/2026,1/10/2027,1,PM | Ski | Children's Seasonal Program | 26/27 | Sunday | 7-12yrs | Full Day,$999.00,Type:Sale; Status:Open,Report Total,454,"$354,797.00"
Customer IP,Customer Name,Age,Address,EMail,Sale / Order Date,Product Date,Qty,Product,Net Amount,Transaction Type / Reservation Status,85069702,"Beeler, Lewyn",5,"4 Oakwood rd Cape Elizabeth, ME 04107",,5/27/2026,1/10/2027,1,PM | Ski | Children's Seasonal Program | 26/27 | Sunday | 4-6yrs | Full Day,$999.00,Type:Sale; Status:Open,Report Total,454,"$354,797.00"
Customer IP,Customer Name,Age,Address,EMail,Sale / Order Date,Product Date,Qty,Product,Net Amount,Transaction Type / Reservation Status,86173633,"Douglass, Guerin",6,"3 Hill St Cumberland Center, ME 04021",,5/27/2026,1/10/2027,1,PM | Ski | Children's Seasonal Program | 26/27 | Sunday | 4-6yrs | Full Day,$999.00,Type:Sale; Status:Open,Report Total,454,"$354,797.00"
Customer IP,Customer Name,Age,Address,EMail,Sale / Order Date,Product Date,Qty,Product,Net Amount,Transaction Type / Reservation Status,86173626,"Douglass, Preston",3,"3 Hill St Cumberland Center, ME 04021",,5/27/2026,1/10/2027,1,PM | Ski | Children's Seasonal Program | 26/27 | Sunday | 4-6yrs | Full Day,$999.00,Type:Sale; Status:Open,Report Total,454,"$354,797.00"
Customer IP,Customer Name,Age,Address,EMail,Sale / Order Date,Product Date,Qty,Product,Net Amount,Transaction Type / Reservation Status,86173630,"Douglass, Winnie",6,"3 Hill St Cumberland Center, ME 04021",,5/27/2026,1/10/2027,1,PM | Ski | Children's Seasonal Program | 26/27 | Sunday | 4-6yrs | Full Day,$999.00,Type:Sale; Status:Open,Report Total,454,"$354,797.00"
Customer IP,Customer Name,Age,Address,EMail,Sale / Order Date,Product Date,Qty,Product,Net Amount,Transaction Type / Reservation Status,86366625,"Filson, Maya",10,"363 Main St Cumberland Center, ME 04021",,5/27/2026,1/10/2027,1,PM | Ski | Children's Seasonal Program | 26/27 | Sunday | 7-12yrs | 10am,$779.00,Type:Sale; Status:Open,Report Total,454,"$354,797.00"
Customer IP,Customer Name,Age,Address,EMail,Sale / Order Date,Product Date,Qty,Product,Net Amount,Transaction Type / Reservation Status,86366618,"Filson, Teddy",6,"363 Main St Cumberland Center, ME 04021",,5/27/2026,1/10/2027,1,PM | Ski | Children's Seasonal Program | 26/27 | Sunday | 4-6yrs | Full Day,$999.00,Type:Sale; Status:Open,Report Total,454,"$354,797.00"
Customer IP,Customer Name,Age,Address,EMail,Sale / Order Date,Product Date,Qty,Product,Net Amount,Transaction Type / Reservation Status,81840284,"Rigby, Sloane",9,"3 Cumberland Street YARMOUTH, ME 04096",sam.d.rigby@gmail.com,5/28/2026,1/10/2027,1,PM | Ski | Children's Seasonal Program | 26/27 | Sunday | 7-12yrs | Full Day,$999.00,Type:Sale; Status:Open,Report Total,454,"$354,797.00"
Customer IP,Customer Name,Age,Address,EMail,Sale / Order Date,Product Date,Qty,Product,Net Amount,Transaction Type / Reservation Status,81840274,"Rigby, Tyson",7,"3 Cumberland Street YARMOUTH, ME 04096",,5/28/2026,1/10/2027,1,PM | Ski | Children's Seasonal Program | 26/27 | Sunday | 7-12yrs | Full Day,$999.00,Type:Sale; Status:Open,Report Total,454,"$354,797.00"
Customer IP,Customer Name,Age,Address,EMail,Sale / Order Date,Product Date,Qty,Product,Net Amount,Transaction Type / Reservation Status,84840773,"Caron, Arlo",5,"120 Ichabod Lane Ext Gorham, ME 04038",,5/28/2026,1/10/2027,1,PM | Ski | Children's Seasonal Program | 26/27 | Sunday | 4-6yrs | 1pm,$779.00,Type:Sale; Status:Open,Report Total,454,"$354,797.00"
Customer IP,Customer Name,Age,Address,EMail,Sale / Order Date,Product Date,Qty,Product,Net Amount,Transaction Type / Reservation Status,84982231,"Miller, Max",6,"61 Noyes St Portland, ME 04103",,5/30/2026,1/9/2027,1,PM | Ski | Children's Seasonal Program | 26/27 | Saturday | 4-6yrs | Full Day,$999.00,Type:Sale; Status:Open,Report Total,454,"$354,797.00"
Customer IP,Customer Name,Age,Address,EMail,Sale / Order Date,Product Date,Qty,Product,Net Amount,Transaction Type / Reservation Status,80631978,"Lewis, Benton",7,"67 Beach Dr Cumberland Foreside, ME 04110",paigediamant@gmail.com,5/30/2026,1/10/2027,1,PM | Ski | Children's Seasonal Program | 26/27 | Sunday | 7-12yrs | Full Day,$999.00,Type:Sale; Status:Open,Report Total,454,"$354,797.00"
Customer IP,Customer Name,Age,Address,EMail,Sale / Order Date,Product Date,Qty,Product,Net Amount,Transaction Type / Reservation Status,82929758,"Walkwitz, Blake",5,"72 Winding Way Yarmouth, ME 04096",,5/31/2026,1/9/2027,1,PM | Ski | Children's Seasonal Program | 26/27 | Saturday | 4-6yrs | 10am,$779.00,Type:Sale; Status:Open,Report Total,454,"$354,797.00"
Customer IP,Customer Name,Age,Address,EMail,Sale / Order Date,Product Date,Qty,Product,Net Amount,Transaction Type / Reservation Status,80966033,"Walkwitz, Cohen",9,"72 Winding Way Yarmouth, ME 04096",,5/31/2026,1/9/2027,1,PM | Ski | Children's Seasonal Program | 26/27 | Saturday | 7-12yrs | 10am,$779.00,Type:Sale; Status:Open,Report Total,454,"$354,797.00"
Customer IP,Customer Name,Age,Address,EMail,Sale / Order Date,Product Date,Qty,Product,Net Amount,Transaction Type / Reservation Status,86188971,"Tackett, Ezra",4,"565 Sligo Rd North Yarmouth, ME 04097",,5/31/2026,1/10/2027,1,PM | Ski | Children's Seasonal Program | 26/27 | Sunday | 4-6yrs | Full Day,$999.00,Type:Sale; Status:Open,Report Total,454,"$354,797.00"
Customer IP,Customer Name,Age,Address,EMail,Sale / Order Date,Product Date,Qty,Product,Net Amount,Transaction Type / Reservation Status,86188969,"Tackett, Isaiah",7,"565 Sligo Rd North Yarmouth, ME 04097",,5/31/2026,1/10/2027,1,PM | Ski | Children's Seasonal Program | 26/27 | Sunday | 7-12yrs | Full Day,$999.00,Type:Sale; Status:Open,Report Total,454,"$354,797.00"
Customer IP,Customer Name,Age,Address,EMail,Sale / Order Date,Product Date,Qty,Product,Net Amount,Transaction Type / Reservation Status,87047916,"Golden, Charlie",8,"345 Longshore St Unit 922 Daniel Island, SC 29492",,6/1/2026,1/10/2027,1,PM | Ski | Children's Seasonal Program | 26/27 | Sunday | 7-12yrs | 10am,$779.00,Type:Sale; Status:Open,Report Total,454,"$354,797.00"
Customer IP,Customer Name,Age,Address,EMail,Sale / Order Date,Product Date,Qty,Product,Net Amount,Transaction Type / Reservation Status,80571937,"Dibiase, Roman",6,"8 Flagship Ln Windham, ME 04062",,6/3/2026,1/9/2027,1,PM | Ski | Children's Seasonal Program | 26/27 | Saturday | 7-12yrs | 10am,$779.00,Type:Sale; Status:Open,Report Total,454,"$354,797.00"
Customer IP,Customer Name,Age,Address,EMail,Sale / Order Date,Product Date,Qty,Product,Net Amount,Transaction Type / Reservation Status,79413724,"Ryan, Nova",6,"67 Jefferson Rd Center Conway, NH 03813",,6/3/2026,1/10/2027,1,PM | Ski | Children's Seasonal Program | 26/27 | Sunday | 4-6yrs | Full Day,$499.50,Type:Sale; Status:Open,Report Total,454,"$354,797.00"
Customer IP,Customer Name,Age,Address,EMail,Sale / Order Date,Product Date,Qty,Product,Net Amount,Transaction Type / Reservation Status,79413720,"Ryan, Parker",8,"67 Jefferson Rd Center Conway, NH 03813",brendan.ryan@boyneresorts.com,6/3/2026,1/10/2027,1,PM | Ski | Children's Seasonal Program | 26/27 | Sunday | 7-12yrs | Full Day,$499.50,Type:Sale; Status:Open,Report Total,454,"$354,797.00"
Customer IP,Customer Name,Age,Address,EMail,Sale / Order Date,Product Date,Qty,Product,Net Amount,Transaction Type / Reservation Status,84366203,"Fey, Iris",6,"95 Bradley st Portland, ME 04102",,6/5/2026,1/10/2027,1,PM | Ski | Children's Seasonal Program | 26/27 | Sunday | 7-12yrs | 1pm,$779.00,Type:Sale; Status:Open,Report Total,454,"$354,797.00"
Customer IP,Customer Name,Age,Address,EMail,Sale / Order Date,Product Date,Qty,Product,Net Amount,Transaction Type / Reservation Status,83150578,"Andrews, Holly",7,"4 Misty Lane Cape Elizabeth, ME 04107",emandrews5@gmail.com,6/6/2026,1/9/2027,1,PM | Ski | Children's Seasonal Program | 26/27 | Saturday | 7-12yrs | Full Day,$999.00,Type:Sale; Status:Open,Report Total,454,"$354,797.00"
Customer IP,Customer Name,Age,Address,EMail,Sale / Order Date,Product Date,Qty,Product,Net Amount,Transaction Type / Reservation Status,81680055,"Laver, Finn",9,"304 Spring St Portland, ME 04102",conorlaver@gmail.com,6/7/2026,1/10/2027,1,PM | SB | Children's Seasonal Program | 26/27 | Sunday | 7-12yrs | 10am,$779.00,Type:Sale; Status:Open,Report Total,454,"$354,797.00"
Customer IP,Customer Name,Age,Address,EMail,Sale / Order Date,Product Date,Qty,Product,Net Amount,Transaction Type / Reservation Status,84704195,"Profenno, Luca",5,"689 Sawyer St South Portland, ME 04106",,6/13/2026,1/9/2027,1,PM | SB | Children's Seasonal Program | 26/27 | Saturday | 4-6yrs | 10am,$779.00,Type:Sale; Status:Open,Report Total,454,"$354,797.00"
Customer IP,Customer Name,Age,Address,EMail,Sale / Order Date,Product Date,Qty,Product,Net Amount,Transaction Type / Reservation Status,86133181,"Hunt, Emery",8,"36 Murray Dr Cape Elizabeth, ME 04107",,6/14/2026,1/10/2027,1,PM | Ski | Children's Seasonal Program | 26/27 | Sunday | 7-12yrs | 1pm,$779.00,Type:Sale; Status:Open,Report Total,454,"$354,797.00"
Customer IP,Customer Name,Age,Address,EMail,Sale / Order Date,Product Date,Qty,Product,Net Amount,Transaction Type / Reservation Status,86133182,"Hunt, Olive",6,"36 Murray Dr Cape Elizabeth, ME 04107",,6/14/2026,1/10/2027,1,PM | Ski | Children's Seasonal Program | 26/27 | Sunday | 4-6yrs | 1pm,$779.00,Type:Sale; Status:Open,Report Total,454,"$354,797.00"
Customer IP,Customer Name,Age,Address,EMail,Sale / Order Date,Product Date,Qty,Product,Net Amount,Transaction Type / Reservation Status,86644085,"Harry, Lincoln",4,"13 Juniper Ln Cape Elizabeth, ME 04107",,6/15/2026,1/9/2027,1,PM | Ski | Children's Seasonal Program | 26/27 | Saturday | 4-6yrs | 10am,$779.00,Type:Sale; Status:Open,Report Total,454,"$354,797.00"
Customer IP,Customer Name,Age,Address,EMail,Sale / Order Date,Product Date,Qty,Product,Net Amount,Transaction Type / Reservation Status,86644083,"Harry, Oliver",5,"13 Juniper Ln Cape Elizabeth, ME 04107",,6/15/2026,1/9/2027,1,PM | Ski | Children's Seasonal Program | 26/27 | Saturday | 4-6yrs | 10am,$779.00,Type:Sale; Status:Open,Report Total,454,"$354,797.00"
Customer IP,Customer Name,Age,Address,EMail,Sale / Order Date,Product Date,Qty,Product,Net Amount,Transaction Type / Reservation Status,87062066,"Naylor, Henry",3,"17 Knight St Falmouth, ME 04105",,6/19/2026,1/8/2027,1,PM | Ski | Children's Seasonal Program | 26/27 | 4-6yrs | Friday | Session 1,$389.00,Type:Sale; Status:Open,Report Total,454,"$354,797.00"
Customer IP,Customer Name,Age,Address,EMail,Sale / Order Date,Product Date,Qty,Product,Net Amount,Transaction Type / Reservation Status,87070871,"Wallace, Alexander",4,"161 Hartley St Portland, ME 04103",,6/25/2026,1/10/2027,1,PM | Ski | Children's Seasonal Program | 26/27 | Sunday | 4-6yrs | 1pm,$779.00,Type:Sale; Status:Open,Report Total,454,"$354,797.00"
Customer IP,Customer Name,Age,Address,EMail,Sale / Order Date,Product Date,Qty,Product,Net Amount,Transaction Type / Reservation Status,87070879,"Wallace, Jackson",8,"161 Hartley St Portland, ME 04103",,6/25/2026,1/10/2027,1,PM | Ski | Children's Seasonal Program | 26/27 | Sunday | 7-12yrs | 1pm,$779.00,Type:Sale; Status:Open,Report Total,454,"$354,797.00"
Customer IP,Customer Name,Age,Address,EMail,Sale / Order Date,Product Date,Qty,Product,Net Amount,Transaction Type / Reservation Status,87070873,"Wallace, Kodi",7,"161 Hartley St Portland, ME 04103",,6/25/2026,1/10/2027,1,PM | Ski | Children's Seasonal Program | 26/27 | Sunday | 7-12yrs | 1pm,$779.00,Type:Sale; Status:Open,Report Total,454,"$354,797.00"
Customer IP,Customer Name,Age,Address,EMail,Sale / Order Date,Product Date,Qty,Product,Net Amount,Transaction Type / Reservation Status,85650918,"Chapin, Ryker",3,"1 binney street Andover, MA 01810",,6/26/2026,1/8/2027,1,PM | SB | Children's Seasonal Program | 26/27 | 2-5yrs | Friday | Session 1,$389.00,Type:Sale; Status:Open,Report Total,454,"$354,797.00"
Customer IP,Customer Name,Age,Address,EMail,Sale / Order Date,Product Date,Qty,Product,Net Amount,Transaction Type / Reservation Status,85808362,"Conrad, Palmer",7,"105 Skylark Rd Portland, ME 04103",emileeconrad1@gmail.com,6/27/2026,1/9/2027,1,PM | Ski | Children's Seasonal Program | 26/27 | Saturday | 7-12yrs | 1pm,$779.00,Type:Sale; Status:Open,Report Total,454,"$354,797.00"
Customer IP,Customer Name,Age,Address,EMail,Sale / Order Date,Product Date,Qty,Product,Net Amount,Transaction Type / Reservation Status,85808363,"Conrad, Sylvie",5,"105 Skylark Rd Portland, ME 04103",,6/27/2026,1/9/2027,1,PM | Ski | Children's Seasonal Program | 26/27 | Saturday | 4-6yrs | 1pm,$779.00,Type:Sale; Status:Open,Report Total,454,"$354,797.00"
Customer IP,Customer Name,Age,Address,EMail,Sale / Order Date,Product Date,Qty,Product,Net Amount,Transaction Type / Reservation Status,84966499,"Ouellette, Clare",9,"4 Florence St South Portland, ME 04106",,6/28/2026,1/9/2027,1,PM | Ski | Children's Seasonal Program | 26/27 | Saturday | 7-12yrs | 10am,$779.00,Type:Sale; Status:Open,Report Total,454,"$354,797.00"
Customer IP,Customer Name,Age,Address,EMail,Sale / Order Date,Product Date,Qty,Product,Net Amount,Transaction Type / Reservation Status,84966504,"Ouellette, Wesley",7,"4 Florence Street South Portland, ME 04106",,6/28/2026,1/9/2027,1,PM | Ski | Children's Seasonal Program | 26/27 | Saturday | 7-12yrs | 10am,$779.00,Type:Sale; Status:Open,Report Total,454,"$354,797.00"
Customer IP,Customer Name,Age,Address,EMail,Sale / Order Date,Product Date,Qty,Product,Net Amount,Transaction Type / Reservation Status,84965221,"Dean, Isaac",6,"8 beach road Raymond, ME 04071",,7/6/2026,1/10/2027,1,PM | Ski | Children's Seasonal Program | 26/27 | Sunday | 7-12yrs | Full Day,$999.00,Type:Sale; Status:Open,Report Total,454,"$354,797.00"
Customer IP,Customer Name,Age,Address,EMail,Sale / Order Date,Product Date,Qty,Product,Net Amount,Transaction Type / Reservation Status,84889208,"Hampson, Margaret",4,"39 Aster Ln Portland, ME 04107",,7/7/2026,1/9/2027,1,PM | Ski | Children's Seasonal Program | 26/27 | Saturday | 4-6yrs | 10am,$779.00,Type:Sale; Status:Open,Report Total,454,"$354,797.00"
Customer IP,Customer Name,Age,Address,EMail,Sale / Order Date,Product Date,Qty,Product,Net Amount,Transaction Type / Reservation Status,83943001,"Hampson, Teddy",6,"39 Aster Ln Portland, ME 04107",,7/7/2026,1/9/2027,1,PM | Ski | Children's Seasonal Program | 26/27 | Saturday | 4-6yrs | 10am,$779.00,Type:Sale; Status:Open,Report Total,454,"$354,797.00"
Customer IP,Customer Name,Age,Address,EMail,Sale / Order Date,Product Date,Qty,Product,Net Amount,Transaction Type / Reservation Status,82597100,"Cote, Carter",6,"PO Box 670 Bridgton, ME 04009",,7/9/2026,1/10/2027,1,PM | SB | Children's Seasonal Program | 26/27 | Sunday | 4-6yrs | 10am,$779.00,Type:Sale; Status:Open,Report Total,454,"$354,797.00"
Customer IP,Customer Name,Age,Address,EMail,Sale / Order Date,Product Date,Qty,Product,Net Amount,Transaction Type / Reservation Status,84052080,"McDonald, Brooks",5,"8 Meadow Way Portland, ME 04107",,7/9/2026,1/9/2027,1,PM | SB | Children's Seasonal Program | 26/27 | Saturday | 4-6yrs | 10am,$779.00,Type:Sale; Status:Open,Report Total,454,"$354,797.00"
Customer IP,Customer Name,Age,Address,EMail,Sale / Order Date,Product Date,Qty,Product,Net Amount,Transaction Type / Reservation Status,87105635,"Petesch, Delphi",6,"192 Whitney Ave Portland, ME 04102",,7/11/2026,1/9/2027,1,PM | Ski | Children's Seasonal Program | 26/27 | Saturday | 4-6yrs | 1pm,$779.00,Type:Sale; Status:Open,Report Total,454,"$354,797.00"
Customer IP,Customer Name,Age,Address,EMail,Sale / Order Date,Product Date,Qty,Product,Net Amount,Transaction Type / Reservation Status,85500807,"Isabelle, Julian",6,"9 Kineo St Portland, ME 04103",,7/17/2026,1/9/2027,1,PM | Ski | Children's Seasonal Program | 26/27 | Saturday | 4-6yrs | 10am,$779.00,Type:Sale; Status:Open,Report Total,454,"$354,797.00"
Customer IP,Customer Name,Age,Address,EMail,Sale / Order Date,Product Date,Qty,Product,Net Amount,Transaction Type / Reservation Status,85071026,"Grunwald, Hayden",4,"40 Fessenden St Portland, ME 04103",,7/21/2026,1/9/2027,1,PM | Ski | Children's Seasonal Program | 26/27 | Saturday | 4-6yrs | 10am,$779.00,Type:Sale; Status:Open,Report Total,454,"$354,797.00"
Customer IP,Customer Name,Age,Address,EMail,Sale / Order Date,Product Date,Qty,Product,Net Amount,Transaction Type / Reservation Status,84867985,"Solomito, Blair",7,"16 tabby way SACO, ME 04072",,7/22/2026,1/10/2027,1,PM | SB | Children's Seasonal Program | 26/27 | Sunday | 7-12yrs | 1pm,$779.00,Type:Sale; Status:Open,Report Total,454,"$354,797.00"
Customer IP,Customer Name,Age,Address,EMail,Sale / Order Date,Product Date,Qty,Product,Net Amount,Transaction Type / Reservation Status,84867982,"Solomito, Cooper",3,"16 tabby way SACO, ME 04072",,7/22/2026,1/10/2027,1,PM | SB | Children's Seasonal Program | 26/27 | Sunday | 4-6yrs | 1pm,$779.00,Type:Sale; Status:Open,Report Total,454,"$354,797.00"
Customer IP,Customer Name,Age,Address,EMail,Sale / Order Date,Product Date,Qty,Product,Net Amount,Transaction Type / Reservation Status,81034617,"Haydock, George",9,"12 Bayview Dr Raymond, ME 04071",Heidihaydock@gmail.com,7/23/2026,1/10/2027,1,PM | Ski | Children's Seasonal Program | 26/27 | Sunday | 7-12yrs | Full Day,$999.00,Type:Sale; Status:Open,Report Total,454,"$354,797.00"
Customer IP,Customer Name,Age,Address,EMail,Sale / Order Date,Product Date,Qty,Product,Net Amount,Transaction Type / Reservation Status,83011751,"Haydock, William",5,"12 Bayview Dr Raymond, ME 04071",,7/23/2026,1/10/2027,1,PM | Ski | Children's Seasonal Program | 26/27 | Sunday | 4-6yrs | Full Day,$999.00,Type:Sale; Status:Open,Report Total,454,"$354,797.00"
Customer IP,Customer Name,Age,Address,EMail,Sale / Order Date,Product Date,Qty,Product,Net Amount,Transaction Type / Reservation Status,78283471,"Kelsen, Ari",12,"321 Sebago Lake Rd Gorham, ME 04038",,7/26/2026,1/10/2027,1,PM | Ski | Children's Seasonal Program | 26/27 | Sunday | 11-13yrs | 9am,$859.00,Type:Sale; Status:Open,Report Total,454,"$354,797.00"
Customer IP,Customer Name,Age,Address,EMail,Sale / Order Date,Product Date,Qty,Product,Net Amount,Transaction Type / Reservation Status,86170390,"Hawkes, Fiona",2,"90 Cooks Mill Rd Naples, ME 04055",,7/27/2026,1/8/2027,1,PM | SB | Children's Seasonal Program | 26/27 | 2-5yrs | Friday | Session 1,$389.00,Type:Sale; Status:Open,Report Total,454,"$354,797.00"
Customer IP,Customer Name,Age,Address,EMail,Sale / Order Date,Product Date,Qty,Product,Net Amount,Transaction Type / Reservation Status,86385038,"Hawkes, Vansen",1,"90 Cooks Mill Rd Naples, ME 04055",,7/27/2026,1/8/2027,1,PM | SB | Children's Seasonal Program | 26/27 | 2-5yrs | Friday | Session 1,$389.00,Type:Sale; Status:Open,Report Total,454,"$354,797.00"
Customer IP,Customer Name,Age,Address,EMail,Sale / Order Date,Product Date,Qty,Product,Net Amount,Transaction Type / Reservation Status,78113943,"Fellers, August",8,"28 Franklin Ter South Portland, ME 04106",,7/30/2026,1/10/2027,1,PM | Ski | Children's Seasonal Program | 26/27 | Sunday | 7-12yrs | Full Day,$999.00,Type:Sale; Status:Open,Report Total,454,"$354,797.00"
Customer IP,Customer Name,Age,Address,EMail,Sale / Order Date,Product Date,Qty,Product,Net Amount,Transaction Type / Reservation Status,80484891,"Fellers, Josephine",6,"28 Franklin Ter South Portland, ME 04106",,7/30/2026,1/10/2027,1,PM | Ski | Children's Seasonal Program | 26/27 | Sunday | 4-6yrs | Full Day,$999.00,Type:Sale; Status:Open,Report Total,454,"$354,797.00"
Customer IP,Customer Name,Age,Address,EMail,Sale / Order Date,Product Date,Qty,Product,Net Amount,Transaction Type / Reservation Status,87154074,"Fink, Alice",7,"90 Hodsdon Rd Pownal, ME 04069",,7/31/2026,1/10/2027,1,PM | Ski | Children's Seasonal Program | 26/27 | Sunday | 7-12yrs | Full Day,$999.00,Type:Sale; Status:Open,Report Total,454,"$354,797.00"
Customer IP,Customer Name,Age,Address,EMail,Sale / Order Date,Product Date,Qty,Product,Net Amount,Transaction Type / Reservation Status,83626618,"Fink, Samson",4,"90 Hodsdon Rd Pownal, ME 04069",,7/31/2026,1/10/2027,1,PM | Ski | Children's Seasonal Program | 26/27 | Sunday | 4-6yrs | Full Day,$999.00,Type:Sale; Status:Open,Report Total,454,"$354,797.00"
Customer IP,Customer Name,Age,Address,EMail,Sale / Order Date,Product Date,Qty,Product,Net Amount,Transaction Type / Reservation Status,87160246,"Brennan, Luke",4,"20 Fairview St. Portland, ME 04102",,8/2/2026,1/7/2027,1,PM | Ski | Children's Seasonal Program | 26/27 | 2-5yrs | Thursday | Session 1,$389.00,Type:Sale; Status:Open,Report Total,454,"$354,797.00"
Customer IP,Customer Name,Age,Address,EMail,Sale / Order Date,Product Date,Qty,Product,Net Amount,Transaction Type / Reservation Status,87160338,"Block, Birdie",5,"200 Sisquisic Trl Yarmouth, ME 04096",,8/2/2026,1/10/2027,1,PM | Ski | Children's Seasonal Program | 26/27 | Sunday | 4-6yrs | Full Day,$999.00,Type:Sale; Status:Open,Report Total,454,"$354,797.00"
Customer IP,Customer Name,Age,Address,EMail,Sale / Order Date,Product Date,Qty,Product,Net Amount,Transaction Type / Reservation Status,87160337,"Block, Ellis",8,"200 Sisquisic Trl Yarmouth, ME 04096",,8/2/2026,1/10/2027,1,PM | Ski | Children's Seasonal Program | 26/27 | Sunday | 7-12yrs | 10am,$779.00,Type:Sale; Status:Open,Report Total,454,"$354,797.00"
Customer IP,Customer Name,Age,Address,EMail,Sale / Order Date,Product Date,Qty,Product,Net Amount,Transaction Type / Reservation Status,86575865,"Colacchio, Davis",3,"70 Foreside Rd Cumberland Foreside, ME 04110",,8/4/2026,1/10/2027,1,PM | Ski | Children's Seasonal Program | 26/27 | Sunday | 4-6yrs | Full Day,$999.00,Type:Sale; Status:Open,Report Total,454,"$354,797.00"
Customer IP,Customer Name,Age,Address,EMail,Sale / Order Date,Product Date,Qty,Product,Net Amount,Transaction Type / Reservation Status,82082862,"Colacchio, Hazel",8,"70 Foreside Rd Cumberland Foreside, ME 04110",,8/4/2026,1/9/2027,1,PM | Ski | Children's Seasonal Program | 26/27 | Saturday | 7-12yrs | Full Day,$999.00,Type:Sale; Status:Open,Report Total,454,"$354,797.00"
Customer IP,Customer Name,Age,Address,EMail,Sale / Order Date,Product Date,Qty,Product,Net Amount,Transaction Type / Reservation Status,82082870,"Colacchio, Teddy",6,"70 Foreside Rd Cumberland Foreside, ME 04110",,8/4/2026,1/10/2027,1,PM | Ski | Children's Seasonal Program | 26/27 | Sunday | 4-6yrs | Full Day,$999.00,Type:Sale; Status:Open,Report Total,454,"$354,797.00"
Customer IP,Customer Name,Age,Address,EMail,Sale / Order Date,Product Date,Qty,Product,Net Amount,Transaction Type / Reservation Status,82929758,"Walkwitz, Blake",5,"72 Winding Way Yarmouth, ME 04096",,8/4/2026,1/9/2027,-1,PM | Ski | Children's Seasonal Program | 26/27 | Saturday | 4-6yrs | 10am,($779.00),Type:Return; Status:Open,Report Total,454,"$354,797.00"
Customer IP,Customer Name,Age,Address,EMail,Sale / Order Date,Product Date,Qty,Product,Net Amount,Transaction Type / Reservation Status,82929758,"Walkwitz, Blake",5,"72 Winding Way Yarmouth, ME 04096",,8/4/2026,1/9/2027,1,PM | Ski | Children's Seasonal Program | 26/27 | Saturday | 4-6yrs | Full Day,$999.00,Type:Sale; Status:Open,Report Total,454,"$354,797.00"
Customer IP,Customer Name,Age,Address,EMail,Sale / Order Date,Product Date,Qty,Product,Net Amount,Transaction Type / Reservation Status,86575865,"Colacchio, Davis",3,"70 Foreside Rd Cumberland Foreside, ME 04110",,8/4/2026,1/9/2027,1,PM | Ski | Children's Seasonal Program | 26/27 | Saturday | 4-6yrs | Full Day,$999.00,Type:Sale; Status:Open,Report Total,454,"$354,797.00"
Customer IP,Customer Name,Age,Address,EMail,Sale / Order Date,Product Date,Qty,Product,Net Amount,Transaction Type / Reservation Status,86575865,"Colacchio, Davis",3,"70 Foreside Rd Cumberland Foreside, ME 04110",,8/4/2026,1/10/2027,-1,PM | Ski | Children's Seasonal Program | 26/27 | Sunday | 4-6yrs | Full Day,($999.00),Type:Return; Status:Open,Report Total,454,"$354,797.00"
Customer IP,Customer Name,Age,Address,EMail,Sale / Order Date,Product Date,Qty,Product,Net Amount,Transaction Type / Reservation Status,82082870,"Colacchio, Teddy",6,"70 Foreside Rd Cumberland Foreside, ME 04110",,8/4/2026,1/9/2027,1,PM | Ski | Children's Seasonal Program | 26/27 | Saturday | 4-6yrs | Full Day,$999.00,Type:Sale; Status:Open,Report Total,454,"$354,797.00"
Customer IP,Customer Name,Age,Address,EMail,Sale / Order Date,Product Date,Qty,Product,Net Amount,Transaction Type / Reservation Status,82082870,"Colacchio, Teddy",6,"70 Foreside Rd Cumberland Foreside, ME 04110",,8/4/2026,1/10/2027,-1,PM | Ski | Children's Seasonal Program | 26/27 | Sunday | 4-6yrs | Full Day,($999.00),Type:Return; Status:Open,Report Total,454,"$354,797.00"
Customer IP,Customer Name,Age,Address,EMail,Sale / Order Date,Product Date,Qty,Product,Net Amount,Transaction Type / Reservation Status,78113943,"Fellers, August",8,"28 Franklin Ter South Portland, ME 04106",,8/4/2026,1/9/2027,1,PM | Ski | Children's Seasonal Program | 26/27 | Saturday | 7-12yrs | Full Day,$999.00,Type:Sale; Status:Open,Report Total,454,"$354,797.00"
Customer IP,Customer Name,Age,Address,EMail,Sale / Order Date,Product Date,Qty,Product,Net Amount,Transaction Type / Reservation Status,78113943,"Fellers, August",8,"28 Franklin Ter South Portland, ME 04106",,8/4/2026,1/10/2027,-1,PM | Ski | Children's Seasonal Program | 26/27 | Sunday | 7-12yrs | Full Day,($999.00),Type:Return; Status:Open,Report Total,454,"$354,797.00"
Customer IP,Customer Name,Age,Address,EMail,Sale / Order Date,Product Date,Qty,Product,Net Amount,Transaction Type / Reservation Status,80484891,"Fellers, Josephine",6,"28 Franklin Ter South Portland, ME 04106",,8/4/2026,1/10/2027,-1,PM | Ski | Children's Seasonal Program | 26/27 | Sunday | 4-6yrs | Full Day,($999.00),Type:Return; Status:Open,Report Total,454,"$354,797.00"
Customer IP,Customer Name,Age,Address,EMail,Sale / Order Date,Product Date,Qty,Product,Net Amount,Transaction Type / Reservation Status,80484891,"Fellers, Josephine",6,"28 Franklin Ter South Portland, ME 04106",,8/4/2026,1/9/2027,1,PM | Ski | Children's Seasonal Program | 26/27 | Saturday | 4-6yrs | Full Day,$999.00,Type:Sale; Status:Open,Report Total,454,"$354,797.00"
Customer IP,Customer Name,Age,Address,EMail,Sale / Order Date,Product Date,Qty,Product,Net Amount,Transaction Type / Reservation Status,87160337,"Block, Ellis",8,"200 Sisquisic Trl Yarmouth, ME 04096",,8/4/2026,1/10/2027,-1,PM | Ski | Children's Seasonal Program | 26/27 | Sunday | 7-12yrs | 10am,($779.00),Type:Return; Status:Open,Report Total,454,"$354,797.00"
Customer IP,Customer Name,Age,Address,EMail,Sale / Order Date,Product Date,Qty,Product,Net Amount,Transaction Type / Reservation Status,87160337,"Block, Ellis",8,"200 Sisquisic Trl Yarmouth, ME 04096",,8/4/2026,1/10/2027,1,PM | Ski | Children's Seasonal Program | 26/27 | Sunday | 7-12yrs | Full Day,$999.00,Type:Sale; Status:Open,Report Total,454,"$354,797.00"

